condicao_corporal,historico_taxa_prenhez,intervalo_pos_parto_dias,num_partos_anteriores,dias_desde_ultima_ins,dep_fertilidade_animal,especie,raca_femea,tipo_inseminacao,protocolo_hormonal,temperatura_ambiente_c,estacao,dep_acuracia,coeficiente_endogamia,prenha
4.0,0.6672,168,0,33,2.7,BOVINO,Nelore,IATF,IATF 7 dias,37.4,SECA,0.7,0.02,0
2.0,0.18,41,1,14,5.1,BOVINO,Simmental,IATF,Crestar,33.9,CHUVOSA,0.81,0.0094,0
3.5,0.94,92,2,99,9.2,BOVINO,Nelore,IATF,P4+EB 7 dias,25.4,CHUVOSA,0.73,0.0428,1
4.0,0.6259,157,4,94,5.5,CAPRINO,Canindé,IA_CONVENCIONAL,IA_CONVENCIONAL,39.5,CHUVOSA,0.7,0.02,1
3.0,0.6672,168,0,10,6.6,BOVINO,Tabapuã,IA_CONVENCIONAL,IA_CONVENCIONAL,22.6,CHUVOSA,0.7,0.02,1
4.0,0.6672,168,0,32,6.0,BOVINO,Tabapuã,IATF,P4+BE+PGF,36.9,SECA,0.7,0.02,1
4.0,0.6672,168,0,47,8.0,BOVINO,Brahman,IA_CONVENCIONAL,IA_CONVENCIONAL,38.7,SECA,0.7,0.02,1
3.5,0.85,122,2,179,11.9,BOVINO,Guzerá,IATF,P4+EB 7 dias,33.7,SECA,0.23,0.06,1
3.5,0.2,48,0,82,5.7,OVINO,Somalis Brasileira,IA_CONVENCIONAL,IA_CONVENCIONAL,34.5,SECA,0.51,0.1143,0
2.0,0.6259,157,0,86,5.6,CAPRINO,Toggenburg,IATF,Resynch,25.5,SECA,0.7,0.02,1
4.0,0.5726,236,4,66,3.9,OVINO,Texel,IA_CONVENCIONAL,IA_CONVENCIONAL,31.0,SECA,0.7,0.02,0
4.0,0.6672,168,0,59,8.3,BOVINO,Brahman,IATF,IATF 7 dias,20.5,SECA,0.7,0.02,0
4.5,0.63,75,2,64,7.8,BOVINO,Tabapuã,IATF,OvSynch,23.8,SECA,0.64,0.0448,1
3.0,0.84,64,5,57,6.5,BOVINO,Guzerá,IA_CONVENCIONAL,IA_CONVENCIONAL,34.1,CHUVOSA,0.91,0.0297,1
3.5,0.81,92,1,169,6.1,BOVINO,Nelore,IATF,OvSynch,23.2,SECA,0.7,0.06,1
2.0,0.06,33,4,5,8.2,BOVINO,Guzerá,IATF,P4+EB 7 dias,28.1,CHUVOSA,0.46,0.0095,0
4.0,0.6672,97,1,15,7.2,BOVINO,Guzerá,IA_CONVENCIONAL,IA_CONVENCIONAL,27.2,CHUVOSA,0.7,0.02,1
4.0,0.6672,168,0,67,6.4,BOVINO,Gir,IATF,Select Synch,21.6,CHUVOSA,0.7,0.02,1
4.0,0.6672,168,0,90,5.8,BOVINO,Sindi,IA_CONVENCIONAL,IA_CONVENCIONAL,25.0,SECA,0.7,0.02,1
3.5,0.65,95,1,45,5.7,CAPRINO,Boer,IATF,P4+EB 7 dias,31.0,SECA,0.86,0.0395,1
3.0,0.6259,157,0,55,7.5,CAPRINO,Moxotó,IA_CONVENCIONAL,IA_CONVENCIONAL,19.0,CHUVOSA,0.7,0.02,1
3.0,0.7,55,3,22,9.4,BOVINO,Nelore,IATF,OvSynch,25.7,SECA,0.42,0.06,1
3.0,0.6259,89,1,5,8.6,CAPRINO,Repartida,IATF,Sem protocolo,32.3,SECA,0.7,0.02,0
2.0,0.6672,168,0,51,6.9,BOVINO,Nelore,IATF,P4+EB,26.6,CHUVOSA,0.7,0.02,1
4.0,0.6259,68,2,27,4.4,CAPRINO,Saanen,IA_CONVENCIONAL,IA_CONVENCIONAL,38.9,SECA,0.7,0.02,1
3.0,0.33,28,3,135,5.2,OVINO,Morada Nova,IA_CONVENCIONAL,IA_CONVENCIONAL,22.4,CHUVOSA,0.62,0.2118,0
4.0,0.6259,157,0,69,7.5,CAPRINO,Toggenburg,IA_CONVENCIONAL,IA_CONVENCIONAL,26.2,CHUVOSA,0.7,0.02,0
3.0,0.76,109,4,156,6.2,CAPRINO,Anglo-nubiano,IATF,P4+EB 7 dias,27.1,CHUVOSA,0.86,0.0108,1
4.0,0.82,62,2,77,7.3,CAPRINO,Anglo-nubiano,IATF,P4+EB 7 dias,23.6,SECA,0.81,0.0502,1
3.0,0.68,69,3,144,10.9,CAPRINO,Anglo-nubiano,IA_CONVENCIONAL,IA_CONVENCIONAL,23.4,CHUVOSA,0.6,0.0161,1
2.0,0.66,30,0,2,7.4,OVINO,Suffolk,IATF,OvSynch,30.8,CHUVOSA,0.53,0.0058,0
3.0,0.6259,157,0,37,4.7,CAPRINO,Repartida,IA_CONVENCIONAL,IA_CONVENCIONAL,36.6,CHUVOSA,0.7,0.02,0
3.5,0.81,57,2,76,11.0,OVINO,Suffolk,IA_CONVENCIONAL,IA_CONVENCIONAL,28.1,SECA,0.88,0.0041,1
5.0,0.6672,168,0,19,7.5,BOVINO,Gir,IATF,GnRH+PGF2α,35.1,CHUVOSA,0.7,0.02,0
3.0,0.43,89,3,101,7.7,CAPRINO,Saanen,IA_CONVENCIONAL,IA_CONVENCIONAL,25.6,SECA,0.77,0.0042,1
3.0,0.6672,168,0,23,4.0,BOVINO,Brahman,IA_CONVENCIONAL,IA_CONVENCIONAL,25.8,SECA,0.7,0.02,1
5.0,0.6672,168,0,13,4.2,BOVINO,Brahman,IA_CONVENCIONAL,IA_CONVENCIONAL,26.0,CHUVOSA,0.7,0.02,1
3.5,0.63,76,1,80,7.6,BOVINO,Nelore,IATF,Crestar,23.3,SECA,0.74,0.06,1
3.0,0.6259,157,0,73,5.6,CAPRINO,Boer,IATF,Ovsynch,24.2,SECA,0.7,0.02,1
3.0,0.6672,84,1,22,8.5,BOVINO,Tabapuã,IA_CONVENCIONAL,IA_CONVENCIONAL,36.4,SECA,0.7,0.02,1
3.5,0.62,71,2,149,7.3,CAPRINO,Boer,IATF,P4+EB 7 dias,30.2,SECA,0.4,0.0348,1
4.0,0.47,78,3,82,7.9,BOVINO,Gir,IATF,Crestar,27.3,SECA,0.71,0.015,1
3.5,0.7,84,1,80,6.3,BOVINO,Simmental,IATF,OvSynch,24.9,SECA,0.86,0.0109,1
3.0,1.0,69,3,178,6.8,CAPRINO,Anglo-nubiano,IATF,CIDR+GnRH,23.3,CHUVOSA,0.63,0.06,1
4.0,0.6259,157,0,42,5.8,CAPRINO,Canindé,IA_CONVENCIONAL,IA_CONVENCIONAL,35.9,CHUVOSA,0.7,0.02,1
3.0,0.6672,241,4,86,5.9,BOVINO,Gir,IA_CONVENCIONAL,IA_CONVENCIONAL,27.8,SECA,0.7,0.02,1
4.0,0.6672,168,0,39,7.4,BOVINO,Nelore,IA_CONVENCIONAL,IA_CONVENCIONAL,27.7,SECA,0.7,0.02,1
3.0,0.5726,291,3,73,4.0,OVINO,Dorper,IATF,Select Synch,18.7,SECA,0.7,0.02,0
4.0,0.6672,168,0,101,7.4,BOVINO,Canchim,IA_CONVENCIONAL,IA_CONVENCIONAL,35.2,SECA,0.7,0.02,0
4.0,0.78,83,4,134,6.0,BOVINO,Gir,IA_CONVENCIONAL,IA_CONVENCIONAL,24.0,CHUVOSA,0.66,0.0496,1
4.0,0.76,75,4,152,4.3,BOVINO,Brahman,IATF,CIDR+GnRH,23.9,CHUVOSA,0.83,0.0046,1
4.0,0.29,64,4,170,3.3,OVINO,Dorper,IA_CONVENCIONAL,IA_CONVENCIONAL,35.2,SECA,0.5,0.0379,0
3.0,0.9,84,3,173,10.3,OVINO,Dorper,IATF,OvSynch,25.5,SECA,0.82,0.0217,1
5.0,0.6259,157,0,74,5.4,CAPRINO,Repartida,IA_CONVENCIONAL,IA_CONVENCIONAL,23.9,SECA,0.7,0.02,1
4.0,0.6672,225,2,113,9.4,BOVINO,Gir,IATF,Select Synch,39.1,SECA,0.7,0.02,0
2.5,0.78,107,2,133,9.5,OVINO,Somalis Brasileira,IATF,P4+EB 7 dias,26.8,SECA,0.32,0.011,1
4.0,0.61,77,3,77,6.4,OVINO,Santa Inês,IATF,CIDR+GnRH,29.9,CHUVOSA,0.94,0.0062,1
3.5,0.7,66,4,120,8.7,BOVINO,Brahman,IATF,Crestar,30.4,SECA,0.67,0.0512,1
2.0,0.5726,169,0,22,5.5,OVINO,Santa Inês,IA_CONVENCIONAL,IA_CONVENCIONAL,37.4,SECA,0.7,0.02,0
3.0,0.42,70,3,88,4.6,BOVINO,Tabapuã,IATF,Crestar,20.7,SECA,0.51,0.0166,1
4.0,0.5,61,1,39,3.3,BOVINO,Gir,IA_CONVENCIONAL,IA_CONVENCIONAL,29.4,CHUVOSA,0.84,0.0141,0
5.0,0.6672,142,1,27,8.2,BOVINO,Nelore,IATF,P4+EB,35.7,SECA,0.7,0.02,1
4.0,0.73,86,3,89,12.1,BOVINO,Nelore,IATF,OvSynch,19.2,CHUVOSA,0.71,0.0064,1
4.0,0.5726,169,0,105,3.8,OVINO,Santa Inês,IATF,P4+BE+PGF,25.8,CHUVOSA,0.7,0.02,1
4.0,0.6672,168,0,12,5.7,BOVINO,Guzerá,IA_CONVENCIONAL,IA_CONVENCIONAL,30.8,CHUVOSA,0.7,0.02,0
4.0,0.6672,168,0,78,6.5,BOVINO,Nelore,IA_CONVENCIONAL,IA_CONVENCIONAL,34.8,CHUVOSA,0.7,0.02,1
4.0,0.6672,168,0,68,6.7,BOVINO,Canchim,IATF,IATF 7 dias,29.6,CHUVOSA,0.7,0.02,1
4.0,0.5726,113,3,78,6.6,OVINO,Somalis,IA_CONVENCIONAL,IA_CONVENCIONAL,21.0,SECA,0.7,0.02,1
3.5,0.35,43,0,32,1.4,CAPRINO,Saanen,IA_CONVENCIONAL,IA_CONVENCIONAL,25.5,SECA,0.38,0.0503,0
5.0,0.5726,169,0,96,3.7,OVINO,Texel,IATF,Resynch,35.1,SECA,0.7,0.02,0
3.0,0.6672,109,5,81,6.6,BOVINO,Girolando,IATF,Ovsynch,26.2,SECA,0.7,0.02,0
4.0,0.59,105,1,19,6.1,CAPRINO,Boer,IATF,OvSynch,22.7,CHUVOSA,0.71,0.047,1
4.5,0.51,58,4,92,8.1,OVINO,Somalis Brasileira,IA_CONVENCIONAL,IA_CONVENCIONAL,29.2,SECA,0.33,0.0549,0
1.5,0.46,33,1,142,5.1,CAPRINO,Moxotó,IATF,CIDR+GnRH,23.9,CHUVOSA,0.73,0.0268,0
3.0,0.6672,168,0,39,3.5,BOVINO,Sindi,IATF,P4+BE+PGF,37.0,SECA,0.7,0.02,0
4.0,0.6672,57,2,29,8.1,BOVINO,Brahman,IATF,Resynch,20.5,CHUVOSA,0.7,0.02,1
4.0,0.6259,157,0,117,6.8,CAPRINO,Boer,IA_CONVENCIONAL,IA_CONVENCIONAL,33.6,CHUVOSA,0.7,0.02,1
3.0,0.43,31,2,9,2.5,OVINO,Morada Nova,IATF,P4+EB 7 dias,34.7,SECA,0.62,0.0295,0
4.0,0.6672,226,1,71,6.2,BOVINO,Nelore,IA_CONVENCIONAL,IA_CONVENCIONAL,27.5,CHUVOSA,0.7,0.02,1
3.0,0.6672,183,1,114,6.1,BOVINO,Girolando,IA_CONVENCIONAL,IA_CONVENCIONAL,33.6,CHUVOSA,0.7,0.02,1
3.5,0.68,60,2,144,3.8,CAPRINO,Anglo-nubiano,IATF,Crestar,26.4,SECA,0.76,0.001,1
3.0,0.73,81,2,65,5.0,BOVINO,Tabapuã,IATF,CIDR+GnRH,24.0,CHUVOSA,0.84,0.0145,1
5.0,0.42,69,1,23,2.6,CAPRINO,Saanen,IATF,CIDR+GnRH,26.6,CHUVOSA,0.7,0.06,0
5.0,0.6672,168,0,92,7.6,BOVINO,Girolando,IA_CONVENCIONAL,IA_CONVENCIONAL,25.1,SECA,0.7,0.02,1
4.0,0.5726,149,1,64,4.6,OVINO,Santa Inês,IA_CONVENCIONAL,IA_CONVENCIONAL,20.0,SECA,0.7,0.02,1
3.0,0.6672,220,2,23,9.3,BOVINO,Girolando,IA_CONVENCIONAL,IA_CONVENCIONAL,35.1,SECA,0.7,0.02,1
3.0,0.81,94,3,132,10.0,OVINO,Somalis Brasileira,IA_CONVENCIONAL,IA_CONVENCIONAL,30.1,SECA,0.68,0.0114,1
5.0,0.6672,168,0,101,4.0,BOVINO,Girolando,IA_CONVENCIONAL,IA_CONVENCIONAL,36.1,CHUVOSA,0.7,0.02,1
3.5,0.82,62,2,19,7.9,CAPRINO,Saanen,IATF,Crestar,25.3,CHUVOSA,0.55,0.0245,1
3.0,0.6672,168,0,113,9.7,BOVINO,Guzerá,IA_CONVENCIONAL,IA_CONVENCIONAL,36.1,CHUVOSA,0.7,0.02,1
3.0,0.27,77,0,9,3.1,OVINO,Somalis Brasileira,IA_CONVENCIONAL,IA_CONVENCIONAL,29.5,CHUVOSA,0.47,0.06,0
3.5,0.86,57,2,164,8.1,OVINO,Somalis Brasileira,IATF,P4+EB 7 dias,22.6,CHUVOSA,0.93,0.0169,1
2.5,0.22,39,0,101,6.3,OVINO,Morada Nova,IA_CONVENCIONAL,IA_CONVENCIONAL,39.8,CHUVOSA,0.46,0.0578,0
3.5,0.71,79,6,23,8.8,CAPRINO,Anglo-nubiano,IA_CONVENCIONAL,IA_CONVENCIONAL,23.7,SECA,0.52,0.0003,1
3.5,0.61,94,4,166,11.3,BOVINO,Nelore,IATF,P4+EB 7 dias,23.2,SECA,0.82,0.0034,1
3.0,0.6672,218,5,30,8.5,BOVINO,Canchim,IA_CONVENCIONAL,IA_CONVENCIONAL,37.8,CHUVOSA,0.7,0.02,0
4.0,0.6259,43,1,63,7.0,CAPRINO,Boer,IATF,GnRH+PGF2α,29.4,CHUVOSA,0.7,0.02,0
2.0,0.32,55,2,38,5.6,BOVINO,Gir,IATF,P4+EB 7 dias,26.0,SECA,0.45,0.0064,0
5.0,0.56,58,0,83,4.8,OVINO,Somalis Brasileira,IATF,OvSynch,29.3,CHUVOSA,0.37,0.2356,0
2.0,0.6672,168,0,89,5.3,BOVINO,Gir,IATF,Sem protocolo,25.4,CHUVOSA,0.7,0.02,1
4.0,0.6672,86,1,78,8.5,BOVINO,Brahman,IA_CONVENCIONAL,IA_CONVENCIONAL,18.7,CHUVOSA,0.7,0.02,0
1.0,0.4,78,1,8,8.3,BOVINO,Nelore,IA_CONVENCIONAL,IA_CONVENCIONAL,31.4,CHUVOSA,0.46,0.0272,0
3.0,0.81,71,1,97,8.7,BOVINO,Angus,IA_CONVENCIONAL,IA_CONVENCIONAL,25.9,SECA,0.9,0.0356,1
3.0,0.6672,168,0,113,7.3,BOVINO,Gir,IA_CONVENCIONAL,IA_CONVENCIONAL,19.1,CHUVOSA,0.7,0.02,1
4.5,0.2,17,0,46,8.1,CAPRINO,Moxotó,IATF,CIDR+GnRH,30.6,CHUVOSA,0.9,0.0044,0
5.0,0.6672,57,2,109,6.4,BOVINO,Brahman,IA_CONVENCIONAL,IA_CONVENCIONAL,22.9,SECA,0.7,0.02,1
5.0,0.6259,251,1,97,5.9,CAPRINO,Anglo Nubiana,IA_CONVENCIONAL,IA_CONVENCIONAL,31.2,SECA,0.7,0.02,1
3.0,0.7,45,3,34,7.0,OVINO,Suffolk,IA_CONVENCIONAL,IA_CONVENCIONAL,26.6,SECA,0.66,0.01,1
3.5,0.43,37,4,12,2.2,OVINO,Suffolk,IA_CONVENCIONAL,IA_CONVENCIONAL,23.4,CHUVOSA,0.67,0.06,0
3.5,0.75,85,1,67,7.3,OVINO,Dorper,IATF,CIDR+GnRH,24.5,SECA,0.78,0.0433,1
4.5,0.28,28,8,168,8.2,CAPRINO,Boer,IA_CONVENCIONAL,IA_CONVENCIONAL,28.3,CHUVOSA,0.75,0.0206,0
4.0,0.6259,194,1,52,4.4,CAPRINO,Boer,IA_CONVENCIONAL,IA_CONVENCIONAL,18.8,SECA,0.7,0.02,1
4.0,0.6672,168,0,53,8.1,BOVINO,Brahman,IATF,P4+EB,24.4,CHUVOSA,0.7,0.02,1
4.0,0.6259,157,0,24,4.9,CAPRINO,Moxotó,IA_CONVENCIONAL,IA_CONVENCIONAL,18.1,CHUVOSA,0.7,0.02,1
2.0,0.6672,88,1,80,7.0,BOVINO,Brahman,IA_CONVENCIONAL,IA_CONVENCIONAL,31.1,CHUVOSA,0.7,0.02,0
4.0,0.6672,168,0,79,6.1,BOVINO,Brahman,IA_CONVENCIONAL,IA_CONVENCIONAL,18.3,SECA,0.7,0.02,1
5.0,0.6259,131,3,38,5.2,CAPRINO,Moxotó,IATF,P4+BE+PGF,33.4,CHUVOSA,0.7,0.02,1
4.0,0.6672,168,0,34,6.5,BOVINO,Canchim,IA_CONVENCIONAL,IA_CONVENCIONAL,24.5,SECA,0.7,0.02,0
4.0,0.6672,290,1,119,6.4,BOVINO,Canchim,IATF,Cosynch,20.5,SECA,0.7,0.02,1
5.0,0.6672,224,4,92,4.9,BOVINO,Girolando,IA_CONVENCIONAL,IA_CONVENCIONAL,21.7,SECA,0.7,0.02,1
5.0,0.49,29,0,113,0.6,CAPRINO,Boer,IA_CONVENCIONAL,IA_CONVENCIONAL,25.7,CHUVOSA,0.19,0.06,0
3.0,0.5726,169,0,120,6.0,OVINO,Bergamácia,IATF,P4+BE+PGF,23.5,CHUVOSA,0.7,0.02,1
3.5,0.32,32,8,158,0.5,BOVINO,Tabapuã,IA_CONVENCIONAL,IA_CONVENCIONAL,31.6,SECA,0.44,0.0046,0
4.0,0.81,63,1,107,6.7,CAPRINO,Boer,IATF,OvSynch,29.3,CHUVOSA,0.86,0.06,1
2.0,0.45,25,7,142,4.2,BOVINO,Tabapuã,IA_CONVENCIONAL,IA_CONVENCIONAL,28.0,CHUVOSA,0.45,0.0104,0
5.0,0.6672,53,4,36,5.3,BOVINO,Canchim,IATF,Ovsynch,33.4,SECA,0.7,0.02,1
3.0,0.5726,77,1,14,5.7,OVINO,Somalis,IA_CONVENCIONAL,IA_CONVENCIONAL,28.9,SECA,0.7,0.02,0
4.0,0.6672,114,1,11,6.8,BOVINO,Gir,IA_CONVENCIONAL,IA_CONVENCIONAL,22.4,SECA,0.7,0.02,1
3.5,0.85,84,2,69,10.1,OVINO,Suffolk,IATF,Crestar,31.2,SECA,0.97,0.0346,1
4.0,0.6672,164,1,39,6.9,BOVINO,Guzerá,IATF,Resynch,31.1,CHUVOSA,0.7,0.02,1
5.0,0.5726,68,2,78,6.5,OVINO,Somalis,IA_CONVENCIONAL,IA_CONVENCIONAL,37.6,SECA,0.7,0.02,0
2.0,0.5,36,0,10,1.2,OVINO,Suffolk,IATF,CIDR+GnRH,30.9,SECA,0.75,0.06,0
3.0,0.5726,169,0,110,7.4,OVINO,Bergamácia,IA_CONVENCIONAL,IA_CONVENCIONAL,31.2,CHUVOSA,0.7,0.02,1
5.0,0.6259,258,2,105,5.5,CAPRINO,Repartida,IA_CONVENCIONAL,IA_CONVENCIONAL,19.1,CHUVOSA,0.7,0.02,1
5.0,0.6672,105,3,95,5.2,BOVINO,Tabapuã,IA_CONVENCIONAL,IA_CONVENCIONAL,31.5,SECA,0.7,0.02,1
3.0,0.72,77,4,39,6.7,OVINO,Somalis Brasileira,IATF,Crestar,19.5,CHUVOSA,0.67,0.0198,1
3.0,0.6672,234,1,63,6.4,BOVINO,Gir,IA_CONVENCIONAL,IA_CONVENCIONAL,24.0,SECA,0.7,0.02,1
4.0,0.6672,168,0,111,5.5,BOVINO,Girolando,IA_CONVENCIONAL,IA_CONVENCIONAL,20.6,CHUVOSA,0.7,0.02,1
3.0,0.5726,88,1,27,5.1,OVINO,Dorper,IA_CONVENCIONAL,IA_CONVENCIONAL,28.1,CHUVOSA,0.7,0.02,0
2.0,0.33,42,3,44,3.8,OVINO,Santa Inês,IATF,OvSynch,26.5,SECA,0.4,0.0068,0
4.0,0.75,92,1,53,4.4,CAPRINO,Boer,IATF,P4+EB 7 dias,24.0,SECA,0.65,0.06,1
4.0,0.6672,168,0,61,5.5,BOVINO,Brahman,IA_CONVENCIONAL,IA_CONVENCIONAL,23.2,CHUVOSA,0.7,0.02,1
2.5,0.38,59,0,120,5.9,CAPRINO,Boer,IA_CONVENCIONAL,IA_CONVENCIONAL,42.0,SECA,0.81,0.0359,0
2.5,0.43,50,1,78,5.3,OVINO,Suffolk,IA_CONVENCIONAL,IA_CONVENCIONAL,33.0,CHUVOSA,0.53,0.0061,0
4.0,0.6672,213,2,28,7.3,BOVINO,Girolando,IA_CONVENCIONAL,IA_CONVENCIONAL,38.5,CHUVOSA,0.7,0.02,1
4.0,0.6259,246,1,56,7.4,CAPRINO,Boer,IA_CONVENCIONAL,IA_CONVENCIONAL,39.3,CHUVOSA,0.7,0.02,0
4.0,0.7,90,4,113,5.0,OVINO,Dorper,IATF,OvSynch,25.6,CHUVOSA,0.9,0.0131,1
3.5,0.7,80,3,159,7.6,OVINO,Somalis Brasileira,IATF,OvSynch,27.8,SECA,0.75,0.0061,1
3.0,0.6672,97,3,91,4.2,BOVINO,Guzerá,IATF,Select Synch,37.3,SECA,0.7,0.02,1
4.0,0.6672,168,0,72,5.8,BOVINO,Gir,IA_CONVENCIONAL,IA_CONVENCIONAL,24.6,CHUVOSA,0.7,0.02,0
1.0,0.6672,125,3,39,9.1,BOVINO,Gir,IATF,Sem protocolo,18.6,SECA,0.7,0.02,1
4.0,0.6259,157,0,98,5.2,CAPRINO,Repartida,IATF,Ovsynch,22.3,SECA,0.7,0.02,0
3.5,0.69,124,2,71,7.4,BOVINO,Angus,IATF,CIDR+GnRH,29.3,SECA,0.95,0.0273,1
2.0,0.6259,157,0,41,4.6,CAPRINO,Boer,IATF,IATF 7 dias,26.8,SECA,0.7,0.02,0
3.5,1.0,54,2,93,8.8,CAPRINO,Moxotó,IATF,Crestar,24.6,CHUVOSA,0.86,0.0435,1
3.0,0.56,72,3,138,10.2,OVINO,Somalis Brasileira,IATF,OvSynch,27.6,CHUVOSA,0.76,0.0189,1
4.0,0.86,126,1,116,9.7,BOVINO,Gir,IA_CONVENCIONAL,IA_CONVENCIONAL,27.6,CHUVOSA,0.74,0.06,1
2.5,0.2,43,0,2,3.4,BOVINO,Nelore,IA_CONVENCIONAL,IA_CONVENCIONAL,23.3,SECA,0.49,0.06,0
3.5,0.78,74,2,105,9.3,OVINO,Suffolk,IA_CONVENCIONAL,IA_CONVENCIONAL,24.3,CHUVOSA,0.8,0.0384,1
5.0,0.6259,80,1,59,7.0,CAPRINO,Anglo Nubiana,IATF,Resynch,33.1,CHUVOSA,0.7,0.02,1
4.0,0.61,77,3,153,9.4,OVINO,Morada Nova,IATF,P4+EB 7 dias,25.9,CHUVOSA,0.49,0.0235,1
4.0,0.6672,168,0,34,5.2,BOVINO,Girolando,IA_CONVENCIONAL,IA_CONVENCIONAL,22.7,CHUVOSA,0.7,0.02,0
4.0,0.5726,169,0,71,6.1,OVINO,Texel,IATF,Cosynch,22.0,SECA,0.7,0.02,1
4.0,0.7,45,3,152,8.0,OVINO,Santa Inês,IATF,OvSynch,27.2,CHUVOSA,0.83,0.0187,1
3.0,0.6672,168,0,87,6.2,BOVINO,Gir,IA_CONVENCIONAL,IA_CONVENCIONAL,28.8,CHUVOSA,0.7,0.02,0
5.0,0.49,50,0,121,2.6,CAPRINO,Boer,IA_CONVENCIONAL,IA_CONVENCIONAL,34.3,CHUVOSA,0.61,0.06,0
1.0,0.6672,168,0,81,8.5,BOVINO,Girolando,IA_CONVENCIONAL,IA_CONVENCIONAL,20.0,CHUVOSA,0.7,0.02,1
4.0,0.76,75,1,172,9.5,CAPRINO,Boer,IATF,OvSynch,23.0,SECA,0.82,0.06,1
1.5,0.42,28,0,108,4.4,OVINO,Morada Nova,IATF,Crestar,31.2,SECA,0.68,0.06,0
2.5,0.59,92,4,137,9.6,BOVINO,Brahman,IA_CONVENCIONAL,IA_CONVENCIONAL,33.0,CHUVOSA,0.87,0.06,1
3.0,0.71,98,4,138,10.7,BOVINO,Brahman,IATF,P4+EB 7 dias,29.1,SECA,0.91,0.0187,1
2.5,0.35,51,5,65,4.1,BOVINO,Simmental,IA_CONVENCIONAL,IA_CONVENCIONAL,25.1,CHUVOSA,0.79,0.0003,0
3.5,0.62,88,1,119,4.4,OVINO,Suffolk,IATF,OvSynch,24.3,SECA,0.95,0.06,1
3.0,0.04,61,7,66,7.5,CAPRINO,Moxotó,IA_CONVENCIONAL,IA_CONVENCIONAL,32.2,SECA,0.81,0.024,0
4.0,0.6672,168,0,19,4.9,BOVINO,Gir,IA_CONVENCIONAL,IA_CONVENCIONAL,34.7,CHUVOSA,0.7,0.02,0
3.0,0.6672,252,1,87,8.0,BOVINO,Nelore,IATF,Select Synch,35.3,SECA,0.7,0.02,1
4.0,0.63,57,1,178,8.8,BOVINO,Guzerá,IA_CONVENCIONAL,IA_CONVENCIONAL,31.2,CHUVOSA,0.57,0.0254,1
2.0,0.32,60,0,50,3.7,CAPRINO,Saanen,IA_CONVENCIONAL,IA_CONVENCIONAL,31.7,SECA,0.2,0.06,0
1.0,0.5726,273,1,47,7.6,OVINO,Bergamácia,IA_CONVENCIONAL,IA_CONVENCIONAL,25.4,SECA,0.7,0.02,0
5.0,0.5726,169,0,45,3.8,OVINO,Texel,IATF,Sem protocolo,26.3,CHUVOSA,0.7,0.02,1
4.0,0.6672,230,2,25,5.8,BOVINO,Sindi,IA_CONVENCIONAL,IA_CONVENCIONAL,19.3,SECA,0.7,0.02,1
4.0,0.71,96,4,100,7.1,CAPRINO,Moxotó,IATF,CIDR+GnRH,19.2,SECA,0.88,0.0027,1
2.5,0.23,50,1,152,4.7,OVINO,Santa Inês,IATF,CIDR+GnRH,24.9,CHUVOSA,0.65,0.06,0
4.0,0.5726,169,0,113,5.9,OVINO,Somalis,IA_CONVENCIONAL,IA_CONVENCIONAL,37.3,SECA,0.7,0.02,0
4.0,0.6259,265,6,85,3.6,CAPRINO,Repartida,IA_CONVENCIONAL,IA_CONVENCIONAL,37.2,CHUVOSA,0.7,0.02,1
3.0,0.6672,110,1,83,7.0,BOVINO,Guzerá,IA_CONVENCIONAL,IA_CONVENCIONAL,32.6,CHUVOSA,0.7,0.02,1
4.0,0.5726,103,1,10,5.4,OVINO,Morada Nova,IATF,P4+BE+PGF,28.1,SECA,0.7,0.02,0
3.0,0.8,61,3,40,12.0,OVINO,Santa Inês,IATF,CIDR+GnRH,26.2,CHUVOSA,0.94,0.0569,1
4.0,0.6259,65,1,110,7.5,CAPRINO,Anglo Nubiana,IA_CONVENCIONAL,IA_CONVENCIONAL,21.1,SECA,0.7,0.02,0
3.0,0.65,82,3,44,7.7,CAPRINO,Saanen,IATF,P4+EB 7 dias,25.3,CHUVOSA,0.87,0.06,1
2.0,0.47,20,2,23,8.7,CAPRINO,Boer,IA_CONVENCIONAL,IA_CONVENCIONAL,37.7,CHUVOSA,0.7,0.0144,0
3.0,0.6672,48,6,86,6.4,BOVINO,Gir,IATF,Sem protocolo,31.8,SECA,0.7,0.02,1
4.0,0.5726,169,0,12,6.5,OVINO,Texel,IA_CONVENCIONAL,IA_CONVENCIONAL,35.2,SECA,0.7,0.02,1
5.0,0.5726,169,0,98,3.5,OVINO,Somalis,IA_CONVENCIONAL,IA_CONVENCIONAL,19.7,SECA,0.7,0.02,0
3.0,0.57,76,3,25,5.0,BOVINO,Brahman,IATF,OvSynch,34.6,SECA,0.78,0.0182,1
3.0,0.5726,203,2,16,7.4,OVINO,Somalis,IA_CONVENCIONAL,IA_CONVENCIONAL,39.4,CHUVOSA,0.7,0.02,1
4.0,0.6259,157,0,48,7.4,CAPRINO,Repartida,IA_CONVENCIONAL,IA_CONVENCIONAL,18.1,CHUVOSA,0.7,0.02,1
4.0,0.79,86,4,89,9.1,BOVINO,Simmental,IA_CONVENCIONAL,IA_CONVENCIONAL,24.6,CHUVOSA,0.77,0.06,1
4.0,0.6672,168,0,68,8.1,BOVINO,Tabapuã,IATF,Sem protocolo,26.8,SECA,0.7,0.02,0
4.5,0.34,42,1,96,8.0,OVINO,Suffolk,IA_CONVENCIONAL,IA_CONVENCIONAL,23.1,CHUVOSA,0.55,0.0226,0
1.5,0.43,57,0,57,2.0,BOVINO,Nelore,IATF,Crestar,31.2,CHUVOSA,0.55,0.0343,0
3.5,0.75,75,3,72,5.4,CAPRINO,Moxotó,IA_CONVENCIONAL,IA_CONVENCIONAL,33.6,SECA,0.79,0.0031,1
4.0,0.67,76,5,21,5.5,CAPRINO,Moxotó,IA_CONVENCIONAL,IA_CONVENCIONAL,30.3,SECA,0.76,0.0134,1
4.0,0.75,71,3,56,5.2,CAPRINO,Anglo-nubiano,IATF,CIDR+GnRH,24.6,SECA,0.93,0.0192,1
3.0,0.6672,230,2,106,7.1,BOVINO,Nelore,IATF,Ovsynch,35.5,CHUVOSA,0.7,0.02,1
5.0,0.6259,157,0,106,2.1,CAPRINO,Toggenburg,IA_CONVENCIONAL,IA_CONVENCIONAL,32.1,SECA,0.7,0.02,1
4.0,0.6672,253,1,78,4.4,BOVINO,Guzerá,IA_CONVENCIONAL,IA_CONVENCIONAL,20.4,CHUVOSA,0.7,0.02,1
4.0,0.57,64,2,37,10.5,OVINO,Suffolk,IA_CONVENCIONAL,IA_CONVENCIONAL,21.5,CHUVOSA,0.87,0.0383,1
3.0,0.08,54,0,112,9.6,BOVINO,Guzerá,IA_CONVENCIONAL,IA_CONVENCIONAL,36.0,SECA,0.6,0.0543,0
3.5,0.31,42,7,42,1.5,CAPRINO,Moxotó,IA_CONVENCIONAL,IA_CONVENCIONAL,28.5,CHUVOSA,0.7,0.06,0
1.0,0.5726,219,1,43,3.7,OVINO,Texel,IA_CONVENCIONAL,IA_CONVENCIONAL,37.1,CHUVOSA,0.7,0.02,0
2.0,0.6259,284,1,80,5.6,CAPRINO,Boer,IATF,Select Synch,27.6,CHUVOSA,0.7,0.02,0
5.0,0.6259,157,0,115,4.7,CAPRINO,Toggenburg,IA_CONVENCIONAL,IA_CONVENCIONAL,29.3,SECA,0.7,0.02,0
4.0,0.66,45,1,40,8.6,OVINO,Dorper,IATF,OvSynch,30.2,SECA,0.8,0.0016,1
3.5,0.84,88,3,65,7.8,BOVINO,Nelore,IATF,CIDR+GnRH,23.3,CHUVOSA,0.8,0.0182,1
3.0,0.49,52,4,127,3.5,BOVINO,Guzerá,IATF,P4+EB 7 dias,35.5,CHUVOSA,0.86,0.0331,0
5.0,0.6672,254,1,58,9.1,BOVINO,Sindi,IATF,P4+BE+PGF,30.2,CHUVOSA,0.7,0.02,0
5.0,0.5726,253,3,120,6.2,OVINO,Morada Nova,IA_CONVENCIONAL,IA_CONVENCIONAL,31.5,SECA,0.7,0.02,1
3.0,0.6672,250,2,10,6.3,BOVINO,Guzerá,IA_CONVENCIONAL,IA_CONVENCIONAL,37.6,CHUVOSA,0.7,0.02,0
4.0,0.87,100,3,57,10.9,CAPRINO,Anglo-nubiano,IATF,P4+EB 7 dias,20.1,CHUVOSA,0.35,0.0286,1
3.0,0.5726,157,3,23,2.1,OVINO,Dorper,IA_CONVENCIONAL,IA_CONVENCIONAL,25.3,CHUVOSA,0.7,0.02,1
4.0,0.66,97,4,52,9.5,BOVINO,Angus,IA_CONVENCIONAL,IA_CONVENCIONAL,27.5,SECA,0.89,0.0074,1
4.0,0.67,94,4,158,9.6,BOVINO,Angus,IATF,CIDR+GnRH,24.7,CHUVOSA,0.58,0.0264,1
5.0,0.45,42,4,114,5.3,BOVINO,Simmental,IA_CONVENCIONAL,IA_CONVENCIONAL,28.8,CHUVOSA,0.52,0.0282,0
5.0,0.6259,157,0,80,5.2,CAPRINO,Saanen,IA_CONVENCIONAL,IA_CONVENCIONAL,20.3,CHUVOSA,0.7,0.02,1
3.0,0.6672,168,0,94,8.5,BOVINO,Tabapuã,IATF,Sem protocolo,32.0,CHUVOSA,0.7,0.02,1
4.0,0.6672,168,0,6,6.0,BOVINO,Tabapuã,IATF,Select Synch,20.2,CHUVOSA,0.7,0.02,0
2.0,0.4,36,0,44,5.1,BOVINO,Gir,IA_CONVENCIONAL,IA_CONVENCIONAL,27.5,SECA,0.35,0.0322,0
3.0,0.6672,168,0,103,6.2,BOVINO,Sindi,IA_CONVENCIONAL,IA_CONVENCIONAL,23.4,SECA,0.7,0.02,1
3.0,0.6259,157,0,55,3.7,CAPRINO,Toggenburg,IA_CONVENCIONAL,IA_CONVENCIONAL,28.6,SECA,0.7,0.02,0
3.0,0.65,102,5,19,6.9,CAPRINO,Anglo-nubiano,IATF,Crestar,31.8,CHUVOSA,0.72,0.0317,1
4.0,0.86,72,4,18,8.8,OVINO,Morada Nova,IA_CONVENCIONAL,IA_CONVENCIONAL,28.8,CHUVOSA,0.89,0.0129,1
3.0,0.5726,169,0,94,7.3,OVINO,Texel,IATF,Sem protocolo,32.6,SECA,0.7,0.02,1
3.0,0.5726,124,3,26,8.1,OVINO,Bergamácia,IATF,Ovsynch,39.1,SECA,0.7,0.02,0
3.0,0.5726,169,0,18,3.9,OVINO,Santa Inês,IA_CONVENCIONAL,IA_CONVENCIONAL,21.6,SECA,0.7,0.02,0
4.0,0.5726,78,1,45,7.2,OVINO,Morada Nova,IA_CONVENCIONAL,IA_CONVENCIONAL,27.4,SECA,0.7,0.02,1
4.0,0.6259,157,0,118,4.6,CAPRINO,Anglo Nubiana,IA_CONVENCIONAL,IA_CONVENCIONAL,26.6,CHUVOSA,0.7,0.02,0
4.0,0.57,94,2,87,5.7,BOVINO,Nelore,IATF,CIDR+GnRH,27.9,CHUVOSA,0.79,0.0251,1
3.0,0.6672,268,4,70,6.5,BOVINO,Girolando,IATF,GnRH+PGF2α,20.7,SECA,0.7,0.02,1
4.5,0.86,64,3,156,6.3,OVINO,Suffolk,IATF,OvSynch,26.6,CHUVOSA,0.93,0.0326,1
4.0,0.6672,168,0,52,4.7,BOVINO,Guzerá,IA_CONVENCIONAL,IA_CONVENCIONAL,24.7,SECA,0.7,0.02,0
3.0,0.6672,89,1,31,3.0,BOVINO,Girolando,IA_CONVENCIONAL,IA_CONVENCIONAL,21.5,SECA,0.7,0.02,1
4.0,0.5726,169,0,88,6.2,OVINO,Santa Inês,IATF,Sem protocolo,22.6,CHUVOSA,0.7,0.02,1
3.5,0.75,115,2,134,4.9,BOVINO,Tabapuã,IATF,P4+EB 7 dias,27.0,CHUVOSA,0.96,0.015,1
3.5,0.0,48,3,103,3.0,CAPRINO,Boer,IATF,CIDR+GnRH,32.4,SECA,0.76,0.0515,0
3.5,0.63,91,4,176,8.1,CAPRINO,Boer,IA_CONVENCIONAL,IA_CONVENCIONAL,29.2,CHUVOSA,0.81,0.0042,1
2.0,0.17,23,4,48,0.5,OVINO,Dorper,IATF,CIDR+GnRH,32.8,SECA,0.75,0.06,0
3.5,0.57,111,2,46,6.2,OVINO,Morada Nova,IATF,Crestar,31.6,SECA,0.74,0.014,1
3.0,0.15,38,2,7,4.2,BOVINO,Guzerá,IA_CONVENCIONAL,IA_CONVENCIONAL,30.1,CHUVOSA,0.51,0.0157,0
4.5,0.92,88,4,139,12.1,CAPRINO,Moxotó,IATF,OvSynch,26.2,CHUVOSA,0.88,0.021,1
5.0,0.6672,168,0,32,5.1,BOVINO,Sindi,IATF,Ovsynch,27.1,SECA,0.7,0.02,1
4.0,0.7,78,2,169,7.5,BOVINO,Nelore,IATF,Crestar,18.0,CHUVOSA,0.89,0.003,1
5.0,0.5726,169,0,20,5.4,OVINO,Dorper,IA_CONVENCIONAL,IA_CONVENCIONAL,38.2,SECA,0.7,0.02,1
5.0,0.6259,157,0,109,5.2,CAPRINO,Canindé,IA_CONVENCIONAL,IA_CONVENCIONAL,28.9,SECA,0.7,0.02,0
3.0,0.5726,169,0,47,7.3,OVINO,Morada Nova,IATF,Select Synch,31.5,CHUVOSA,0.7,0.02,1
1.5,0.25,39,5,146,5.6,BOVINO,Guzerá,IA_CONVENCIONAL,IA_CONVENCIONAL,24.3,CHUVOSA,0.33,0.0085,0
4.0,0.6259,157,0,105,5.0,CAPRINO,Moxotó,IATF,P4+BE+PGF,25.1,SECA,0.7,0.02,1
2.0,0.6672,224,1,6,5.0,BOVINO,Gir,IA_CONVENCIONAL,IA_CONVENCIONAL,23.2,CHUVOSA,0.7,0.02,0
2.0,0.6259,196,1,95,6.9,CAPRINO,Boer,IA_CONVENCIONAL,IA_CONVENCIONAL,38.6,CHUVOSA,0.7,0.02,0
3.0,0.6672,168,0,54,5.8,BOVINO,Sindi,IA_CONVENCIONAL,IA_CONVENCIONAL,22.0,SECA,0.7,0.02,1
1.0,0.5726,142,3,89,3.4,OVINO,Bergamácia,IA_CONVENCIONAL,IA_CONVENCIONAL,39.9,SECA,0.7,0.02,0
4.0,0.5726,169,0,9,8.0,OVINO,Morada Nova,IA_CONVENCIONAL,IA_CONVENCIONAL,30.6,SECA,0.7,0.02,0
3.5,0.52,104,1,57,7.5,CAPRINO,Anglo-nubiano,IA_CONVENCIONAL,IA_CONVENCIONAL,30.4,SECA,0.84,0.0241,1
4.0,0.5726,277,1,67,4.3,OVINO,Dorper,IA_CONVENCIONAL,IA_CONVENCIONAL,20.5,CHUVOSA,0.7,0.02,1
3.5,0.71,80,1,161,6.1,CAPRINO,Anglo-nubiano,IATF,OvSynch,22.1,CHUVOSA,0.8,0.002,1
3.0,0.56,46,6,78,5.0,CAPRINO,Anglo-nubiano,IATF,Crestar,25.4,SECA,0.41,0.0443,1
3.5,0.73,59,3,20,6.3,OVINO,Dorper,IATF,OvSynch,28.4,SECA,0.8,0.0089,1
4.0,0.6672,168,0,28,6.2,BOVINO,Guzerá,IATF,Sem protocolo,22.2,SECA,0.7,0.02,1
3.0,0.6,88,6,134,7.3,BOVINO,Gir,IATF,P4+EB 7 dias,30.1,CHUVOSA,0.67,0.0439,1
3.0,0.5726,169,0,79,7.7,OVINO,Bergamácia,IA_CONVENCIONAL,IA_CONVENCIONAL,29.9,CHUVOSA,0.7,0.02,0
4.0,0.66,52,1,101,3.0,OVINO,Morada Nova,IA_CONVENCIONAL,IA_CONVENCIONAL,21.0,CHUVOSA,0.94,0.06,1
2.0,0.08,53,0,12,2.7,CAPRINO,Boer,IATF,Crestar,29.6,SECA,0.19,0.06,0
3.5,0.4,53,4,50,8.8,CAPRINO,Boer,IATF,Crestar,30.2,CHUVOSA,0.77,0.06,1
3.0,0.6672,168,0,75,6.8,BOVINO,Guzerá,IATF,P4+BE+PGF,28.6,CHUVOSA,0.7,0.02,1
4.0,0.77,96,1,107,5.7,CAPRINO,Moxotó,IATF,P4+EB 7 dias,25.1,CHUVOSA,0.55,0.0097,1
4.0,0.5726,160,2,116,3.8,OVINO,Morada Nova,IA_CONVENCIONAL,IA_CONVENCIONAL,29.9,SECA,0.7,0.02,0
4.0,0.7,66,2,83,5.3,CAPRINO,Moxotó,IATF,P4+EB 7 dias,28.5,SECA,0.84,0.0489,1
3.5,0.51,68,2,154,6.4,BOVINO,Brahman,IATF,OvSynch,28.1,CHUVOSA,0.76,0.0344,1
4.0,0.68,75,0,25,9.6,BOVINO,Gir,IATF,OvSynch,25.6,CHUVOSA,0.81,0.06,1
3.0,0.66,102,3,61,5.2,BOVINO,Gir,IATF,CIDR+GnRH,29.3,CHUVOSA,0.85,0.0053,1
4.0,0.6259,157,0,64,5.9,CAPRINO,Saanen,IA_CONVENCIONAL,IA_CONVENCIONAL,35.7,SECA,0.7,0.02,1
3.5,0.8,96,2,96,10.0,OVINO,Morada Nova,IATF,P4+EB 7 dias,31.1,CHUVOSA,0.63,0.0141,1
4.5,0.05,33,7,14,7.7,BOVINO,Gir,IA_CONVENCIONAL,IA_CONVENCIONAL,34.6,SECA,0.68,0.239,0
4.0,0.67,74,2,143,7.7,CAPRINO,Saanen,IA_CONVENCIONAL,IA_CONVENCIONAL,29.2,SECA,0.87,0.0194,1
5.0,0.5726,169,0,8,4.2,OVINO,Morada Nova,IA_CONVENCIONAL,IA_CONVENCIONAL,29.8,CHUVOSA,0.7,0.02,0
3.0,0.6672,168,0,113,7.0,BOVINO,Brahman,IATF,Ovsynch,18.4,CHUVOSA,0.7,0.02,1
4.0,0.6259,63,1,47,3.5,CAPRINO,Canindé,IA_CONVENCIONAL,IA_CONVENCIONAL,20.1,CHUVOSA,0.7,0.02,1
2.0,0.6672,168,0,28,7.7,BOVINO,Canchim,IATF,Select Synch,35.6,CHUVOSA,0.7,0.02,1
4.0,0.6672,63,5,26,6.3,BOVINO,Canchim,IATF,Resynch,29.2,CHUVOSA,0.7,0.02,0
4.0,0.6672,170,2,24,7.0,BOVINO,Sindi,IA_CONVENCIONAL,IA_CONVENCIONAL,35.1,CHUVOSA,0.7,0.02,1
4.0,0.6672,257,1,96,6.1,BOVINO,Brahman,IA_CONVENCIONAL,IA_CONVENCIONAL,24.7,SECA,0.7,0.02,1
3.0,0.76,80,2,156,7.8,CAPRINO,Saanen,IATF,CIDR+GnRH,24.5,SECA,0.67,0.0204,1
4.0,0.6672,237,2,101,6.9,BOVINO,Guzerá,IA_CONVENCIONAL,IA_CONVENCIONAL,23.5,CHUVOSA,0.7,0.02,1
1.0,0.5726,289,1,32,3.7,OVINO,Somalis,IA_CONVENCIONAL,IA_CONVENCIONAL,37.6,SECA,0.7,0.02,0
3.0,0.69,45,4,161,9.9,BOVINO,Tabapuã,IA_CONVENCIONAL,IA_CONVENCIONAL,18.3,SECA,0.65,0.0593,1
3.0,0.6672,168,0,92,7.9,BOVINO,Brahman,IA_CONVENCIONAL,IA_CONVENCIONAL,28.5,CHUVOSA,0.7,0.02,1
5.0,0.6259,56,1,55,7.7,CAPRINO,Toggenburg,IATF,GnRH+PGF2α,31.8,CHUVOSA,0.7,0.02,1
4.0,0.6259,147,5,66,4.6,CAPRINO,Boer,IA_CONVENCIONAL,IA_CONVENCIONAL,32.6,CHUVOSA,0.7,0.02,0
4.0,0.5726,247,1,32,6.1,OVINO,Santa Inês,IATF,Sem protocolo,31.6,CHUVOSA,0.7,0.02,1
2.0,0.6259,157,0,114,6.5,CAPRINO,Repartida,IATF,IATF 7 dias,29.4,SECA,0.7,0.02,0
3.0,0.6259,157,0,82,3.8,CAPRINO,Saanen,IA_CONVENCIONAL,IA_CONVENCIONAL,35.8,CHUVOSA,0.7,0.02,0
3.5,0.45,103,2,147,6.1,BOVINO,Simmental,IATF,CIDR+GnRH,25.6,CHUVOSA,0.86,0.0173,1
2.0,0.34,46,4,138,2.1,OVINO,Somalis Brasileira,IA_CONVENCIONAL,IA_CONVENCIONAL,27.5,CHUVOSA,0.84,0.1501,0
3.5,0.7,103,1,60,8.4,BOVINO,Gir,IATF,OvSynch,26.6,CHUVOSA,0.8,0.0226,1
2.5,0.97,53,3,38,9.7,OVINO,Suffolk,IA_CONVENCIONAL,IA_CONVENCIONAL,25.8,CHUVOSA,0.91,0.0004,1
4.0,0.6672,168,0,52,8.1,BOVINO,Guzerá,IA_CONVENCIONAL,IA_CONVENCIONAL,39.6,SECA,0.7,0.02,1
5.0,0.6672,168,0,14,6.9,BOVINO,Canchim,IA_CONVENCIONAL,IA_CONVENCIONAL,29.3,SECA,0.7,0.02,0
4.0,0.6259,157,0,80,5.3,CAPRINO,Repartida,IA_CONVENCIONAL,IA_CONVENCIONAL,21.0,SECA,0.7,0.02,0
3.5,0.8,86,0,90,6.5,CAPRINO,Moxotó,IATF,P4+EB 7 dias,24.9,CHUVOSA,0.7,0.0438,1
3.5,0.71,45,5,106,7.0,CAPRINO,Moxotó,IA_CONVENCIONAL,IA_CONVENCIONAL,26.4,CHUVOSA,0.93,0.0374,1
3.0,0.6259,277,1,41,8.0,CAPRINO,Boer,IATF,Cosynch,38.0,SECA,0.7,0.02,1
5.0,0.6672,168,0,36,8.1,BOVINO,Nelore,IA_CONVENCIONAL,IA_CONVENCIONAL,19.3,CHUVOSA,0.7,0.02,0
3.0,0.5726,89,1,61,6.2,OVINO,Texel,IATF,Sem protocolo,20.6,CHUVOSA,0.7,0.02,1
4.0,0.6672,224,4,110,5.5,BOVINO,Sindi,IA_CONVENCIONAL,IA_CONVENCIONAL,23.1,CHUVOSA,0.7,0.02,1
4.5,1.0,71,5,116,8.8,OVINO,Santa Inês,IATF,Crestar,23.5,CHUVOSA,0.85,0.0434,1
3.5,0.78,66,2,86,9.9,OVINO,Somalis Brasileira,IATF,P4+EB 7 dias,26.2,SECA,0.44,0.0316,1
4.0,0.5726,213,3,28,4.8,OVINO,Somalis,IATF,Cosynch,23.3,SECA,0.7,0.02,1
3.5,0.59,67,4,65,5.8,BOVINO,Brahman,IA_CONVENCIONAL,IA_CONVENCIONAL,26.4,CHUVOSA,0.52,0.0278,1
2.0,0.49,33,1,66,6.5,BOVINO,Tabapuã,IA_CONVENCIONAL,IA_CONVENCIONAL,29.7,SECA,0.62,0.06,0
2.5,0.42,19,5,2,6.5,BOVINO,Angus,IATF,Crestar,26.6,CHUVOSA,0.39,0.0344,0
4.0,0.6672,168,0,94,5.9,BOVINO,Nelore,IA_CONVENCIONAL,IA_CONVENCIONAL,31.0,SECA,0.7,0.02,1
3.0,0.6672,168,0,77,6.1,BOVINO,Gir,IATF,GnRH+PGF2α,19.7,SECA,0.7,0.02,1
4.0,0.6259,297,2,70,2.7,CAPRINO,Saanen,IATF,Resynch,34.2,CHUVOSA,0.7,0.02,1
4.0,0.6672,297,2,62,7.2,BOVINO,Sindi,IATF,Sem protocolo,36.2,SECA,0.7,0.02,0
3.5,0.69,76,2,107,5.5,CAPRINO,Saanen,IATF,P4+EB 7 dias,27.2,CHUVOSA,0.86,0.0083,1
3.5,0.71,75,6,49,6.0,BOVINO,Gir,IATF,CIDR+GnRH,25.9,CHUVOSA,0.72,0.0129,1
3.0,0.6672,168,0,120,6.3,BOVINO,Tabapuã,IA_CONVENCIONAL,IA_CONVENCIONAL,33.5,SECA,0.7,0.02,1
3.5,0.87,45,4,141,10.5,CAPRINO,Anglo-nubiano,IATF,Crestar,19.0,SECA,0.45,0.0071,1
2.0,0.61,44,2,151,6.4,CAPRINO,Anglo-nubiano,IATF,OvSynch,25.6,CHUVOSA,0.46,0.0567,0
3.0,0.6259,157,0,65,5.9,CAPRINO,Repartida,IATF,GnRH+PGF2α,39.7,SECA,0.7,0.02,0
5.0,0.6672,252,1,78,9.3,BOVINO,Brahman,IA_CONVENCIONAL,IA_CONVENCIONAL,29.4,CHUVOSA,0.7,0.02,1
4.0,0.6259,132,3,20,9.1,CAPRINO,Canindé,IA_CONVENCIONAL,IA_CONVENCIONAL,21.0,SECA,0.7,0.02,1
3.5,0.8,63,4,117,9.8,CAPRINO,Boer,IATF,Crestar,28.1,CHUVOSA,0.67,0.0482,1
3.0,0.76,81,0,159,7.2,BOVINO,Angus,IATF,P4+EB 7 dias,35.0,SECA,0.8,0.0021,1
4.0,0.6259,256,1,81,5.3,CAPRINO,Saanen,IATF,Cosynch,34.9,SECA,0.7,0.02,1
5.0,0.26,45,0,168,4.7,BOVINO,Guzerá,IATF,CIDR+GnRH,28.7,SECA,0.74,0.2125,0
4.5,0.26,64,8,66,1.4,CAPRINO,Saanen,IATF,P4+EB 7 dias,32.2,CHUVOSA,0.87,0.1331,0
4.0,0.5726,169,0,58,5.6,OVINO,Bergamácia,IA_CONVENCIONAL,IA_CONVENCIONAL,36.3,SECA,0.7,0.02,0
3.5,0.76,72,2,77,8.4,OVINO,Dorper,IATF,P4+EB 7 dias,26.2,CHUVOSA,0.55,0.0111,1
3.5,0.73,59,3,122,6.6,BOVINO,Simmental,IATF,P4+EB 7 dias,32.5,CHUVOSA,0.77,0.04,1
2.0,0.6259,157,0,47,6.1,CAPRINO,Canindé,IA_CONVENCIONAL,IA_CONVENCIONAL,29.2,CHUVOSA,0.7,0.02,1
5.0,0.6672,228,3,9,4.1,BOVINO,Nelore,IA_CONVENCIONAL,IA_CONVENCIONAL,33.3,CHUVOSA,0.7,0.02,1
3.5,0.34,32,0,47,1.5,OVINO,Somalis Brasileira,IATF,P4+EB 7 dias,31.9,CHUVOSA,0.38,0.0364,0
3.0,0.6672,168,0,67,5.3,BOVINO,Girolando,IATF,Select Synch,34.8,SECA,0.7,0.02,1
3.5,0.74,86,2,140,5.6,BOVINO,Angus,IATF,CIDR+GnRH,27.6,SECA,0.96,0.002,1
4.0,0.6259,167,4,45,2.6,CAPRINO,Moxotó,IA_CONVENCIONAL,IA_CONVENCIONAL,37.2,CHUVOSA,0.7,0.02,1
4.0,0.8,89,2,174,7.0,OVINO,Suffolk,IATF,Crestar,24.4,CHUVOSA,0.88,0.0352,1
5.0,0.6672,168,0,75,7.4,BOVINO,Gir,IATF,IATF 7 dias,33.7,SECA,0.7,0.02,1
4.0,0.6672,250,1,80,4.4,BOVINO,Girolando,IATF,Sem protocolo,30.3,CHUVOSA,0.7,0.02,0
4.0,0.6672,35,1,26,5.8,BOVINO,Brahman,IA_CONVENCIONAL,IA_CONVENCIONAL,25.9,CHUVOSA,0.7,0.02,1
3.5,0.7,129,2,144,9.3,BOVINO,Angus,IATF,Crestar,25.2,SECA,0.6,0.0466,1
3.0,0.6672,39,1,39,6.2,BOVINO,Tabapuã,IATF,Cosynch,30.2,SECA,0.7,0.02,1
3.0,0.8,131,3,91,6.3,BOVINO,Brahman,IATF,OvSynch,21.5,CHUVOSA,0.76,0.0093,1
3.0,0.84,64,3,74,11.0,BOVINO,Guzerá,IATF,CIDR+GnRH,24.9,CHUVOSA,0.95,0.06,1
1.0,0.6259,294,1,69,5.9,CAPRINO,Toggenburg,IA_CONVENCIONAL,IA_CONVENCIONAL,32.5,CHUVOSA,0.7,0.02,1
2.0,0.12,43,1,59,2.8,BOVINO,Brahman,IATF,CIDR+GnRH,30.0,CHUVOSA,0.9,0.0013,0
3.0,0.78,116,2,147,8.6,BOVINO,Simmental,IATF,Crestar,30.0,SECA,0.71,0.0135,1
3.0,0.33,68,4,138,4.4,CAPRINO,Anglo-nubiano,IA_CONVENCIONAL,IA_CONVENCIONAL,38.5,SECA,0.79,0.0455,0
4.0,0.76,50,2,82,8.7,CAPRINO,Anglo-nubiano,IATF,OvSynch,29.2,SECA,0.96,0.0595,1
4.0,0.67,93,0,171,8.6,OVINO,Dorper,IATF,P4+EB 7 dias,29.6,CHUVOSA,0.88,0.06,1
4.0,0.5726,239,3,52,5.0,OVINO,Somalis,IA_CONVENCIONAL,IA_CONVENCIONAL,35.7,SECA,0.7,0.02,0
4.0,0.76,85,2,92,6.7,BOVINO,Brahman,IATF,Crestar,31.1,SECA,0.99,0.0039,1
4.5,0.5,22,3,23,7.3,BOVINO,Angus,IATF,CIDR+GnRH,29.0,CHUVOSA,0.37,0.0249,0
3.0,0.6672,168,0,69,4.9,BOVINO,Nelore,IATF,Cosynch,23.9,SECA,0.7,0.02,1
3.0,0.6672,168,0,30,5.3,BOVINO,Guzerá,IATF,P4+EB,39.1,SECA,0.7,0.02,1
3.5,0.74,94,2,62,10.8,OVINO,Santa Inês,IATF,OvSynch,31.6,CHUVOSA,0.65,0.0183,1
3.0,0.82,72,2,54,10.0,OVINO,Santa Inês,IATF,OvSynch,28.2,SECA,0.92,0.0131,1
5.0,0.6672,45,2,107,5.0,BOVINO,Canchim,IATF,Sem protocolo,23.8,SECA,0.7,0.02,1
2.0,0.48,52,1,155,6.4,OVINO,Dorper,IATF,Crestar,30.2,CHUVOSA,0.75,0.0102,0
4.0,0.6672,168,0,84,5.5,BOVINO,Sindi,IATF,Ovsynch,29.8,CHUVOSA,0.7,0.02,1
4.0,0.72,79,2,110,9.1,OVINO,Santa Inês,IATF,P4+EB 7 dias,26.8,SECA,0.61,0.035,1
2.5,0.26,52,0,28,9.8,OVINO,Suffolk,IA_CONVENCIONAL,IA_CONVENCIONAL,21.7,CHUVOSA,0.22,0.06,0
3.5,0.74,65,2,167,7.9,BOVINO,Tabapuã,IATF,P4+EB 7 dias,26.1,SECA,0.63,0.06,1
4.0,0.7,90,2,124,10.4,BOVINO,Nelore,IATF,OvSynch,30.0,SECA,0.63,0.0111,1
3.0,0.5726,169,0,100,6.3,OVINO,Morada Nova,IA_CONVENCIONAL,IA_CONVENCIONAL,33.4,CHUVOSA,0.7,0.02,0
4.5,0.34,69,8,2,2.0,CAPRINO,Anglo-nubiano,IATF,CIDR+GnRH,28.8,SECA,0.81,0.0257,0
3.5,0.43,70,2,49,7.0,CAPRINO,Anglo-nubiano,IA_CONVENCIONAL,IA_CONVENCIONAL,22.4,CHUVOSA,0.9,0.06,1
4.0,0.6259,261,2,56,7.4,CAPRINO,Toggenburg,IA_CONVENCIONAL,IA_CONVENCIONAL,36.1,SECA,0.7,0.02,0
3.5,0.56,54,5,69,8.1,BOVINO,Tabapuã,IATF,OvSynch,29.4,SECA,0.71,0.0407,1
3.0,0.6672,168,0,41,7.2,BOVINO,Guzerá,IA_CONVENCIONAL,IA_CONVENCIONAL,18.6,CHUVOSA,0.7,0.02,1
3.5,0.81,64,2,20,8.8,OVINO,Morada Nova,IA_CONVENCIONAL,IA_CONVENCIONAL,21.2,CHUVOSA,0.84,0.0172,1
1.0,0.6672,168,0,107,5.6,BOVINO,Canchim,IATF,Select Synch,24.4,CHUVOSA,0.7,0.02,1
3.0,0.6672,168,0,101,4.7,BOVINO,Gir,IATF,Sem protocolo,39.8,CHUVOSA,0.7,0.02,1
4.0,0.53,78,6,163,6.4,CAPRINO,Boer,IA_CONVENCIONAL,IA_CONVENCIONAL,33.0,CHUVOSA,0.47,0.031,1
3.0,0.6672,113,2,93,5.4,BOVINO,Brahman,IA_CONVENCIONAL,IA_CONVENCIONAL,28.4,SECA,0.7,0.02,1
2.0,0.24,42,2,165,8.7,OVINO,Suffolk,IA_CONVENCIONAL,IA_CONVENCIONAL,34.4,CHUVOSA,0.36,0.036,0
3.0,0.19,40,3,159,3.5,BOVINO,Brahman,IA_CONVENCIONAL,IA_CONVENCIONAL,26.0,CHUVOSA,0.44,0.06,0
2.0,0.5726,185,2,68,5.0,OVINO,Texel,IA_CONVENCIONAL,IA_CONVENCIONAL,30.3,CHUVOSA,0.7,0.02,1
3.0,0.6672,125,2,75,6.0,BOVINO,Tabapuã,IA_CONVENCIONAL,IA_CONVENCIONAL,23.8,CHUVOSA,0.7,0.02,1
2.0,0.46,48,1,18,8.7,OVINO,Morada Nova,IATF,P4+EB 7 dias,34.6,SECA,0.52,0.06,0
4.0,0.6672,273,1,65,6.0,BOVINO,Girolando,IA_CONVENCIONAL,IA_CONVENCIONAL,37.8,SECA,0.7,0.02,1
4.0,0.6259,288,3,54,7.2,CAPRINO,Toggenburg,IATF,P4+EB,22.4,SECA,0.7,0.02,1
2.5,0.17,26,3,152,5.1,BOVINO,Gir,IATF,Crestar,31.3,SECA,0.92,0.06,0
3.0,0.08,37,3,111,2.0,CAPRINO,Moxotó,IA_CONVENCIONAL,IA_CONVENCIONAL,34.1,SECA,0.96,0.0018,0
3.5,0.62,72,2,54,5.1,OVINO,Dorper,IA_CONVENCIONAL,IA_CONVENCIONAL,26.4,SECA,0.81,0.0368,1
3.0,0.24,72,2,34,2.1,BOVINO,Brahman,IA_CONVENCIONAL,IA_CONVENCIONAL,29.3,CHUVOSA,0.66,0.0425,0
3.5,0.62,71,3,88,9.9,OVINO,Santa Inês,IATF,CIDR+GnRH,24.5,CHUVOSA,0.87,0.0073,1
3.0,0.6672,91,1,42,5.5,BOVINO,Guzerá,IATF,Select Synch,34.1,SECA,0.7,0.02,1
3.5,0.6,78,1,154,7.6,OVINO,Santa Inês,IA_CONVENCIONAL,IA_CONVENCIONAL,31.6,SECA,0.38,0.0056,1
5.0,0.6672,183,1,46,7.6,BOVINO,Guzerá,IATF,Sem protocolo,31.3,SECA,0.7,0.02,0
3.0,0.61,72,4,100,8.9,OVINO,Suffolk,IA_CONVENCIONAL,IA_CONVENCIONAL,27.6,SECA,0.6,0.026,1
5.0,0.5726,169,0,38,0.3,OVINO,Morada Nova,IA_CONVENCIONAL,IA_CONVENCIONAL,26.4,SECA,0.7,0.02,1
3.5,0.68,103,2,67,5.1,OVINO,Suffolk,IATF,OvSynch,34.4,SECA,0.83,0.0187,1
3.0,0.5726,178,2,92,7.5,OVINO,Bergamácia,IATF,Select Synch,25.6,SECA,0.7,0.02,0
4.0,0.84,105,2,134,5.8,CAPRINO,Boer,IATF,CIDR+GnRH,24.8,SECA,0.57,0.0352,1
2.0,0.5726,124,2,108,4.3,OVINO,Texel,IA_CONVENCIONAL,IA_CONVENCIONAL,24.5,CHUVOSA,0.7,0.02,1
3.0,0.7,45,3,110,8.0,BOVINO,Gir,IATF,Crestar,29.9,SECA,0.66,0.0556,1
4.0,0.6672,168,0,102,9.1,BOVINO,Sindi,IA_CONVENCIONAL,IA_CONVENCIONAL,38.7,SECA,0.7,0.02,1
4.0,0.5726,258,2,59,8.5,OVINO,Morada Nova,IATF,Resynch,33.5,SECA,0.7,0.02,1
3.0,0.6259,178,1,60,5.5,CAPRINO,Toggenburg,IATF,Select Synch,24.0,SECA,0.7,0.02,0
5.0,0.6672,168,0,96,5.2,BOVINO,Nelore,IATF,Cosynch,19.9,CHUVOSA,0.7,0.02,1
3.0,0.77,110,3,142,6.9,CAPRINO,Anglo-nubiano,IATF,OvSynch,28.9,SECA,0.48,0.0296,1
2.0,0.12,36,2,37,5.1,BOVINO,Guzerá,IA_CONVENCIONAL,IA_CONVENCIONAL,24.3,SECA,0.97,0.0059,0
4.0,0.6259,198,2,7,6.7,CAPRINO,Canindé,IATF,Sem protocolo,38.1,SECA,0.7,0.02,0
3.5,0.78,88,4,166,10.8,BOVINO,Simmental,IATF,P4+EB 7 dias,26.3,SECA,0.94,0.0146,1
2.0,0.6672,168,0,106,5.0,BOVINO,Tabapuã,IA_CONVENCIONAL,IA_CONVENCIONAL,24.6,SECA,0.7,0.02,0
3.0,0.6672,263,2,7,5.9,BOVINO,Tabapuã,IA_CONVENCIONAL,IA_CONVENCIONAL,27.0,CHUVOSA,0.7,0.02,1
4.0,0.5726,169,0,96,2.9,OVINO,Bergamácia,IA_CONVENCIONAL,IA_CONVENCIONAL,20.6,SECA,0.7,0.02,0
4.0,0.5726,169,0,87,6.3,OVINO,Morada Nova,IA_CONVENCIONAL,IA_CONVENCIONAL,24.9,CHUVOSA,0.7,0.02,0
5.0,0.38,15,2,39,7.2,BOVINO,Gir,IATF,P4+EB 7 dias,30.0,SECA,0.83,0.0182,0
4.0,0.6672,168,0,101,7.8,BOVINO,Girolando,IATF,Select Synch,21.2,CHUVOSA,0.7,0.02,1
4.0,0.78,71,0,39,11.2,BOVINO,Simmental,IATF,P4+EB 7 dias,26.3,SECA,0.54,0.0218,1
4.0,0.6672,168,0,89,5.7,BOVINO,Sindi,IA_CONVENCIONAL,IA_CONVENCIONAL,21.5,CHUVOSA,0.7,0.02,0
4.0,0.71,67,2,58,6.3,BOVINO,Simmental,IATF,Crestar,27.7,SECA,0.79,0.06,1
4.0,0.6672,168,0,13,7.3,BOVINO,Nelore,IATF,Ovsynch,27.3,CHUVOSA,0.7,0.02,1
5.0,0.6672,168,0,65,6.7,BOVINO,Tabapuã,IA_CONVENCIONAL,IA_CONVENCIONAL,30.9,SECA,0.7,0.02,0
4.0,0.6259,225,1,88,5.5,CAPRINO,Saanen,IA_CONVENCIONAL,IA_CONVENCIONAL,37.9,SECA,0.7,0.02,1
3.5,0.59,113,3,28,9.7,OVINO,Morada Nova,IATF,Crestar,27.6,CHUVOSA,0.67,0.06,1
4.0,0.6672,168,0,43,5.9,BOVINO,Canchim,IA_CONVENCIONAL,IA_CONVENCIONAL,31.8,SECA,0.7,0.02,1
1.5,0.32,43,2,32,7.9,CAPRINO,Saanen,IATF,P4+EB 7 dias,34.5,CHUVOSA,0.7,0.0203,0
3.5,0.42,43,1,19,2.8,BOVINO,Gir,IA_CONVENCIONAL,IA_CONVENCIONAL,31.4,CHUVOSA,0.6,0.032,0
5.0,0.63,61,0,163,3.7,OVINO,Suffolk,IA_CONVENCIONAL,IA_CONVENCIONAL,35.6,CHUVOSA,0.65,0.0058,0
3.5,0.84,56,3,100,8.1,OVINO,Dorper,IATF,P4+EB 7 dias,27.4,SECA,0.9,0.0064,1
4.0,0.5726,169,0,13,3.3,OVINO,Texel,IA_CONVENCIONAL,IA_CONVENCIONAL,31.2,CHUVOSA,0.7,0.02,1
1.5,0.46,55,3,116,3.2,OVINO,Morada Nova,IA_CONVENCIONAL,IA_CONVENCIONAL,31.3,CHUVOSA,0.24,0.0222,0
3.5,0.52,78,1,64,8.2,BOVINO,Simmental,IATF,P4+EB 7 dias,25.7,SECA,0.7,0.0153,1
3.0,0.59,61,2,119,10.4,BOVINO,Guzerá,IATF,CIDR+GnRH,29.4,SECA,0.69,0.0282,1
4.0,0.5726,169,0,43,8.2,OVINO,Dorper,IATF,GnRH+PGF2α,18.9,SECA,0.7,0.02,1
4.0,0.6672,152,2,65,7.0,BOVINO,Tabapuã,IA_CONVENCIONAL,IA_CONVENCIONAL,28.7,SECA,0.7,0.02,1
3.5,0.7,15,3,46,4.9,CAPRINO,Boer,IA_CONVENCIONAL,IA_CONVENCIONAL,31.7,CHUVOSA,0.61,0.0014,0
3.5,0.69,79,3,100,8.1,CAPRINO,Boer,IA_CONVENCIONAL,IA_CONVENCIONAL,29.5,SECA,0.75,0.014,1
5.0,0.6672,279,5,43,8.5,BOVINO,Canchim,IATF,P4+BE+PGF,31.6,CHUVOSA,0.7,0.02,1
3.0,0.6259,157,0,14,4.3,CAPRINO,Anglo Nubiana,IA_CONVENCIONAL,IA_CONVENCIONAL,25.5,SECA,0.7,0.02,0
3.5,0.62,59,3,163,6.9,BOVINO,Gir,IATF,CIDR+GnRH,22.3,SECA,0.41,0.06,1
5.0,0.6259,122,3,63,5.4,CAPRINO,Saanen,IATF,P4+BE+PGF,29.2,SECA,0.7,0.02,1
4.0,0.61,45,5,33,8.6,BOVINO,Nelore,IATF,P4+EB 7 dias,24.5,SECA,0.76,0.06,1
4.0,0.69,96,6,23,6.8,OVINO,Somalis Brasileira,IA_CONVENCIONAL,IA_CONVENCIONAL,26.3,SECA,0.63,0.0008,1
3.0,0.5726,245,1,52,6.5,OVINO,Texel,IA_CONVENCIONAL,IA_CONVENCIONAL,39.8,SECA,0.7,0.02,1
4.0,0.6259,197,4,63,6.3,CAPRINO,Moxotó,IA_CONVENCIONAL,IA_CONVENCIONAL,33.3,SECA,0.7,0.02,1
3.0,0.6672,273,1,32,6.8,BOVINO,Tabapuã,IA_CONVENCIONAL,IA_CONVENCIONAL,27.8,SECA,0.7,0.02,0
4.5,0.47,50,2,153,6.2,BOVINO,Gir,IA_CONVENCIONAL,IA_CONVENCIONAL,31.9,SECA,0.45,0.1955,0
4.0,0.5726,169,0,12,4.7,OVINO,Bergamácia,IATF,Sem protocolo,19.7,SECA,0.7,0.02,1
3.0,0.68,80,2,98,8.3,BOVINO,Gir,IATF,Crestar,29.3,CHUVOSA,0.94,0.0177,1
4.0,0.79,93,4,54,6.0,BOVINO,Angus,IA_CONVENCIONAL,IA_CONVENCIONAL,28.2,CHUVOSA,0.75,0.0192,1
4.0,0.5726,169,0,83,9.2,OVINO,Dorper,IATF,GnRH+PGF2α,31.0,SECA,0.7,0.02,1
2.5,0.24,53,0,138,6.6,CAPRINO,Saanen,IA_CONVENCIONAL,IA_CONVENCIONAL,34.6,SECA,0.75,0.06,0
4.0,0.76,47,1,42,11.8,BOVINO,Nelore,IATF,P4+EB 7 dias,26.5,SECA,0.94,0.0544,1
4.0,0.6672,159,2,24,6.3,BOVINO,Girolando,IATF,Ovsynch,25.6,SECA,0.7,0.02,0
4.0,0.65,52,3,26,8.7,OVINO,Suffolk,IATF,CIDR+GnRH,30.1,SECA,0.72,0.06,1
4.5,0.55,71,4,66,8.4,BOVINO,Brahman,IA_CONVENCIONAL,IA_CONVENCIONAL,26.4,CHUVOSA,0.45,0.0116,1
4.0,0.6672,144,1,72,2.9,BOVINO,Guzerá,IA_CONVENCIONAL,IA_CONVENCIONAL,22.2,CHUVOSA,0.7,0.02,1
4.0,0.6672,121,2,81,6.1,BOVINO,Gir,IA_CONVENCIONAL,IA_CONVENCIONAL,25.0,CHUVOSA,0.7,0.02,1
3.5,0.57,51,3,72,7.4,CAPRINO,Anglo-nubiano,IATF,Crestar,31.5,SECA,0.89,0.03,1
5.0,0.5726,169,0,41,6.4,OVINO,Dorper,IATF,IATF 7 dias,31.2,SECA,0.7,0.02,1
3.5,0.76,96,4,109,8.2,BOVINO,Simmental,IATF,P4+EB 7 dias,24.8,CHUVOSA,0.72,0.06,1
5.0,0.6672,168,0,115,8.6,BOVINO,Nelore,IATF,Resynch,26.7,CHUVOSA,0.7,0.02,0
2.0,0.6672,223,1,98,8.3,BOVINO,Brahman,IA_CONVENCIONAL,IA_CONVENCIONAL,18.6,CHUVOSA,0.7,0.02,1
1.5,0.07,36,0,20,2.8,BOVINO,Nelore,IA_CONVENCIONAL,IA_CONVENCIONAL,36.0,SECA,0.54,0.0033,0
4.0,0.5726,155,3,46,3.8,OVINO,Somalis,IA_CONVENCIONAL,IA_CONVENCIONAL,30.6,CHUVOSA,0.7,0.02,1
3.0,0.6672,168,0,89,9.7,BOVINO,Canchim,IATF,GnRH+PGF2α,30.5,SECA,0.7,0.02,0
5.0,0.6259,262,1,113,7.8,CAPRINO,Anglo Nubiana,IATF,Select Synch,39.2,SECA,0.7,0.02,1
1.5,0.38,35,1,8,7.2,BOVINO,Nelore,IA_CONVENCIONAL,IA_CONVENCIONAL,38.9,SECA,0.74,0.0075,0
4.0,0.6672,284,1,55,5.2,BOVINO,Nelore,IATF,Cosynch,35.2,CHUVOSA,0.7,0.02,1
4.0,0.5726,233,2,28,5.6,OVINO,Dorper,IA_CONVENCIONAL,IA_CONVENCIONAL,24.4,CHUVOSA,0.7,0.02,1
2.5,0.64,55,5,76,5.5,CAPRINO,Moxotó,IA_CONVENCIONAL,IA_CONVENCIONAL,25.3,CHUVOSA,0.83,0.06,0
3.0,0.5726,169,0,12,5.1,OVINO,Dorper,IA_CONVENCIONAL,IA_CONVENCIONAL,18.7,CHUVOSA,0.7,0.02,1
3.5,0.71,45,3,79,8.7,BOVINO,Guzerá,IATF,P4+EB 7 dias,25.6,SECA,0.85,0.0466,1
4.0,0.6259,157,0,35,2.8,CAPRINO,Anglo Nubiana,IA_CONVENCIONAL,IA_CONVENCIONAL,29.4,SECA,0.7,0.02,1
3.5,0.56,45,6,91,7.0,CAPRINO,Anglo-nubiano,IATF,Crestar,23.0,CHUVOSA,0.31,0.0351,1
1.5,0.32,47,0,65,6.1,BOVINO,Gir,IA_CONVENCIONAL,IA_CONVENCIONAL,35.0,SECA,0.73,0.06,0
5.0,0.5726,147,2,95,5.7,OVINO,Somalis,IATF,Resynch,31.0,CHUVOSA,0.7,0.02,1
3.0,0.13,27,1,11,6.3,OVINO,Suffolk,IATF,P4+EB 7 dias,32.8,CHUVOSA,0.69,0.0314,0
4.0,0.5726,242,3,113,6.3,OVINO,Santa Inês,IATF,Select Synch,28.9,CHUVOSA,0.7,0.02,1
2.0,0.6672,239,3,33,7.1,BOVINO,Brahman,IATF,Cosynch,30.6,SECA,0.7,0.02,1
2.0,0.33,51,2,10,4.6,CAPRINO,Anglo-nubiano,IA_CONVENCIONAL,IA_CONVENCIONAL,33.5,SECA,0.38,0.1984,0
5.0,0.33,15,2,66,1.6,BOVINO,Gir,IATF,CIDR+GnRH,27.3,CHUVOSA,0.56,0.06,0
3.5,0.62,94,2,109,9.7,BOVINO,Tabapuã,IATF,CIDR+GnRH,30.9,SECA,0.47,0.0328,1
3.0,0.5726,169,0,102,6.5,OVINO,Texel,IA_CONVENCIONAL,IA_CONVENCIONAL,33.0,CHUVOSA,0.7,0.02,1
1.5,0.35,37,4,23,3.9,BOVINO,Tabapuã,IA_CONVENCIONAL,IA_CONVENCIONAL,24.3,CHUVOSA,0.67,0.0153,0
3.0,0.74,45,3,57,8.4,BOVINO,Simmental,IATF,OvSynch,25.9,CHUVOSA,0.9,0.0399,1
2.0,0.6672,168,0,87,7.2,BOVINO,Brahman,IA_CONVENCIONAL,IA_CONVENCIONAL,32.5,CHUVOSA,0.7,0.02,0
3.0,0.5726,169,0,17,6.8,OVINO,Somalis,IATF,Sem protocolo,30.3,SECA,0.7,0.02,1
5.0,0.6672,154,2,43,5.7,BOVINO,Gir,IA_CONVENCIONAL,IA_CONVENCIONAL,19.7,SECA,0.7,0.02,0
5.0,0.6259,259,5,18,5.3,CAPRINO,Repartida,IA_CONVENCIONAL,IA_CONVENCIONAL,25.4,CHUVOSA,0.7,0.02,1
4.0,0.6259,157,0,57,4.6,CAPRINO,Repartida,IA_CONVENCIONAL,IA_CONVENCIONAL,31.7,SECA,0.7,0.02,1
4.0,0.17,52,1,163,3.3,OVINO,Santa Inês,IATF,OvSynch,37.7,SECA,0.61,0.06,0
3.0,0.6672,214,2,58,6.7,BOVINO,Canchim,IA_CONVENCIONAL,IA_CONVENCIONAL,32.0,SECA,0.7,0.02,1
2.0,0.58,51,2,90,2.4,CAPRINO,Saanen,IATF,OvSynch,22.3,CHUVOSA,0.48,0.06,0
3.5,0.27,27,5,75,6.7,OVINO,Dorper,IA_CONVENCIONAL,IA_CONVENCIONAL,21.8,CHUVOSA,0.1,0.06,0
4.0,0.6259,256,4,94,5.7,CAPRINO,Boer,IA_CONVENCIONAL,IA_CONVENCIONAL,25.6,CHUVOSA,0.7,0.02,1
5.0,0.6672,168,0,59,6.5,BOVINO,Nelore,IATF,GnRH+PGF2α,25.6,SECA,0.7,0.02,1
2.0,0.41,36,0,96,6.1,BOVINO,Tabapuã,IATF,CIDR+GnRH,22.7,SECA,0.24,0.0016,0
3.5,0.91,83,2,58,10.0,BOVINO,Brahman,IA_CONVENCIONAL,IA_CONVENCIONAL,24.7,SECA,0.66,0.0113,1
3.0,0.5726,259,1,105,4.1,OVINO,Somalis,IA_CONVENCIONAL,IA_CONVENCIONAL,38.4,SECA,0.7,0.02,1
4.0,0.5726,169,0,97,4.9,OVINO,Texel,IA_CONVENCIONAL,IA_CONVENCIONAL,38.3,SECA,0.7,0.02,0
3.0,0.5726,169,0,97,4.0,OVINO,Morada Nova,IA_CONVENCIONAL,IA_CONVENCIONAL,39.2,CHUVOSA,0.7,0.02,0
3.0,0.6672,168,0,8,5.4,BOVINO,Tabapuã,IATF,IATF 7 dias,23.1,SECA,0.7,0.02,1
3.0,0.74,91,3,174,3.6,OVINO,Somalis Brasileira,IA_CONVENCIONAL,IA_CONVENCIONAL,24.9,SECA,0.91,0.0392,1
3.0,0.43,84,1,117,9.4,BOVINO,Brahman,IATF,CIDR+GnRH,24.2,SECA,0.64,0.0149,1
3.0,0.71,116,2,46,7.8,OVINO,Somalis Brasileira,IATF,P4+EB 7 dias,24.7,SECA,0.94,0.0377,1
3.0,0.22,47,3,170,2.2,OVINO,Morada Nova,IA_CONVENCIONAL,IA_CONVENCIONAL,34.1,CHUVOSA,0.7,0.0464,0
3.0,0.5726,250,2,110,7.8,OVINO,Somalis,IATF,Sem protocolo,34.0,SECA,0.7,0.02,1
4.0,0.57,76,2,137,8.1,OVINO,Santa Inês,IATF,CIDR+GnRH,26.8,CHUVOSA,0.97,0.06,1
2.0,0.54,41,5,30,0.0,BOVINO,Brahman,IA_CONVENCIONAL,IA_CONVENCIONAL,33.9,SECA,0.88,0.06,0
4.0,0.5726,85,1,5,5.5,OVINO,Texel,IATF,Select Synch,39.4,CHUVOSA,0.7,0.02,0
3.0,0.6672,236,3,18,6.5,BOVINO,Nelore,IATF,Cosynch,31.0,CHUVOSA,0.7,0.02,1
3.0,0.74,103,1,144,6.6,BOVINO,Brahman,IA_CONVENCIONAL,IA_CONVENCIONAL,19.9,CHUVOSA,0.88,0.06,1
3.5,0.56,86,1,122,6.4,CAPRINO,Saanen,IATF,Crestar,32.3,CHUVOSA,0.69,0.06,1
4.0,0.69,80,2,152,6.7,BOVINO,Angus,IATF,P4+EB 7 dias,24.8,CHUVOSA,0.69,0.0013,1
3.0,0.5726,253,3,36,5.1,OVINO,Texel,IATF,Cosynch,36.9,SECA,0.7,0.02,1
3.5,0.72,69,5,37,7.2,OVINO,Suffolk,IATF,OvSynch,26.6,SECA,0.76,0.0378,1
3.5,0.57,92,2,98,7.5,BOVINO,Angus,IATF,Crestar,25.7,SECA,0.81,0.06,1
3.0,0.6672,168,0,39,6.1,BOVINO,Nelore,IATF,Select Synch,23.4,SECA,0.7,0.02,1
3.0,0.87,74,1,30,9.0,CAPRINO,Boer,IATF,CIDR+GnRH,25.2,SECA,0.7,0.0441,1
3.0,0.6259,237,1,68,4.6,CAPRINO,Boer,IA_CONVENCIONAL,IA_CONVENCIONAL,33.9,CHUVOSA,0.7,0.02,0
4.0,0.6672,93,3,37,6.6,BOVINO,Gir,IA_CONVENCIONAL,IA_CONVENCIONAL,18.8,SECA,0.7,0.02,1
3.5,0.76,55,3,48,8.0,BOVINO,Simmental,IA_CONVENCIONAL,IA_CONVENCIONAL,33.2,SECA,0.74,0.0045,1
1.5,0.37,22,0,97,1.6,CAPRINO,Anglo-nubiano,IATF,CIDR+GnRH,29.0,SECA,0.98,0.06,0
4.0,0.6672,95,2,85,7.0,BOVINO,Nelore,IATF,Ovsynch,38.4,CHUVOSA,0.7,0.02,1
2.0,0.6672,205,1,89,5.5,BOVINO,Nelore,IATF,Cosynch,34.3,CHUVOSA,0.7,0.02,1
5.0,0.5726,169,0,68,7.6,OVINO,Dorper,IA_CONVENCIONAL,IA_CONVENCIONAL,22.8,SECA,0.7,0.02,1
3.0,0.79,45,0,105,6.8,BOVINO,Gir,IATF,P4+EB 7 dias,35.0,SECA,0.72,0.0097,1
5.0,0.5726,169,0,37,4.4,OVINO,Santa Inês,IA_CONVENCIONAL,IA_CONVENCIONAL,21.0,SECA,0.7,0.02,1
4.0,0.6672,168,0,12,6.3,BOVINO,Guzerá,IA_CONVENCIONAL,IA_CONVENCIONAL,26.1,CHUVOSA,0.7,0.02,0
4.0,0.6259,157,0,20,6.0,CAPRINO,Moxotó,IATF,Cosynch,18.3,SECA,0.7,0.02,0
3.0,0.5726,297,3,11,4.6,OVINO,Bergamácia,IA_CONVENCIONAL,IA_CONVENCIONAL,26.5,CHUVOSA,0.7,0.02,1
5.0,0.6259,157,0,96,5.5,CAPRINO,Toggenburg,IA_CONVENCIONAL,IA_CONVENCIONAL,34.1,SECA,0.7,0.02,0
3.0,0.5726,169,0,47,6.5,OVINO,Dorper,IATF,IATF 7 dias,25.9,SECA,0.7,0.02,1
3.0,0.52,53,4,73,6.2,CAPRINO,Saanen,IATF,OvSynch,32.4,CHUVOSA,0.39,0.0499,0
2.0,0.43,35,1,15,4.7,CAPRINO,Saanen,IA_CONVENCIONAL,IA_CONVENCIONAL,25.4,CHUVOSA,0.84,0.06,0
3.0,0.74,53,0,170,8.0,BOVINO,Simmental,IA_CONVENCIONAL,IA_CONVENCIONAL,26.9,SECA,0.88,0.0053,1
4.0,0.6672,168,0,31,7.0,BOVINO,Canchim,IA_CONVENCIONAL,IA_CONVENCIONAL,22.1,CHUVOSA,0.7,0.02,0
3.0,0.6672,129,1,116,7.7,BOVINO,Girolando,IATF,Resynch,34.0,CHUVOSA,0.7,0.02,1
5.0,0.6672,69,1,14,7.0,BOVINO,Gir,IA_CONVENCIONAL,IA_CONVENCIONAL,39.4,SECA,0.7,0.02,0
3.5,0.57,99,1,124,10.0,CAPRINO,Saanen,IATF,P4+EB 7 dias,27.5,SECA,0.86,0.0222,1
3.0,0.71,100,1,98,9.2,BOVINO,Tabapuã,IATF,P4+EB 7 dias,25.8,CHUVOSA,0.66,0.0585,1
4.0,0.5726,169,0,48,6.0,OVINO,Texel,IA_CONVENCIONAL,IA_CONVENCIONAL,24.9,SECA,0.7,0.02,1
4.0,0.6672,94,3,21,7.2,BOVINO,Tabapuã,IATF,P4+EB,29.6,SECA,0.7,0.02,1
2.0,0.6672,168,0,68,6.3,BOVINO,Nelore,IATF,P4+EB,36.3,SECA,0.7,0.02,0
2.0,0.2,43,1,70,3.4,OVINO,Somalis Brasileira,IA_CONVENCIONAL,IA_CONVENCIONAL,31.3,SECA,0.53,0.0135,0
3.0,0.5726,76,4,37,4.4,OVINO,Texel,IATF,Ovsynch,28.0,SECA,0.7,0.02,1
3.0,0.66,67,3,120,10.2,OVINO,Santa Inês,IA_CONVENCIONAL,IA_CONVENCIONAL,27.4,SECA,0.51,0.06,1
2.5,0.33,36,0,14,2.5,OVINO,Santa Inês,IATF,Crestar,30.1,SECA,0.8,0.06,0
2.0,0.29,53,4,88,5.7,OVINO,Santa Inês,IATF,P4+EB 7 dias,37.8,SECA,0.69,0.0103,0
4.0,0.6259,157,0,73,8.3,CAPRINO,Boer,IATF,GnRH+PGF2α,26.2,SECA,0.7,0.02,0
4.0,0.5726,169,0,10,2.3,OVINO,Texel,IA_CONVENCIONAL,IA_CONVENCIONAL,24.3,CHUVOSA,0.7,0.02,1
3.5,0.71,86,2,55,7.5,OVINO,Santa Inês,IATF,OvSynch,29.2,CHUVOSA,0.72,0.06,1
4.5,0.14,32,1,73,0.0,CAPRINO,Saanen,IA_CONVENCIONAL,IA_CONVENCIONAL,31.3,CHUVOSA,0.83,0.0871,0
4.0,0.6672,168,0,17,4.0,BOVINO,Nelore,IATF,Cosynch,25.2,CHUVOSA,0.7,0.02,1
4.0,0.6259,69,2,105,7.2,CAPRINO,Anglo Nubiana,IATF,Sem protocolo,18.0,CHUVOSA,0.7,0.02,1
1.0,0.0,49,2,158,3.1,OVINO,Suffolk,IATF,P4+EB 7 dias,24.8,CHUVOSA,0.63,0.06,0
5.0,0.5726,175,3,31,5.8,OVINO,Santa Inês,IATF,Resynch,23.1,SECA,0.7,0.02,1
5.0,0.6259,117,3,78,5.9,CAPRINO,Canindé,IA_CONVENCIONAL,IA_CONVENCIONAL,30.0,SECA,0.7,0.02,0
3.5,0.53,50,4,107,11.1,OVINO,Dorper,IATF,OvSynch,26.3,CHUVOSA,0.61,0.06,1
4.0,0.5726,169,0,37,5.9,OVINO,Santa Inês,IA_CONVENCIONAL,IA_CONVENCIONAL,31.8,CHUVOSA,0.7,0.02,1
3.0,0.5726,215,1,56,5.7,OVINO,Bergamácia,IA_CONVENCIONAL,IA_CONVENCIONAL,26.1,SECA,0.7,0.02,0
1.5,0.25,27,3,81,1.7,BOVINO,Angus,IA_CONVENCIONAL,IA_CONVENCIONAL,38.6,SECA,0.38,0.1173,0
3.0,0.6672,225,3,60,3.9,BOVINO,Nelore,IA_CONVENCIONAL,IA_CONVENCIONAL,30.8,CHUVOSA,0.7,0.02,1
5.0,0.6672,299,4,28,4.1,BOVINO,Canchim,IA_CONVENCIONAL,IA_CONVENCIONAL,20.8,CHUVOSA,0.7,0.02,1
3.5,0.65,68,1,131,6.3,BOVINO,Nelore,IATF,CIDR+GnRH,24.1,CHUVOSA,0.82,0.06,1
4.0,0.6259,157,0,70,5.3,CAPRINO,Toggenburg,IA_CONVENCIONAL,IA_CONVENCIONAL,34.8,SECA,0.7,0.02,1
3.0,0.6672,168,0,55,7.0,BOVINO,Brahman,IA_CONVENCIONAL,IA_CONVENCIONAL,30.9,SECA,0.7,0.02,1
2.0,0.5726,141,4,66,6.4,OVINO,Morada Nova,IA_CONVENCIONAL,IA_CONVENCIONAL,24.8,CHUVOSA,0.7,0.02,0
3.5,0.64,83,2,178,3.0,BOVINO,Gir,IATF,OvSynch,28.0,CHUVOSA,0.62,0.0031,1
3.0,0.5726,169,0,92,4.2,OVINO,Somalis,IA_CONVENCIONAL,IA_CONVENCIONAL,36.6,SECA,0.7,0.02,0
3.5,0.5,84,3,117,9.3,BOVINO,Angus,IATF,Crestar,26.7,SECA,0.75,0.0112,1
4.0,0.6672,241,4,26,2.9,BOVINO,Gir,IA_CONVENCIONAL,IA_CONVENCIONAL,31.9,SECA,0.7,0.02,1
2.5,0.59,47,0,73,5.4,BOVINO,Tabapuã,IATF,CIDR+GnRH,25.1,SECA,0.37,0.0329,0
2.5,0.69,45,3,101,11.8,OVINO,Somalis Brasileira,IA_CONVENCIONAL,IA_CONVENCIONAL,27.4,CHUVOSA,0.55,0.0059,1
3.0,0.6672,168,0,13,4.4,BOVINO,Sindi,IA_CONVENCIONAL,IA_CONVENCIONAL,38.2,SECA,0.7,0.02,0
2.0,0.5726,100,2,39,6.4,OVINO,Texel,IA_CONVENCIONAL,IA_CONVENCIONAL,37.4,SECA,0.7,0.02,0
3.5,0.7,106,0,110,8.3,OVINO,Santa Inês,IATF,Crestar,32.3,SECA,0.42,0.0132,1
3.5,0.92,86,2,100,14.4,CAPRINO,Anglo-nubiano,IATF,Crestar,32.7,CHUVOSA,0.82,0.06,1
2.0,0.48,68,7,175,8.0,BOVINO,Brahman,IATF,OvSynch,29.9,CHUVOSA,0.68,0.0011,0
3.0,0.6672,168,0,65,7.2,BOVINO,Nelore,IA_CONVENCIONAL,IA_CONVENCIONAL,36.6,SECA,0.7,0.02,1
3.0,0.6259,157,0,67,2.1,CAPRINO,Canindé,IA_CONVENCIONAL,IA_CONVENCIONAL,29.3,SECA,0.7,0.02,1
3.0,0.64,76,4,28,9.0,CAPRINO,Anglo-nubiano,IATF,OvSynch,29.6,CHUVOSA,0.53,0.0551,1
4.0,0.41,68,4,77,6.9,BOVINO,Guzerá,IATF,OvSynch,21.1,CHUVOSA,0.74,0.0467,1
3.5,0.72,45,3,36,10.6,CAPRINO,Moxotó,IATF,P4+EB 7 dias,27.0,CHUVOSA,0.74,0.0191,1
3.5,0.73,49,2,96,12.9,BOVINO,Guzerá,IA_CONVENCIONAL,IA_CONVENCIONAL,28.7,CHUVOSA,0.72,0.0142,1
3.5,0.42,20,1,76,6.0,OVINO,Somalis Brasileira,IA_CONVENCIONAL,IA_CONVENCIONAL,31.6,SECA,0.53,0.06,0
5.0,0.2,61,8,118,9.7,BOVINO,Nelore,IA_CONVENCIONAL,IA_CONVENCIONAL,28.8,SECA,0.66,0.0006,0
4.0,0.77,118,1,83,4.6,CAPRINO,Saanen,IATF,P4+EB 7 dias,29.6,SECA,0.79,0.0142,1
3.0,0.66,60,2,103,10.1,CAPRINO,Anglo-nubiano,IATF,P4+EB 7 dias,21.2,CHUVOSA,0.84,0.06,1
2.5,0.74,85,2,118,14.2,BOVINO,Tabapuã,IA_CONVENCIONAL,IA_CONVENCIONAL,30.1,CHUVOSA,0.86,0.0082,1
3.5,0.7,79,3,96,5.9,BOVINO,Tabapuã,IATF,OvSynch,25.5,CHUVOSA,0.45,0.022,1
4.0,0.81,100,4,65,8.6,OVINO,Morada Nova,IA_CONVENCIONAL,IA_CONVENCIONAL,29.8,SECA,0.5,0.06,1
5.0,0.6259,93,5,103,5.7,CAPRINO,Anglo Nubiana,IA_CONVENCIONAL,IA_CONVENCIONAL,38.2,SECA,0.7,0.02,1
4.0,0.5726,271,1,34,2.4,OVINO,Somalis,IATF,Ovsynch,34.8,SECA,0.7,0.02,1
2.0,0.36,19,3,7,3.4,CAPRINO,Moxotó,IATF,P4+EB 7 dias,28.5,SECA,0.38,0.0093,0
4.0,0.69,96,6,138,7.6,CAPRINO,Moxotó,IATF,Crestar,18.0,SECA,0.48,0.052,1
4.0,0.5726,154,2,6,5.1,OVINO,Santa Inês,IA_CONVENCIONAL,IA_CONVENCIONAL,37.7,CHUVOSA,0.7,0.02,1
4.5,0.41,83,3,44,5.5,CAPRINO,Anglo-nubiano,IA_CONVENCIONAL,IA_CONVENCIONAL,26.1,SECA,0.23,0.0343,1
3.5,0.38,44,5,176,5.8,BOVINO,Simmental,IATF,CIDR+GnRH,25.6,SECA,0.59,0.0005,0
1.0,0.6672,168,0,89,6.3,BOVINO,Brahman,IA_CONVENCIONAL,IA_CONVENCIONAL,30.1,CHUVOSA,0.7,0.02,0
1.5,0.48,38,1,9,4.1,OVINO,Suffolk,IA_CONVENCIONAL,IA_CONVENCIONAL,27.2,CHUVOSA,0.65,0.1561,0
4.0,0.6672,35,1,86,4.4,BOVINO,Tabapuã,IA_CONVENCIONAL,IA_CONVENCIONAL,22.4,CHUVOSA,0.7,0.02,1
3.5,0.65,45,1,73,8.5,CAPRINO,Anglo-nubiano,IATF,Crestar,28.3,CHUVOSA,0.89,0.004,1
3.5,0.86,58,3,111,8.6,BOVINO,Angus,IA_CONVENCIONAL,IA_CONVENCIONAL,27.8,CHUVOSA,0.84,0.06,1
4.0,0.6259,157,0,34,4.0,CAPRINO,Saanen,IATF,P4+EB,26.3,SECA,0.7,0.02,1
3.0,0.6259,134,3,48,6.1,CAPRINO,Anglo Nubiana,IA_CONVENCIONAL,IA_CONVENCIONAL,31.3,SECA,0.7,0.02,1
3.0,0.5726,169,0,30,6.2,OVINO,Santa Inês,IATF,IATF 7 dias,30.0,CHUVOSA,0.7,0.02,1
4.0,0.6672,168,0,6,5.2,BOVINO,Sindi,IATF,GnRH+PGF2α,28.1,SECA,0.7,0.02,0
3.5,0.66,65,3,88,8.1,CAPRINO,Moxotó,IA_CONVENCIONAL,IA_CONVENCIONAL,28.4,CHUVOSA,0.66,0.0117,1
3.5,0.7,45,2,160,6.8,CAPRINO,Saanen,IA_CONVENCIONAL,IA_CONVENCIONAL,27.8,CHUVOSA,0.62,0.06,1
4.0,0.5726,169,0,19,2.5,OVINO,Morada Nova,IA_CONVENCIONAL,IA_CONVENCIONAL,21.1,CHUVOSA,0.7,0.02,0
4.0,0.78,76,2,53,10.2,OVINO,Morada Nova,IATF,OvSynch,23.6,CHUVOSA,0.5,0.06,1
4.5,0.48,45,0,120,7.8,OVINO,Suffolk,IA_CONVENCIONAL,IA_CONVENCIONAL,20.4,CHUVOSA,0.53,0.06,0
2.0,0.6672,168,0,84,9.2,BOVINO,Guzerá,IA_CONVENCIONAL,IA_CONVENCIONAL,24.6,CHUVOSA,0.7,0.02,1
2.0,0.6259,156,6,43,4.8,CAPRINO,Moxotó,IA_CONVENCIONAL,IA_CONVENCIONAL,37.2,SECA,0.7,0.02,1
3.0,0.6672,168,0,29,5.3,BOVINO,Brahman,IA_CONVENCIONAL,IA_CONVENCIONAL,25.6,SECA,0.7,0.02,0
3.0,0.5726,169,0,68,7.0,OVINO,Morada Nova,IA_CONVENCIONAL,IA_CONVENCIONAL,19.7,CHUVOSA,0.7,0.02,0
3.0,0.35,79,0,136,4.8,BOVINO,Brahman,IATF,Crestar,20.9,CHUVOSA,0.93,0.0293,0
3.5,0.63,69,5,169,10.3,OVINO,Santa Inês,IATF,CIDR+GnRH,26.0,SECA,0.56,0.0206,1
5.0,0.6259,157,0,49,6.3,CAPRINO,Repartida,IATF,Sem protocolo,22.9,SECA,0.7,0.02,1
4.0,0.6672,168,0,88,8.5,BOVINO,Gir,IA_CONVENCIONAL,IA_CONVENCIONAL,37.5,SECA,0.7,0.02,1
3.5,0.85,48,1,122,6.4,BOVINO,Simmental,IATF,P4+EB 7 dias,27.0,CHUVOSA,0.77,0.0084,1
5.0,0.6672,279,1,102,9.5,BOVINO,Guzerá,IATF,Cosynch,37.7,CHUVOSA,0.7,0.02,1
4.5,0.44,23,3,95,1.1,OVINO,Dorper,IATF,Crestar,31.1,SECA,0.43,0.0125,0
4.0,0.6672,101,4,46,7.4,BOVINO,Canchim,IA_CONVENCIONAL,IA_CONVENCIONAL,38.5,CHUVOSA,0.7,0.02,1
2.0,0.5726,77,1,89,5.0,OVINO,Santa Inês,IA_CONVENCIONAL,IA_CONVENCIONAL,25.3,SECA,0.7,0.02,1
3.0,0.89,87,3,141,8.6,BOVINO,Nelore,IATF,Crestar,25.2,CHUVOSA,0.92,0.0392,1
2.5,0.34,51,0,144,2.8,CAPRINO,Moxotó,IA_CONVENCIONAL,IA_CONVENCIONAL,33.7,SECA,0.8,0.0327,0
2.0,0.5,33,0,137,2.5,CAPRINO,Saanen,IATF,CIDR+GnRH,30.4,CHUVOSA,0.68,0.0177,0
3.5,0.75,55,5,120,8.1,CAPRINO,Anglo-nubiano,IATF,OvSynch,29.5,SECA,0.67,0.0008,1
4.0,0.74,131,5,56,5.0,OVINO,Suffolk,IATF,OvSynch,34.2,SECA,0.64,0.0201,1
5.0,0.6672,108,3,30,5.0,BOVINO,Brahman,IA_CONVENCIONAL,IA_CONVENCIONAL,26.7,CHUVOSA,0.7,0.02,1
2.0,0.5726,169,0,30,4.5,OVINO,Bergamácia,IA_CONVENCIONAL,IA_CONVENCIONAL,18.4,CHUVOSA,0.7,0.02,0
3.5,0.45,58,4,20,6.6,CAPRINO,Saanen,IA_CONVENCIONAL,IA_CONVENCIONAL,26.4,CHUVOSA,0.89,0.06,1
4.0,0.5726,133,2,27,6.8,OVINO,Dorper,IA_CONVENCIONAL,IA_CONVENCIONAL,30.2,CHUVOSA,0.7,0.02,1
3.5,0.87,79,6,25,6.8,OVINO,Santa Inês,IATF,Crestar,26.7,CHUVOSA,0.69,0.0464,1
3.0,0.8,77,3,115,7.2,CAPRINO,Moxotó,IA_CONVENCIONAL,IA_CONVENCIONAL,23.6,CHUVOSA,0.84,0.0133,1
4.5,0.49,39,5,121,6.1,BOVINO,Brahman,IA_CONVENCIONAL,IA_CONVENCIONAL,34.2,CHUVOSA,0.79,0.0099,0
3.0,0.9,63,4,124,6.5,BOVINO,Brahman,IATF,OvSynch,27.4,SECA,0.85,0.0219,1
5.0,0.5726,207,4,119,9.5,OVINO,Texel,IA_CONVENCIONAL,IA_CONVENCIONAL,26.1,CHUVOSA,0.7,0.02,1
2.0,0.35,33,2,10,3.4,OVINO,Suffolk,IATF,CIDR+GnRH,32.9,SECA,0.47,0.06,0
4.0,0.6672,168,0,13,8.3,BOVINO,Guzerá,IATF,Sem protocolo,25.7,SECA,0.7,0.02,0
4.0,0.6259,192,4,47,6.8,CAPRINO,Saanen,IATF,Cosynch,21.7,CHUVOSA,0.7,0.02,1
4.0,0.63,115,3,38,7.2,OVINO,Dorper,IATF,P4+EB 7 dias,23.5,CHUVOSA,0.37,0.0018,1
3.0,0.72,95,3,82,7.2,BOVINO,Gir,IATF,P4+EB 7 dias,21.8,CHUVOSA,0.51,0.06,1
2.0,0.35,31,5,6,8.0,BOVINO,Guzerá,IATF,CIDR+GnRH,28.8,SECA,0.82,0.0361,0
3.0,0.6259,64,4,50,5.5,CAPRINO,Boer,IA_CONVENCIONAL,IA_CONVENCIONAL,35.5,CHUVOSA,0.7,0.02,1
2.5,0.85,94,5,80,8.1,CAPRINO,Moxotó,IA_CONVENCIONAL,IA_CONVENCIONAL,19.5,CHUVOSA,0.8,0.0128,1
2.0,0.3,17,3,159,7.0,CAPRINO,Saanen,IATF,Crestar,34.7,CHUVOSA,0.81,0.233,0
3.5,0.71,108,3,66,5.1,BOVINO,Simmental,IA_CONVENCIONAL,IA_CONVENCIONAL,29.8,SECA,0.84,0.0028,1
4.0,0.79,95,5,160,10.4,OVINO,Morada Nova,IATF,OvSynch,26.1,SECA,0.57,0.0239,1
3.5,0.64,73,1,125,8.0,BOVINO,Gir,IATF,CIDR+GnRH,30.2,CHUVOSA,0.4,0.0292,1
5.0,0.6672,168,0,94,6.0,BOVINO,Nelore,IATF,IATF 7 dias,30.2,CHUVOSA,0.7,0.02,1
5.0,0.5726,181,3,54,5.4,OVINO,Morada Nova,IA_CONVENCIONAL,IA_CONVENCIONAL,37.8,SECA,0.7,0.02,0
3.0,0.69,45,2,120,7.8,CAPRINO,Moxotó,IA_CONVENCIONAL,IA_CONVENCIONAL,23.5,SECA,0.51,0.0236,1
4.0,0.65,51,3,71,4.8,BOVINO,Simmental,IATF,P4+EB 7 dias,29.4,SECA,0.35,0.0315,1
4.5,0.3,22,2,29,3.9,BOVINO,Nelore,IATF,P4+EB 7 dias,35.3,SECA,0.86,0.06,0
3.5,0.63,100,2,34,12.0,CAPRINO,Moxotó,IATF,CIDR+GnRH,31.3,SECA,0.68,0.06,1
3.0,0.5726,236,3,60,5.3,OVINO,Morada Nova,IA_CONVENCIONAL,IA_CONVENCIONAL,26.3,SECA,0.7,0.02,1
3.0,0.6672,168,0,14,6.8,BOVINO,Girolando,IATF,P4+BE+PGF,37.8,SECA,0.7,0.02,0
3.5,0.65,93,5,106,6.2,CAPRINO,Anglo-nubiano,IATF,OvSynch,27.7,CHUVOSA,0.96,0.012,1
4.0,0.65,74,3,157,8.5,BOVINO,Simmental,IATF,Crestar,32.0,CHUVOSA,0.76,0.0325,1
4.0,0.6672,276,2,74,6.9,BOVINO,Tabapuã,IA_CONVENCIONAL,IA_CONVENCIONAL,23.0,SECA,0.7,0.02,1
3.0,0.6259,157,0,114,3.6,CAPRINO,Boer,IA_CONVENCIONAL,IA_CONVENCIONAL,25.4,CHUVOSA,0.7,0.02,0
4.0,0.6672,151,4,84,4.8,BOVINO,Nelore,IA_CONVENCIONAL,IA_CONVENCIONAL,31.1,CHUVOSA,0.7,0.02,1
5.0,0.5726,169,0,71,4.7,OVINO,Dorper,IATF,GnRH+PGF2α,32.6,SECA,0.7,0.02,1
3.0,0.6259,157,0,11,5.5,CAPRINO,Repartida,IA_CONVENCIONAL,IA_CONVENCIONAL,29.6,CHUVOSA,0.7,0.02,0
5.0,0.6672,168,0,81,3.1,BOVINO,Nelore,IATF,Ovsynch,25.5,CHUVOSA,0.7,0.02,1
4.0,0.6672,168,0,9,4.6,BOVINO,Gir,IATF,Ovsynch,24.0,CHUVOSA,0.7,0.02,0
1.5,0.3,44,5,127,5.5,BOVINO,Gir,IA_CONVENCIONAL,IA_CONVENCIONAL,24.8,CHUVOSA,0.73,0.06,0
4.0,0.6672,168,0,61,6.0,BOVINO,Girolando,IATF,P4+EB,35.8,SECA,0.7,0.02,1
3.5,0.76,88,3,115,9.0,CAPRINO,Anglo-nubiano,IATF,OvSynch,26.1,SECA,0.38,0.013,1
5.0,0.5726,83,3,105,6.5,OVINO,Santa Inês,IATF,IATF 7 dias,38.4,SECA,0.7,0.02,1
4.0,0.6672,252,1,27,5.1,BOVINO,Guzerá,IA_CONVENCIONAL,IA_CONVENCIONAL,34.1,SECA,0.7,0.02,0
3.0,0.6259,168,3,102,5.3,CAPRINO,Boer,IA_CONVENCIONAL,IA_CONVENCIONAL,26.7,SECA,0.7,0.02,1
2.0,0.6672,112,1,86,6.8,BOVINO,Brahman,IA_CONVENCIONAL,IA_CONVENCIONAL,31.3,SECA,0.7,0.02,0
5.0,0.6259,265,3,64,2.7,CAPRINO,Moxotó,IA_CONVENCIONAL,IA_CONVENCIONAL,30.7,CHUVOSA,0.7,0.02,1
3.0,0.4,81,2,65,10.4,BOVINO,Brahman,IATF,P4+EB 7 dias,30.8,SECA,0.56,0.0482,1
4.0,0.6672,225,2,119,8.5,BOVINO,Girolando,IA_CONVENCIONAL,IA_CONVENCIONAL,31.5,SECA,0.7,0.02,1
5.0,0.51,67,0,4,6.1,BOVINO,Brahman,IA_CONVENCIONAL,IA_CONVENCIONAL,23.4,CHUVOSA,0.8,0.06,0
5.0,0.5726,169,0,7,6.1,OVINO,Morada Nova,IATF,GnRH+PGF2α,36.3,SECA,0.7,0.02,0
5.0,0.68,64,1,1,5.2,OVINO,Dorper,IATF,OvSynch,35.9,SECA,0.19,0.067,0
4.0,0.6259,157,0,40,5.1,CAPRINO,Boer,IA_CONVENCIONAL,IA_CONVENCIONAL,26.4,SECA,0.7,0.02,1
4.0,0.5726,135,2,68,2.7,OVINO,Santa Inês,IA_CONVENCIONAL,IA_CONVENCIONAL,38.8,CHUVOSA,0.7,0.02,0
4.0,0.6672,239,2,61,4.5,BOVINO,Nelore,IATF,Ovsynch,31.8,CHUVOSA,0.7,0.02,1
3.0,0.5726,48,1,112,1.4,OVINO,Bergamácia,IA_CONVENCIONAL,IA_CONVENCIONAL,26.7,CHUVOSA,0.7,0.02,1
4.5,0.82,98,1,94,8.0,CAPRINO,Moxotó,IATF,Crestar,27.3,CHUVOSA,0.41,0.0008,1
3.5,0.82,112,3,167,6.3,BOVINO,Nelore,IA_CONVENCIONAL,IA_CONVENCIONAL,26.4,SECA,0.45,0.06,1
4.0,0.6672,168,0,26,5.1,BOVINO,Brahman,IA_CONVENCIONAL,IA_CONVENCIONAL,31.5,SECA,0.7,0.02,1
3.5,0.83,98,2,85,8.0,OVINO,Suffolk,IA_CONVENCIONAL,IA_CONVENCIONAL,30.5,SECA,0.72,0.0253,1
4.0,0.6672,168,0,21,6.9,BOVINO,Sindi,IA_CONVENCIONAL,IA_CONVENCIONAL,39.5,SECA,0.7,0.02,1
3.0,0.6672,184,3,32,7.5,BOVINO,Tabapuã,IATF,Sem protocolo,29.6,SECA,0.7,0.02,1
4.0,0.5726,169,0,52,8.5,OVINO,Bergamácia,IA_CONVENCIONAL,IA_CONVENCIONAL,29.0,SECA,0.7,0.02,1
3.0,0.6672,168,0,50,7.2,BOVINO,Tabapuã,IATF,P4+EB,34.5,CHUVOSA,0.7,0.02,1
3.0,0.85,57,0,156,6.9,BOVINO,Nelore,IATF,Crestar,35.0,SECA,0.82,0.06,1
4.0,0.5726,169,0,54,3.1,OVINO,Bergamácia,IATF,Sem protocolo,34.4,SECA,0.7,0.02,1
5.0,0.6672,168,0,26,8.8,BOVINO,Guzerá,IA_CONVENCIONAL,IA_CONVENCIONAL,34.7,CHUVOSA,0.7,0.02,0
3.5,0.95,77,5,21,10.1,BOVINO,Gir,IA_CONVENCIONAL,IA_CONVENCIONAL,23.6,CHUVOSA,0.47,0.0034,1
4.0,0.85,88,6,143,8.1,BOVINO,Brahman,IATF,Crestar,21.7,CHUVOSA,0.88,0.0262,1
3.5,0.8,95,3,115,5.1,OVINO,Santa Inês,IA_CONVENCIONAL,IA_CONVENCIONAL,26.4,CHUVOSA,0.93,0.0586,1
3.0,0.6672,168,0,70,7.2,BOVINO,Canchim,IA_CONVENCIONAL,IA_CONVENCIONAL,26.6,SECA,0.7,0.02,0
3.0,0.6672,168,0,102,3.5,BOVINO,Tabapuã,IATF,Sem protocolo,24.6,SECA,0.7,0.02,1
4.0,0.6259,239,3,19,5.5,CAPRINO,Saanen,IATF,Sem protocolo,28.1,SECA,0.7,0.02,1
2.5,0.3,29,0,148,11.3,BOVINO,Guzerá,IATF,OvSynch,35.3,CHUVOSA,0.67,0.0131,0
1.0,0.6672,222,2,26,4.3,BOVINO,Brahman,IATF,P4+BE+PGF,28.0,CHUVOSA,0.7,0.02,0
4.0,0.6259,40,1,41,6.5,CAPRINO,Boer,IATF,Resynch,18.4,SECA,0.7,0.02,1
3.0,0.37,37,0,152,7.2,BOVINO,Brahman,IA_CONVENCIONAL,IA_CONVENCIONAL,29.4,SECA,0.93,0.0277,0
1.5,0.4,55,0,14,3.4,CAPRINO,Saanen,IATF,P4+EB 7 dias,29.2,CHUVOSA,0.8,0.06,0
4.0,0.78,66,5,38,6.0,OVINO,Morada Nova,IATF,P4+EB 7 dias,23.9,CHUVOSA,0.32,0.0004,1
5.0,0.5726,237,3,47,7.1,OVINO,Morada Nova,IA_CONVENCIONAL,IA_CONVENCIONAL,19.0,CHUVOSA,0.7,0.02,0
4.0,0.69,80,4,114,6.3,OVINO,Santa Inês,IATF,OvSynch,26.8,CHUVOSA,0.89,0.0018,1
3.0,0.6672,290,1,110,4.6,BOVINO,Gir,IATF,Sem protocolo,24.0,CHUVOSA,0.7,0.02,0
3.0,0.6672,168,0,90,10.0,BOVINO,Sindi,IA_CONVENCIONAL,IA_CONVENCIONAL,23.5,CHUVOSA,0.7,0.02,0
4.0,0.6672,168,0,118,6.3,BOVINO,Sindi,IA_CONVENCIONAL,IA_CONVENCIONAL,27.6,SECA,0.7,0.02,1
4.0,0.51,54,3,38,4.9,BOVINO,Tabapuã,IA_CONVENCIONAL,IA_CONVENCIONAL,31.1,SECA,0.32,0.0241,1
2.0,0.21,57,1,47,3.2,CAPRINO,Moxotó,IATF,CIDR+GnRH,27.8,SECA,0.73,0.0334,0
4.0,0.6259,129,4,66,7.1,CAPRINO,Saanen,IA_CONVENCIONAL,IA_CONVENCIONAL,39.8,CHUVOSA,0.7,0.02,1
3.5,0.59,45,2,135,8.8,CAPRINO,Boer,IATF,CIDR+GnRH,20.9,SECA,0.78,0.0123,1
3.5,0.63,112,4,66,9.3,CAPRINO,Saanen,IATF,CIDR+GnRH,24.6,SECA,0.73,0.06,1
2.5,0.41,80,3,116,5.0,BOVINO,Nelore,IA_CONVENCIONAL,IA_CONVENCIONAL,34.7,SECA,0.25,0.06,0
3.0,0.6259,157,0,10,5.5,CAPRINO,Repartida,IA_CONVENCIONAL,IA_CONVENCIONAL,24.8,CHUVOSA,0.7,0.02,0
3.0,0.5726,169,0,31,3.5,OVINO,Santa Inês,IA_CONVENCIONAL,IA_CONVENCIONAL,33.8,CHUVOSA,0.7,0.02,1
4.0,0.5726,169,0,8,5.3,OVINO,Santa Inês,IA_CONVENCIONAL,IA_CONVENCIONAL,22.7,CHUVOSA,0.7,0.02,0
4.0,0.5726,207,1,107,7.3,OVINO,Santa Inês,IATF,Resynch,32.4,SECA,0.7,0.02,1
4.0,0.86,86,1,142,8.5,BOVINO,Brahman,IATF,Crestar,33.4,CHUVOSA,0.43,0.0205,1
4.0,0.6672,67,5,109,6.4,BOVINO,Canchim,IATF,Cosynch,21.0,SECA,0.7,0.02,0
2.0,0.6672,168,0,61,7.2,BOVINO,Sindi,IATF,Ovsynch,36.2,SECA,0.7,0.02,1
3.0,0.6672,130,4,92,4.8,BOVINO,Girolando,IA_CONVENCIONAL,IA_CONVENCIONAL,34.1,CHUVOSA,0.7,0.02,0
4.0,0.5726,41,1,8,5.3,OVINO,Somalis,IATF,IATF 7 dias,37.6,CHUVOSA,0.7,0.02,0
3.5,0.69,100,3,153,9.9,BOVINO,Gir,IATF,OvSynch,19.9,SECA,0.67,0.0329,1
3.0,0.6672,168,0,78,4.6,BOVINO,Girolando,IA_CONVENCIONAL,IA_CONVENCIONAL,25.3,CHUVOSA,0.7,0.02,1
3.0,0.62,99,4,149,6.8,OVINO,Morada Nova,IATF,OvSynch,30.8,CHUVOSA,0.55,0.06,1
5.0,0.6672,168,0,93,7.0,BOVINO,Gir,IA_CONVENCIONAL,IA_CONVENCIONAL,21.7,SECA,0.7,0.02,1
4.0,0.6672,149,4,69,5.2,BOVINO,Nelore,IA_CONVENCIONAL,IA_CONVENCIONAL,30.9,CHUVOSA,0.7,0.02,1
4.0,0.6672,168,0,57,5.1,BOVINO,Canchim,IATF,P4+EB,27.7,CHUVOSA,0.7,0.02,1
4.0,0.6672,183,2,36,3.6,BOVINO,Brahman,IATF,Cosynch,27.6,SECA,0.7,0.02,1
3.0,0.59,82,3,40,9.4,OVINO,Morada Nova,IATF,Crestar,26.6,SECA,0.74,0.0156,1
3.5,0.88,89,3,48,7.9,CAPRINO,Moxotó,IA_CONVENCIONAL,IA_CONVENCIONAL,28.7,CHUVOSA,0.47,0.036,1
3.5,0.73,116,3,146,7.2,BOVINO,Tabapuã,IATF,Crestar,28.1,SECA,0.53,0.0137,1
4.0,0.5726,278,2,105,5.3,OVINO,Bergamácia,IA_CONVENCIONAL,IA_CONVENCIONAL,31.5,CHUVOSA,0.7,0.02,1
1.0,0.6672,168,0,60,5.6,BOVINO,Girolando,IATF,Resynch,30.8,CHUVOSA,0.7,0.02,0
4.0,0.6672,168,0,95,8.9,BOVINO,Canchim,IA_CONVENCIONAL,IA_CONVENCIONAL,29.6,CHUVOSA,0.7,0.02,1
4.0,0.57,58,3,34,6.8,BOVINO,Guzerá,IATF,Crestar,26.2,SECA,0.77,0.06,1
3.5,0.73,91,3,106,8.1,OVINO,Dorper,IA_CONVENCIONAL,IA_CONVENCIONAL,24.3,SECA,0.94,0.06,1
4.0,0.6672,168,0,120,6.6,BOVINO,Sindi,IATF,IATF 7 dias,27.9,CHUVOSA,0.7,0.02,0
4.0,0.92,71,2,137,10.1,BOVINO,Brahman,IATF,P4+EB 7 dias,24.3,CHUVOSA,0.53,0.0105,1
3.5,0.7,90,1,75,12.5,CAPRINO,Boer,IATF,OvSynch,23.6,SECA,0.72,0.0172,1
3.5,0.64,63,2,54,8.1,OVINO,Morada Nova,IATF,Crestar,27.8,SECA,0.75,0.0161,1
3.5,0.73,77,2,112,11.4,CAPRINO,Saanen,IATF,P4+EB 7 dias,23.8,SECA,0.71,0.06,1
1.0,0.6672,130,3,7,7.2,BOVINO,Tabapuã,IA_CONVENCIONAL,IA_CONVENCIONAL,38.7,CHUVOSA,0.7,0.02,0
5.0,0.32,48,7,119,6.8,OVINO,Morada Nova,IA_CONVENCIONAL,IA_CONVENCIONAL,33.1,SECA,0.67,0.0922,0
3.0,0.6672,243,2,28,7.6,BOVINO,Sindi,IA_CONVENCIONAL,IA_CONVENCIONAL,32.6,SECA,0.7,0.02,1
1.5,0.53,46,0,128,5.7,CAPRINO,Moxotó,IA_CONVENCIONAL,IA_CONVENCIONAL,30.6,CHUVOSA,0.74,0.0269,0
2.0,0.6672,50,1,32,7.5,BOVINO,Canchim,IA_CONVENCIONAL,IA_CONVENCIONAL,36.4,SECA,0.7,0.02,1
3.0,0.77,108,4,111,8.4,OVINO,Santa Inês,IATF,P4+EB 7 dias,22.2,SECA,0.72,0.0026,1
3.0,0.5726,175,1,88,5.3,OVINO,Dorper,IA_CONVENCIONAL,IA_CONVENCIONAL,34.3,CHUVOSA,0.7,0.02,1
3.5,0.62,89,2,72,9.3,BOVINO,Gir,IA_CONVENCIONAL,IA_CONVENCIONAL,29.4,CHUVOSA,0.8,0.06,1
4.0,0.6672,168,0,41,4.0,BOVINO,Nelore,IA_CONVENCIONAL,IA_CONVENCIONAL,23.6,SECA,0.7,0.02,1
5.0,0.6259,157,0,50,5.7,CAPRINO,Repartida,IA_CONVENCIONAL,IA_CONVENCIONAL,27.4,CHUVOSA,0.7,0.02,0
2.0,0.41,29,0,28,1.5,CAPRINO,Moxotó,IATF,Crestar,22.2,CHUVOSA,0.27,0.0184,0
3.0,0.6672,224,3,8,6.3,BOVINO,Girolando,IATF,IATF 7 dias,39.2,CHUVOSA,0.7,0.02,0
3.0,0.55,74,0,158,7.7,CAPRINO,Anglo-nubiano,IATF,OvSynch,24.8,CHUVOSA,0.8,0.0085,1
3.0,0.6672,102,3,113,4.9,BOVINO,Nelore,IA_CONVENCIONAL,IA_CONVENCIONAL,39.4,CHUVOSA,0.7,0.02,1
3.5,0.88,45,1,125,8.3,CAPRINO,Saanen,IATF,CIDR+GnRH,20.4,CHUVOSA,0.61,0.06,1
3.0,0.24,51,7,155,6.8,OVINO,Dorper,IA_CONVENCIONAL,IA_CONVENCIONAL,27.0,SECA,0.9,0.217,0
4.0,0.6672,251,1,110,5.9,BOVINO,Guzerá,IA_CONVENCIONAL,IA_CONVENCIONAL,33.9,SECA,0.7,0.02,1
4.0,0.64,62,4,94,4.8,CAPRINO,Anglo-nubiano,IATF,OvSynch,34.2,SECA,0.78,0.0111,1
1.0,0.6672,168,0,104,7.9,BOVINO,Nelore,IATF,IATF 7 dias,33.3,SECA,0.7,0.02,0
4.0,0.6259,157,0,59,6.6,CAPRINO,Saanen,IA_CONVENCIONAL,IA_CONVENCIONAL,30.0,SECA,0.7,0.02,0
2.0,0.28,56,1,62,7.6,OVINO,Santa Inês,IA_CONVENCIONAL,IA_CONVENCIONAL,33.4,CHUVOSA,0.68,0.1889,0
3.0,0.6672,134,1,98,7.8,BOVINO,Sindi,IA_CONVENCIONAL,IA_CONVENCIONAL,21.6,CHUVOSA,0.7,0.02,0
2.0,0.28,39,2,78,3.1,CAPRINO,Boer,IA_CONVENCIONAL,IA_CONVENCIONAL,30.9,SECA,0.66,0.0299,0
2.5,0.5,67,2,22,5.3,BOVINO,Nelore,IATF,CIDR+GnRH,32.7,SECA,0.59,0.025,1
4.0,0.6672,168,0,57,3.0,BOVINO,Brahman,IATF,Sem protocolo,19.0,SECA,0.7,0.02,1
4.0,0.6672,92,3,34,5.4,BOVINO,Guzerá,IA_CONVENCIONAL,IA_CONVENCIONAL,36.4,SECA,0.7,0.02,0
3.0,0.68,124,5,21,11.2,CAPRINO,Boer,IATF,P4+EB 7 dias,31.6,CHUVOSA,0.84,0.0525,1
4.0,0.6259,157,0,43,2.1,CAPRINO,Repartida,IA_CONVENCIONAL,IA_CONVENCIONAL,31.4,SECA,0.7,0.02,1
1.5,0.11,28,0,73,4.1,CAPRINO,Boer,IATF,OvSynch,31.5,SECA,0.91,0.0211,0
3.0,0.5726,81,2,40,5.7,OVINO,Santa Inês,IATF,P4+BE+PGF,23.0,SECA,0.7,0.02,1
2.0,0.46,46,3,104,2.8,BOVINO,Simmental,IATF,Crestar,23.7,SECA,0.87,0.1779,0
2.5,0.42,54,1,35,2.3,BOVINO,Gir,IA_CONVENCIONAL,IA_CONVENCIONAL,29.4,SECA,0.59,0.0031,0
4.0,0.5726,169,0,17,4.2,OVINO,Dorper,IA_CONVENCIONAL,IA_CONVENCIONAL,29.8,SECA,0.7,0.02,1
3.5,0.93,71,4,74,8.7,BOVINO,Brahman,IA_CONVENCIONAL,IA_CONVENCIONAL,23.6,CHUVOSA,0.79,0.019,1
3.0,0.5726,169,0,107,6.9,OVINO,Dorper,IATF,IATF 7 dias,22.7,CHUVOSA,0.7,0.02,0
3.0,0.5726,80,2,9,5.8,OVINO,Somalis,IA_CONVENCIONAL,IA_CONVENCIONAL,18.1,SECA,0.7,0.02,1
4.0,0.6672,297,5,97,6.6,BOVINO,Gir,IA_CONVENCIONAL,IA_CONVENCIONAL,21.5,SECA,0.7,0.02,1
3.5,0.49,77,5,171,8.4,BOVINO,Brahman,IATF,OvSynch,28.5,CHUVOSA,0.93,0.0154,1
3.0,0.5726,34,1,52,5.5,OVINO,Texel,IATF,P4+BE+PGF,19.0,CHUVOSA,0.7,0.02,0
4.0,0.6672,168,0,109,6.3,BOVINO,Nelore,IATF,Sem protocolo,23.2,CHUVOSA,0.7,0.02,1
3.5,0.66,77,4,69,13.4,OVINO,Morada Nova,IATF,Crestar,19.4,CHUVOSA,0.63,0.06,1
3.0,0.87,93,4,74,6.9,OVINO,Suffolk,IATF,P4+EB 7 dias,32.4,SECA,0.81,0.019,1
4.0,0.6672,176,3,73,6.6,BOVINO,Guzerá,IA_CONVENCIONAL,IA_CONVENCIONAL,18.2,CHUVOSA,0.7,0.02,1
4.0,0.56,53,6,164,9.5,BOVINO,Simmental,IA_CONVENCIONAL,IA_CONVENCIONAL,27.4,CHUVOSA,0.72,0.0124,1
3.5,0.9,74,5,153,5.3,BOVINO,Gir,IATF,OvSynch,26.7,SECA,0.65,0.0119,1
3.5,0.6,73,3,36,8.9,OVINO,Suffolk,IATF,Crestar,24.0,CHUVOSA,0.57,0.0082,1
2.0,0.6672,168,0,113,7.1,BOVINO,Guzerá,IA_CONVENCIONAL,IA_CONVENCIONAL,27.1,CHUVOSA,0.7,0.02,0
4.0,0.6672,81,1,106,5.6,BOVINO,Girolando,IATF,Ovsynch,36.6,CHUVOSA,0.7,0.02,1
2.0,0.57,38,0,52,6.6,CAPRINO,Boer,IA_CONVENCIONAL,IA_CONVENCIONAL,27.0,SECA,0.82,0.0349,0
3.5,0.75,72,3,122,11.7,BOVINO,Brahman,IATF,Crestar,29.8,SECA,0.86,0.0364,1
3.5,0.36,48,0,18,4.0,BOVINO,Tabapuã,IA_CONVENCIONAL,IA_CONVENCIONAL,19.3,CHUVOSA,0.91,0.06,0
4.5,0.74,47,1,137,5.2,OVINO,Suffolk,IATF,OvSynch,26.6,SECA,0.47,0.0288,1
3.0,0.66,92,4,91,9.0,CAPRINO,Moxotó,IATF,CIDR+GnRH,26.0,CHUVOSA,0.64,0.0549,1
3.0,0.81,94,4,93,9.2,OVINO,Santa Inês,IA_CONVENCIONAL,IA_CONVENCIONAL,26.3,SECA,0.83,0.0244,1
4.0,0.6259,122,2,12,5.3,CAPRINO,Toggenburg,IA_CONVENCIONAL,IA_CONVENCIONAL,36.6,SECA,0.7,0.02,1
3.0,0.6259,88,3,77,2.9,CAPRINO,Saanen,IA_CONVENCIONAL,IA_CONVENCIONAL,38.9,SECA,0.7,0.02,0
3.5,0.63,89,2,30,7.8,CAPRINO,Saanen,IATF,Crestar,25.9,SECA,0.63,0.0361,1
3.0,0.5726,203,3,28,4.8,OVINO,Morada Nova,IA_CONVENCIONAL,IA_CONVENCIONAL,27.9,CHUVOSA,0.7,0.02,1
5.0,0.6672,168,0,96,6.4,BOVINO,Sindi,IATF,IATF 7 dias,29.8,CHUVOSA,0.7,0.02,0
3.0,0.6672,168,0,107,6.7,BOVINO,Guzerá,IA_CONVENCIONAL,IA_CONVENCIONAL,36.6,CHUVOSA,0.7,0.02,0
5.0,0.6259,157,0,107,6.9,CAPRINO,Saanen,IATF,P4+BE+PGF,33.1,SECA,0.7,0.02,1
2.0,0.6672,168,0,59,6.0,BOVINO,Sindi,IA_CONVENCIONAL,IA_CONVENCIONAL,25.0,SECA,0.7,0.02,0
3.0,0.6259,208,3,109,5.6,CAPRINO,Moxotó,IA_CONVENCIONAL,IA_CONVENCIONAL,38.8,CHUVOSA,0.7,0.02,1
3.0,0.6672,195,1,38,9.1,BOVINO,Nelore,IA_CONVENCIONAL,IA_CONVENCIONAL,26.3,CHUVOSA,0.7,0.02,1
5.0,0.56,26,7,111,4.0,CAPRINO,Saanen,IA_CONVENCIONAL,IA_CONVENCIONAL,18.0,CHUVOSA,0.91,0.2361,0
4.0,0.6672,168,0,109,7.7,BOVINO,Brahman,IATF,Cosynch,27.2,SECA,0.7,0.02,0
2.0,0.6672,76,2,86,8.3,BOVINO,Brahman,IATF,Ovsynch,26.9,CHUVOSA,0.7,0.02,0
3.0,0.56,62,2,59,8.2,BOVINO,Tabapuã,IATF,P4+EB 7 dias,22.4,SECA,0.75,0.0146,1
2.5,0.43,55,0,123,4.2,CAPRINO,Saanen,IATF,Crestar,18.0,CHUVOSA,0.39,0.0437,0
3.0,0.92,101,1,100,15.0,OVINO,Santa Inês,IATF,OvSynch,27.5,SECA,0.75,0.06,1
3.0,0.6672,168,0,14,5.5,BOVINO,Nelore,IA_CONVENCIONAL,IA_CONVENCIONAL,28.9,CHUVOSA,0.7,0.02,0
1.5,0.19,71,7,105,4.6,OVINO,Dorper,IATF,CIDR+GnRH,25.4,SECA,0.64,0.0338,0
3.5,0.76,73,2,125,4.2,BOVINO,Tabapuã,IATF,P4+EB 7 dias,24.5,SECA,0.8,0.0259,1
3.0,0.5726,230,1,53,5.0,OVINO,Somalis,IA_CONVENCIONAL,IA_CONVENCIONAL,22.5,CHUVOSA,0.7,0.02,1
3.0,0.47,65,2,81,5.1,BOVINO,Simmental,IA_CONVENCIONAL,IA_CONVENCIONAL,30.3,CHUVOSA,0.6,0.0165,0
2.0,0.6259,208,2,108,3.8,CAPRINO,Anglo Nubiana,IA_CONVENCIONAL,IA_CONVENCIONAL,34.3,SECA,0.7,0.02,1
4.0,0.5726,276,1,49,4.2,OVINO,Somalis,IA_CONVENCIONAL,IA_CONVENCIONAL,32.6,CHUVOSA,0.7,0.02,1
3.5,0.81,80,0,122,7.6,OVINO,Suffolk,IATF,Crestar,29.7,SECA,0.4,0.0107,1
2.5,0.36,35,7,65,6.8,CAPRINO,Moxotó,IA_CONVENCIONAL,IA_CONVENCIONAL,26.0,CHUVOSA,0.61,0.06,0
5.0,0.6672,154,5,71,7.8,BOVINO,Gir,IATF,Select Synch,21.8,CHUVOSA,0.7,0.02,1
3.5,0.71,97,3,127,7.3,BOVINO,Nelore,IATF,Crestar,23.4,SECA,0.76,0.06,1
2.5,0.41,15,8,64,6.5,CAPRINO,Boer,IA_CONVENCIONAL,IA_CONVENCIONAL,28.7,CHUVOSA,0.46,0.029,0
3.0,0.6672,233,2,54,4.1,BOVINO,Guzerá,IA_CONVENCIONAL,IA_CONVENCIONAL,22.9,SECA,0.7,0.02,0
3.5,0.7,50,1,33,2.2,OVINO,Somalis Brasileira,IA_CONVENCIONAL,IA_CONVENCIONAL,34.1,CHUVOSA,0.46,0.06,0
3.5,0.72,92,2,172,9.8,CAPRINO,Anglo-nubiano,IATF,OvSynch,32.9,SECA,0.45,0.0002,1
2.5,0.3,47,1,115,5.1,CAPRINO,Moxotó,IATF,CIDR+GnRH,26.5,CHUVOSA,0.78,0.005,0
4.0,0.67,95,4,92,5.2,CAPRINO,Boer,IATF,Crestar,28.8,SECA,0.69,0.0112,1
3.0,0.46,28,8,99,4.5,OVINO,Somalis Brasileira,IA_CONVENCIONAL,IA_CONVENCIONAL,25.1,CHUVOSA,0.46,0.06,0
2.0,0.3,38,1,142,8.8,BOVINO,Gir,IATF,Crestar,29.9,SECA,0.48,0.0391,0
4.0,0.86,74,4,87,5.9,CAPRINO,Anglo-nubiano,IATF,P4+EB 7 dias,24.8,CHUVOSA,0.8,0.0117,1
4.0,0.5726,169,0,111,3.2,OVINO,Somalis,IATF,Sem protocolo,30.0,SECA,0.7,0.02,0
2.5,0.48,68,1,68,4.7,CAPRINO,Anglo-nubiano,IATF,P4+EB 7 dias,36.8,SECA,0.78,0.06,0
3.5,0.78,91,3,165,5.7,BOVINO,Nelore,IA_CONVENCIONAL,IA_CONVENCIONAL,26.8,SECA,0.66,0.0201,1
3.0,0.66,89,1,126,10.1,BOVINO,Guzerá,IA_CONVENCIONAL,IA_CONVENCIONAL,28.4,SECA,0.93,0.0208,1
3.5,0.63,81,1,146,4.6,BOVINO,Tabapuã,IATF,P4+EB 7 dias,27.6,CHUVOSA,0.92,0.0253,1
3.5,0.56,81,2,32,6.8,CAPRINO,Saanen,IATF,OvSynch,18.7,CHUVOSA,0.77,0.0087,1
2.0,0.55,18,5,12,4.9,CAPRINO,Moxotó,IATF,P4+EB 7 dias,25.0,CHUVOSA,0.76,0.2012,0
3.5,0.68,48,5,133,4.7,BOVINO,Gir,IA_CONVENCIONAL,IA_CONVENCIONAL,24.0,CHUVOSA,0.91,0.0308,1
2.0,0.5726,136,3,93,6.1,OVINO,Bergamácia,IA_CONVENCIONAL,IA_CONVENCIONAL,38.5,CHUVOSA,0.7,0.02,0
5.0,0.5,33,4,1,7.6,BOVINO,Tabapuã,IA_CONVENCIONAL,IA_CONVENCIONAL,27.6,CHUVOSA,0.45,0.0271,0
5.0,0.29,50,4,109,4.8,BOVINO,Guzerá,IATF,OvSynch,32.7,CHUVOSA,0.55,0.06,0
2.0,0.28,45,1,147,4.0,BOVINO,Tabapuã,IA_CONVENCIONAL,IA_CONVENCIONAL,32.4,SECA,0.26,0.06,0
5.0,0.63,25,0,165,7.2,BOVINO,Guzerá,IA_CONVENCIONAL,IA_CONVENCIONAL,26.5,SECA,0.64,0.06,0
3.0,0.6672,140,3,89,7.7,BOVINO,Tabapuã,IATF,Sem protocolo,27.9,SECA,0.7,0.02,0
1.5,0.42,43,7,75,5.9,BOVINO,Tabapuã,IATF,P4+EB 7 dias,23.4,SECA,0.84,0.0559,0
4.0,0.68,101,2,68,5.1,CAPRINO,Moxotó,IATF,CIDR+GnRH,30.7,SECA,0.93,0.0104,1
4.0,0.5726,169,0,100,5.8,OVINO,Bergamácia,IATF,Ovsynch,38.9,CHUVOSA,0.7,0.02,1
3.5,0.31,55,2,14,4.0,CAPRINO,Moxotó,IATF,CIDR+GnRH,31.1,CHUVOSA,0.92,0.06,0
3.0,0.6672,288,4,9,6.0,BOVINO,Sindi,IA_CONVENCIONAL,IA_CONVENCIONAL,20.8,CHUVOSA,0.7,0.02,1
3.0,0.6672,218,3,120,5.7,BOVINO,Gir,IA_CONVENCIONAL,IA_CONVENCIONAL,27.0,SECA,0.7,0.02,1
4.0,0.6672,168,0,48,5.3,BOVINO,Sindi,IATF,Sem protocolo,25.7,CHUVOSA,0.7,0.02,1
4.0,0.6,73,6,33,10.0,BOVINO,Simmental,IA_CONVENCIONAL,IA_CONVENCIONAL,26.9,CHUVOSA,0.92,0.0412,1
1.5,0.56,23,3,73,7.1,CAPRINO,Anglo-nubiano,IATF,Crestar,29.5,CHUVOSA,0.8,0.0124,0
3.5,0.73,90,1,30,9.0,OVINO,Morada Nova,IATF,Crestar,26.8,CHUVOSA,0.69,0.0025,1
3.5,0.65,90,4,41,4.9,CAPRINO,Moxotó,IATF,CIDR+GnRH,23.0,CHUVOSA,0.95,0.0181,1
5.0,0.6672,168,0,37,6.6,BOVINO,Sindi,IATF,Sem protocolo,30.8,SECA,0.7,0.02,0
5.0,0.5726,30,2,43,4.5,OVINO,Santa Inês,IATF,GnRH+PGF2α,27.8,SECA,0.7,0.02,1
3.0,0.6672,168,0,50,6.7,BOVINO,Brahman,IA_CONVENCIONAL,IA_CONVENCIONAL,36.5,CHUVOSA,0.7,0.02,0
4.0,0.5726,296,1,40,4.9,OVINO,Dorper,IA_CONVENCIONAL,IA_CONVENCIONAL,31.4,SECA,0.7,0.02,1
4.0,0.6672,168,0,92,4.3,BOVINO,Nelore,IA_CONVENCIONAL,IA_CONVENCIONAL,35.0,CHUVOSA,0.7,0.02,1
3.0,0.7,91,4,51,8.1,OVINO,Suffolk,IATF,P4+EB 7 dias,27.0,CHUVOSA,0.69,0.0447,1
3.0,0.5726,44,5,84,6.7,OVINO,Somalis,IATF,Select Synch,22.9,CHUVOSA,0.7,0.02,1
2.0,0.6672,168,0,79,9.2,BOVINO,Canchim,IA_CONVENCIONAL,IA_CONVENCIONAL,29.6,CHUVOSA,0.7,0.02,0
4.0,0.6672,168,0,55,10.4,BOVINO,Sindi,IA_CONVENCIONAL,IA_CONVENCIONAL,28.6,SECA,0.7,0.02,1
3.0,0.3,46,2,65,3.2,BOVINO,Gir,IATF,Crestar,26.6,SECA,0.3,0.0326,0
3.5,0.85,80,3,32,6.8,OVINO,Dorper,IATF,P4+EB 7 dias,21.6,SECA,0.64,0.0364,1
3.0,0.73,77,3,135,11.0,BOVINO,Gir,IA_CONVENCIONAL,IA_CONVENCIONAL,20.8,SECA,0.77,0.011,1
3.0,0.41,62,3,79,3.3,CAPRINO,Boer,IATF,Crestar,23.8,CHUVOSA,0.89,0.06,1
3.0,0.07,49,5,1,3.4,BOVINO,Angus,IATF,P4+EB 7 dias,20.6,CHUVOSA,0.8,0.0026,0
2.0,0.6672,197,3,32,7.1,BOVINO,Girolando,IA_CONVENCIONAL,IA_CONVENCIONAL,28.0,SECA,0.7,0.02,1
3.5,0.7,67,2,52,6.3,CAPRINO,Boer,IATF,OvSynch,26.0,CHUVOSA,0.92,0.0119,1
4.0,0.63,88,1,159,3.0,OVINO,Santa Inês,IATF,P4+EB 7 dias,32.2,SECA,0.67,0.06,1
1.0,0.39,45,0,83,4.7,BOVINO,Guzerá,IA_CONVENCIONAL,IA_CONVENCIONAL,30.1,CHUVOSA,0.48,0.06,0
3.5,0.89,79,1,62,7.2,OVINO,Santa Inês,IATF,Crestar,25.2,SECA,0.46,0.0048,1
5.0,0.6672,168,0,81,7.2,BOVINO,Sindi,IATF,Sem protocolo,25.5,SECA,0.7,0.02,1
3.0,0.5726,169,0,10,5.9,OVINO,Somalis,IA_CONVENCIONAL,IA_CONVENCIONAL,18.9,CHUVOSA,0.7,0.02,1
3.0,0.5726,169,0,12,7.1,OVINO,Bergamácia,IA_CONVENCIONAL,IA_CONVENCIONAL,22.8,SECA,0.7,0.02,0
4.0,0.6672,168,0,56,6.6,BOVINO,Tabapuã,IATF,Cosynch,18.8,SECA,0.7,0.02,1
4.0,0.5726,169,0,110,5.8,OVINO,Santa Inês,IA_CONVENCIONAL,IA_CONVENCIONAL,29.6,SECA,0.7,0.02,0
4.5,0.67,103,2,120,8.8,OVINO,Suffolk,IA_CONVENCIONAL,IA_CONVENCIONAL,29.2,SECA,0.45,0.0243,1
5.0,0.6259,157,0,39,5.0,CAPRINO,Boer,IATF,Sem protocolo,28.2,CHUVOSA,0.7,0.02,1
3.0,0.24,15,8,14,5.6,BOVINO,Brahman,IATF,CIDR+GnRH,22.0,CHUVOSA,0.66,0.06,0
5.0,0.5726,197,3,45,3.8,OVINO,Dorper,IATF,Cosynch,28.0,CHUVOSA,0.7,0.02,1
3.5,0.76,80,3,146,7.6,OVINO,Dorper,IATF,CIDR+GnRH,26.5,CHUVOSA,0.86,0.06,1
2.0,0.6672,49,4,24,7.3,BOVINO,Canchim,IA_CONVENCIONAL,IA_CONVENCIONAL,37.5,SECA,0.7,0.02,0
3.0,0.5726,169,0,13,6.4,OVINO,Dorper,IA_CONVENCIONAL,IA_CONVENCIONAL,26.2,SECA,0.7,0.02,1
3.5,0.85,64,2,36,9.2,BOVINO,Tabapuã,IATF,P4+EB 7 dias,32.9,SECA,0.69,0.0146,1
3.5,0.79,73,1,49,9.1,BOVINO,Nelore,IATF,OvSynch,29.9,SECA,0.63,0.0121,1
4.0,0.5726,298,1,120,6.0,OVINO,Bergamácia,IA_CONVENCIONAL,IA_CONVENCIONAL,23.0,CHUVOSA,0.7,0.02,1
4.0,0.6259,42,1,116,6.3,CAPRINO,Boer,IA_CONVENCIONAL,IA_CONVENCIONAL,21.1,SECA,0.7,0.02,1
3.5,0.05,41,2,95,9.2,BOVINO,Tabapuã,IATF,CIDR+GnRH,29.0,CHUVOSA,0.83,0.06,0
2.0,0.33,55,0,142,5.8,OVINO,Morada Nova,IA_CONVENCIONAL,IA_CONVENCIONAL,28.2,SECA,0.49,0.06,0
4.0,0.71,49,5,132,6.6,BOVINO,Gir,IATF,Crestar,30.3,SECA,0.49,0.024,1
3.0,0.5726,169,0,36,6.3,OVINO,Texel,IA_CONVENCIONAL,IA_CONVENCIONAL,19.6,CHUVOSA,0.7,0.02,0
3.0,0.6259,260,1,38,5.4,CAPRINO,Repartida,IA_CONVENCIONAL,IA_CONVENCIONAL,34.5,SECA,0.7,0.02,1
2.5,0.18,15,2,147,4.7,BOVINO,Angus,IATF,CIDR+GnRH,35.6,SECA,0.64,0.06,0
1.5,0.5,45,0,13,2.0,BOVINO,Angus,IA_CONVENCIONAL,IA_CONVENCIONAL,30.9,SECA,0.55,0.0098,0
3.0,0.6672,168,0,38,4.8,BOVINO,Gir,IA_CONVENCIONAL,IA_CONVENCIONAL,18.7,SECA,0.7,0.02,1
2.5,0.07,54,0,177,8.1,BOVINO,Guzerá,IATF,OvSynch,33.7,SECA,0.35,0.0328,0
3.0,0.6672,188,4,77,4.4,BOVINO,Guzerá,IA_CONVENCIONAL,IA_CONVENCIONAL,28.0,SECA,0.7,0.02,1
4.0,0.6672,170,3,20,4.8,BOVINO,Nelore,IA_CONVENCIONAL,IA_CONVENCIONAL,33.0,SECA,0.7,0.02,1
3.5,1.0,102,2,22,4.0,OVINO,Suffolk,IATF,P4+EB 7 dias,26.7,CHUVOSA,0.73,0.0411,1
3.0,0.6672,168,0,8,6.4,BOVINO,Brahman,IATF,Sem protocolo,30.2,CHUVOSA,0.7,0.02,1
3.0,0.6672,168,0,55,8.5,BOVINO,Nelore,IA_CONVENCIONAL,IA_CONVENCIONAL,34.4,CHUVOSA,0.7,0.02,0
4.0,0.63,84,0,62,6.8,OVINO,Suffolk,IATF,CIDR+GnRH,27.0,CHUVOSA,0.53,0.06,1
2.5,0.42,67,0,47,3.1,CAPRINO,Moxotó,IA_CONVENCIONAL,IA_CONVENCIONAL,22.8,CHUVOSA,0.22,0.0093,0
3.0,0.5726,266,1,75,8.0,OVINO,Santa Inês,IA_CONVENCIONAL,IA_CONVENCIONAL,39.6,CHUVOSA,0.7,0.02,0
4.0,0.6259,110,1,93,4.9,CAPRINO,Saanen,IA_CONVENCIONAL,IA_CONVENCIONAL,22.4,CHUVOSA,0.7,0.02,0
3.0,0.6672,160,6,49,7.7,BOVINO,Tabapuã,IA_CONVENCIONAL,IA_CONVENCIONAL,23.0,SECA,0.7,0.02,0
2.5,0.78,65,2,154,8.2,CAPRINO,Saanen,IATF,OvSynch,19.1,CHUVOSA,0.53,0.0274,1
3.5,0.87,104,4,179,9.1,BOVINO,Angus,IATF,Crestar,25.4,SECA,0.91,0.0302,1
3.0,0.6259,202,2,78,5.6,CAPRINO,Toggenburg,IATF,Sem protocolo,26.7,CHUVOSA,0.7,0.02,1
4.0,0.73,97,1,100,8.5,BOVINO,Nelore,IATF,P4+EB 7 dias,24.6,SECA,0.62,0.0518,1
2.5,0.77,67,2,161,8.5,OVINO,Somalis Brasileira,IATF,OvSynch,28.4,SECA,0.78,0.0331,1
4.0,0.89,75,3,94,6.8,BOVINO,Tabapuã,IA_CONVENCIONAL,IA_CONVENCIONAL,27.6,SECA,0.92,0.06,1
4.0,0.5726,186,5,114,5.5,OVINO,Morada Nova,IATF,Sem protocolo,37.9,SECA,0.7,0.02,0
3.5,0.66,93,2,157,6.3,OVINO,Somalis Brasileira,IATF,P4+EB 7 dias,27.8,SECA,0.71,0.0035,1
5.0,0.6672,168,0,47,6.8,BOVINO,Gir,IA_CONVENCIONAL,IA_CONVENCIONAL,24.7,SECA,0.7,0.02,1
1.0,0.6672,187,3,103,7.7,BOVINO,Canchim,IATF,Select Synch,25.0,SECA,0.7,0.02,1
2.5,0.36,39,7,19,10.4,BOVINO,Angus,IA_CONVENCIONAL,IA_CONVENCIONAL,18.0,CHUVOSA,0.44,0.0236,0
5.0,0.6672,168,0,16,5.5,BOVINO,Sindi,IATF,P4+BE+PGF,29.5,SECA,0.7,0.02,1
4.5,0.09,46,2,149,4.1,OVINO,Morada Nova,IATF,Crestar,29.0,CHUVOSA,0.57,0.06,0
2.0,0.6672,168,0,14,6.1,BOVINO,Tabapuã,IA_CONVENCIONAL,IA_CONVENCIONAL,18.8,SECA,0.7,0.02,0
2.5,0.38,30,2,174,4.3,CAPRINO,Boer,IATF,OvSynch,33.4,SECA,0.41,0.0573,0
3.0,0.67,60,3,95,8.2,CAPRINO,Boer,IA_CONVENCIONAL,IA_CONVENCIONAL,28.9,CHUVOSA,0.51,0.0262,1
3.5,0.92,102,1,57,12.0,BOVINO,Nelore,IA_CONVENCIONAL,IA_CONVENCIONAL,27.7,SECA,0.65,0.0313,1
3.5,0.65,45,1,175,5.8,OVINO,Morada Nova,IA_CONVENCIONAL,IA_CONVENCIONAL,32.9,CHUVOSA,0.55,0.06,1
4.0,0.68,85,1,53,7.5,OVINO,Santa Inês,IATF,CIDR+GnRH,26.9,SECA,0.87,0.029,1
5.0,0.5726,253,1,86,7.5,OVINO,Texel,IA_CONVENCIONAL,IA_CONVENCIONAL,35.9,CHUVOSA,0.7,0.02,1
4.0,0.56,74,3,64,7.0,OVINO,Morada Nova,IATF,P4+EB 7 dias,27.1,SECA,0.77,0.0193,1
3.0,0.82,87,1,158,9.9,OVINO,Morada Nova,IATF,P4+EB 7 dias,27.1,CHUVOSA,0.45,0.0427,1
3.0,0.85,82,2,42,7.8,BOVINO,Angus,IATF,CIDR+GnRH,28.6,CHUVOSA,0.81,0.06,1
4.5,0.31,45,0,101,4.9,OVINO,Somalis Brasileira,IA_CONVENCIONAL,IA_CONVENCIONAL,27.8,CHUVOSA,0.92,0.0461,0
3.0,0.5726,240,1,69,5.3,OVINO,Santa Inês,IA_CONVENCIONAL,IA_CONVENCIONAL,35.0,CHUVOSA,0.7,0.02,1
4.0,0.6672,168,0,87,6.6,BOVINO,Brahman,IA_CONVENCIONAL,IA_CONVENCIONAL,19.1,SECA,0.7,0.02,0
3.5,0.68,83,5,102,6.5,BOVINO,Nelore,IA_CONVENCIONAL,IA_CONVENCIONAL,27.3,CHUVOSA,0.88,0.0031,1
3.5,0.65,62,5,51,4.8,OVINO,Suffolk,IATF,CIDR+GnRH,30.1,CHUVOSA,0.78,0.0016,1
3.5,0.76,96,2,147,7.2,CAPRINO,Anglo-nubiano,IATF,P4+EB 7 dias,23.6,CHUVOSA,0.86,0.0457,1
2.5,0.8,100,2,21,10.9,BOVINO,Brahman,IATF,P4+EB 7 dias,28.9,SECA,0.82,0.0323,1
3.5,0.54,60,4,144,9.9,BOVINO,Tabapuã,IA_CONVENCIONAL,IA_CONVENCIONAL,19.8,SECA,0.59,0.0206,1
3.5,0.7,59,2,39,6.1,CAPRINO,Moxotó,IATF,OvSynch,27.8,SECA,0.5,0.0595,1
3.5,0.34,49,2,115,0.0,OVINO,Somalis Brasileira,IATF,Crestar,30.9,CHUVOSA,0.5,0.0108,0
4.0,0.85,63,3,178,10.2,CAPRINO,Anglo-nubiano,IA_CONVENCIONAL,IA_CONVENCIONAL,27.5,SECA,0.58,0.0146,1
4.0,0.5726,121,2,97,6.6,OVINO,Dorper,IATF,Sem protocolo,19.4,CHUVOSA,0.7,0.02,0
3.0,0.44,37,1,18,4.2,OVINO,Suffolk,IATF,CIDR+GnRH,28.3,SECA,0.27,0.0024,0
3.5,0.51,100,1,35,8.7,OVINO,Santa Inês,IA_CONVENCIONAL,IA_CONVENCIONAL,30.6,SECA,0.71,0.0418,1
4.5,0.47,94,2,131,7.5,BOVINO,Gir,IATF,CIDR+GnRH,31.6,SECA,0.76,0.0093,1
5.0,0.55,59,2,119,4.5,CAPRINO,Boer,IATF,OvSynch,20.9,CHUVOSA,0.86,0.06,0
4.0,0.6672,168,0,10,5.1,BOVINO,Tabapuã,IA_CONVENCIONAL,IA_CONVENCIONAL,27.5,CHUVOSA,0.7,0.02,1
2.5,0.4,72,2,142,10.8,OVINO,Suffolk,IATF,OvSynch,27.8,SECA,0.47,0.0152,1
3.0,0.6672,168,0,25,5.5,BOVINO,Gir,IATF,Ovsynch,23.3,SECA,0.7,0.02,1
4.0,0.84,83,2,113,8.0,OVINO,Dorper,IATF,P4+EB 7 dias,28.9,SECA,0.5,0.0169,1
4.0,0.5726,169,0,85,8.3,OVINO,Dorper,IATF,IATF 7 dias,31.4,SECA,0.7,0.02,1
3.0,0.5,114,4,135,8.5,BOVINO,Nelore,IATF,P4+EB 7 dias,20.8,SECA,0.72,0.0116,1
3.0,0.88,113,1,57,7.9,OVINO,Dorper,IATF,CIDR+GnRH,33.4,CHUVOSA,0.68,0.06,1
4.0,0.86,60,1,128,6.8,BOVINO,Guzerá,IA_CONVENCIONAL,IA_CONVENCIONAL,29.8,SECA,0.73,0.0281,1
3.0,0.6259,188,4,5,4.4,CAPRINO,Anglo Nubiana,IATF,Ovsynch,34.0,SECA,0.7,0.02,0
3.5,0.61,107,3,94,11.3,CAPRINO,Boer,IATF,OvSynch,23.2,SECA,0.84,0.0143,1
3.0,0.5726,169,0,39,6.3,OVINO,Somalis,IA_CONVENCIONAL,IA_CONVENCIONAL,37.6,SECA,0.7,0.02,1
3.0,0.5726,169,0,81,4.1,OVINO,Morada Nova,IA_CONVENCIONAL,IA_CONVENCIONAL,25.7,CHUVOSA,0.7,0.02,0
3.0,0.5726,169,0,78,5.1,OVINO,Texel,IATF,Sem protocolo,20.2,SECA,0.7,0.02,1
4.0,0.6672,168,0,86,7.4,BOVINO,Girolando,IA_CONVENCIONAL,IA_CONVENCIONAL,30.4,CHUVOSA,0.7,0.02,0
4.0,0.5726,169,0,51,4.9,OVINO,Bergamácia,IATF,GnRH+PGF2α,35.0,CHUVOSA,0.7,0.02,1
3.0,0.65,70,2,50,10.2,CAPRINO,Anglo-nubiano,IATF,Crestar,29.1,CHUVOSA,0.86,0.014,1
2.0,0.5726,169,0,71,6.0,OVINO,Texel,IA_CONVENCIONAL,IA_CONVENCIONAL,29.8,SECA,0.7,0.02,1
4.0,0.78,71,2,144,5.2,BOVINO,Simmental,IA_CONVENCIONAL,IA_CONVENCIONAL,30.1,CHUVOSA,0.7,0.0019,1
5.0,0.6672,205,1,86,3.9,BOVINO,Tabapuã,IATF,GnRH+PGF2α,33.1,SECA,0.7,0.02,0
3.0,0.68,81,3,86,6.4,BOVINO,Tabapuã,IATF,P4+EB 7 dias,22.1,CHUVOSA,0.81,0.0208,1
3.0,0.6259,157,0,92,4.6,CAPRINO,Toggenburg,IA_CONVENCIONAL,IA_CONVENCIONAL,31.9,SECA,0.7,0.02,1
2.0,0.3,56,2,32,2.0,BOVINO,Tabapuã,IATF,P4+EB 7 dias,30.4,CHUVOSA,0.8,0.0262,0
4.0,0.6672,205,1,108,9.7,BOVINO,Brahman,IATF,P4+EB,36.9,SECA,0.7,0.02,1
3.0,0.5726,169,0,22,3.1,OVINO,Morada Nova,IA_CONVENCIONAL,IA_CONVENCIONAL,33.7,SECA,0.7,0.02,0
4.0,0.57,67,3,163,8.8,OVINO,Somalis Brasileira,IATF,OvSynch,30.9,SECA,0.75,0.06,1
4.0,0.6672,211,1,100,6.9,BOVINO,Gir,IA_CONVENCIONAL,IA_CONVENCIONAL,27.5,SECA,0.7,0.02,1
3.5,0.7,102,2,48,3.8,CAPRINO,Anglo-nubiano,IATF,CIDR+GnRH,27.7,SECA,0.85,0.0561,1
3.5,0.76,93,3,86,7.7,BOVINO,Tabapuã,IA_CONVENCIONAL,IA_CONVENCIONAL,26.2,SECA,0.64,0.029,1
3.0,0.31,36,2,56,4.3,CAPRINO,Moxotó,IA_CONVENCIONAL,IA_CONVENCIONAL,25.5,CHUVOSA,0.64,0.0067,0
3.5,0.68,73,2,126,8.3,CAPRINO,Saanen,IATF,OvSynch,27.7,CHUVOSA,0.56,0.0022,1
4.0,0.5726,41,1,75,5.0,OVINO,Texel,IA_CONVENCIONAL,IA_CONVENCIONAL,26.6,CHUVOSA,0.7,0.02,0
4.0,0.6672,69,1,97,6.1,BOVINO,Sindi,IA_CONVENCIONAL,IA_CONVENCIONAL,25.1,SECA,0.7,0.02,1
3.5,0.73,83,6,21,5.6,OVINO,Somalis Brasileira,IA_CONVENCIONAL,IA_CONVENCIONAL,25.0,SECA,0.66,0.0161,1
4.0,0.5726,273,3,46,10.0,OVINO,Santa Inês,IATF,Ovsynch,34.7,CHUVOSA,0.7,0.02,1
5.0,0.6672,287,2,73,6.7,BOVINO,Gir,IATF,Resynch,29.7,CHUVOSA,0.7,0.02,1
2.0,0.6672,168,0,22,6.9,BOVINO,Brahman,IA_CONVENCIONAL,IA_CONVENCIONAL,25.9,SECA,0.7,0.02,0
3.0,0.56,18,3,49,5.9,OVINO,Morada Nova,IA_CONVENCIONAL,IA_CONVENCIONAL,28.8,CHUVOSA,0.69,0.0548,0
2.0,0.24,41,3,80,7.2,BOVINO,Tabapuã,IATF,P4+EB 7 dias,25.0,SECA,0.32,0.034,0
3.0,0.44,69,0,47,3.5,CAPRINO,Anglo-nubiano,IATF,Crestar,25.2,SECA,0.32,0.0489,0
3.5,0.54,69,5,147,6.8,CAPRINO,Saanen,IATF,CIDR+GnRH,19.8,CHUVOSA,0.48,0.018,1
3.0,0.6259,157,0,87,4.4,CAPRINO,Boer,IA_CONVENCIONAL,IA_CONVENCIONAL,32.6,SECA,0.7,0.02,1
2.0,0.5726,169,0,51,6.4,OVINO,Dorper,IA_CONVENCIONAL,IA_CONVENCIONAL,31.3,CHUVOSA,0.7,0.02,0
3.5,0.63,84,2,176,8.3,CAPRINO,Saanen,IA_CONVENCIONAL,IA_CONVENCIONAL,28.1,SECA,0.67,0.0496,1
1.0,0.6672,168,0,90,5.7,BOVINO,Gir,IA_CONVENCIONAL,IA_CONVENCIONAL,21.0,SECA,0.7,0.02,0
4.0,0.6672,68,4,89,6.0,BOVINO,Gir,IA_CONVENCIONAL,IA_CONVENCIONAL,37.1,SECA,0.7,0.02,1
4.0,0.5726,74,2,80,5.5,OVINO,Morada Nova,IA_CONVENCIONAL,IA_CONVENCIONAL,27.3,SECA,0.7,0.02,1
3.5,0.55,78,1,69,7.5,BOVINO,Nelore,IATF,CIDR+GnRH,26.1,CHUVOSA,0.94,0.0322,1
4.0,0.6259,157,0,78,6.5,CAPRINO,Anglo Nubiana,IATF,Cosynch,34.7,CHUVOSA,0.7,0.02,1
5.0,0.5726,169,0,109,6.7,OVINO,Texel,IA_CONVENCIONAL,IA_CONVENCIONAL,20.2,SECA,0.7,0.02,1
3.0,0.6672,254,1,98,4.3,BOVINO,Nelore,IA_CONVENCIONAL,IA_CONVENCIONAL,18.2,CHUVOSA,0.7,0.02,0
5.0,0.5726,132,1,92,7.0,OVINO,Somalis,IA_CONVENCIONAL,IA_CONVENCIONAL,26.2,SECA,0.7,0.02,1
3.5,0.67,100,1,82,5.8,BOVINO,Brahman,IATF,P4+EB 7 dias,20.7,CHUVOSA,0.69,0.0492,1
4.0,0.6672,101,1,34,4.6,BOVINO,Gir,IATF,Ovsynch,21.1,CHUVOSA,0.7,0.02,1
5.0,0.18,37,3,136,4.4,CAPRINO,Moxotó,IA_CONVENCIONAL,IA_CONVENCIONAL,31.1,SECA,0.34,0.06,0
1.5,0.31,71,2,4,5.4,BOVINO,Nelore,IATF,CIDR+GnRH,28.0,CHUVOSA,0.77,0.06,0
3.0,0.5726,252,2,102,4.9,OVINO,Bergamácia,IA_CONVENCIONAL,IA_CONVENCIONAL,34.2,CHUVOSA,0.7,0.02,1
2.0,0.6672,278,3,80,8.7,BOVINO,Sindi,IATF,Resynch,28.1,SECA,0.7,0.02,1
4.0,0.96,71,4,153,12.6,BOVINO,Brahman,IATF,P4+EB 7 dias,30.7,CHUVOSA,0.79,0.039,1
3.5,0.49,59,3,49,6.9,CAPRINO,Moxotó,IATF,Crestar,22.7,SECA,0.89,0.0098,1
4.0,0.6672,168,0,93,6.7,BOVINO,Guzerá,IA_CONVENCIONAL,IA_CONVENCIONAL,23.3,SECA,0.7,0.02,1
2.0,0.33,25,0,47,4.4,CAPRINO,Boer,IATF,CIDR+GnRH,19.2,CHUVOSA,0.57,0.0181,0
2.0,0.5726,140,5,61,5.0,OVINO,Dorper,IATF,P4+BE+PGF,33.3,SECA,0.7,0.02,0
2.0,0.53,39,1,122,11.9,BOVINO,Tabapuã,IA_CONVENCIONAL,IA_CONVENCIONAL,30.9,SECA,0.74,0.2145,0
4.0,0.6672,168,0,66,7.4,BOVINO,Girolando,IA_CONVENCIONAL,IA_CONVENCIONAL,29.3,SECA,0.7,0.02,1
4.0,0.5726,114,4,8,7.3,OVINO,Bergamácia,IATF,IATF 7 dias,34.3,SECA,0.7,0.02,1
5.0,0.16,41,7,77,4.0,OVINO,Morada Nova,IA_CONVENCIONAL,IA_CONVENCIONAL,18.0,CHUVOSA,0.5,0.06,0
2.0,0.6672,168,0,119,5.2,BOVINO,Canchim,IA_CONVENCIONAL,IA_CONVENCIONAL,32.1,CHUVOSA,0.7,0.02,1
3.5,0.86,47,2,150,6.9,OVINO,Santa Inês,IATF,Crestar,27.8,CHUVOSA,0.43,0.0169,1
4.0,0.6259,157,0,58,5.7,CAPRINO,Repartida,IATF,Cosynch,31.1,SECA,0.7,0.02,1
3.5,0.7,70,2,123,3.2,BOVINO,Guzerá,IATF,CIDR+GnRH,27.9,CHUVOSA,0.69,0.0022,1
3.5,0.75,112,0,38,3.9,BOVINO,Brahman,IA_CONVENCIONAL,IA_CONVENCIONAL,24.4,CHUVOSA,0.87,0.0478,1
4.0,0.6672,168,0,80,6.1,BOVINO,Brahman,IATF,P4+EB,36.1,SECA,0.7,0.02,1
2.0,0.5726,169,0,57,8.2,OVINO,Texel,IA_CONVENCIONAL,IA_CONVENCIONAL,38.4,SECA,0.7,0.02,0
3.0,0.55,121,2,48,8.0,CAPRINO,Anglo-nubiano,IATF,Crestar,22.0,CHUVOSA,0.89,0.0027,1
3.5,0.72,64,2,37,4.6,OVINO,Suffolk,IATF,Crestar,34.3,CHUVOSA,0.79,0.0119,1
4.0,0.6672,220,1,61,6.7,BOVINO,Nelore,IATF,Select Synch,34.8,CHUVOSA,0.7,0.02,1
3.0,0.5726,103,4,35,4.3,OVINO,Dorper,IA_CONVENCIONAL,IA_CONVENCIONAL,37.7,SECA,0.7,0.02,1
4.0,0.71,85,1,104,6.3,CAPRINO,Anglo-nubiano,IATF,P4+EB 7 dias,30.3,CHUVOSA,0.62,0.0322,1
3.5,0.39,48,1,47,0.7,BOVINO,Angus,IATF,Crestar,38.5,SECA,0.81,0.2212,0
4.0,0.6672,168,0,32,6.9,BOVINO,Sindi,IATF,Sem protocolo,27.6,CHUVOSA,0.7,0.02,1
4.5,0.29,86,2,74,5.3,BOVINO,Brahman,IATF,P4+EB 7 dias,35.0,SECA,0.3,0.0493,0
3.5,0.92,58,2,33,8.3,CAPRINO,Boer,IATF,CIDR+GnRH,33.3,SECA,0.54,0.0125,1
3.0,0.46,56,3,113,8.2,BOVINO,Tabapuã,IATF,P4+EB 7 dias,23.3,SECA,0.43,0.003,1
3.5,0.66,72,2,43,10.7,CAPRINO,Boer,IATF,CIDR+GnRH,30.9,SECA,0.71,0.0039,1
4.0,0.6672,168,0,93,4.3,BOVINO,Brahman,IA_CONVENCIONAL,IA_CONVENCIONAL,32.6,CHUVOSA,0.7,0.02,0
5.0,0.6259,46,2,32,3.9,CAPRINO,Repartida,IATF,Ovsynch,20.7,SECA,0.7,0.02,1
4.0,0.77,53,2,101,5.9,OVINO,Somalis Brasileira,IATF,OvSynch,25.0,SECA,0.8,0.06,1
5.0,0.09,79,0,86,2.5,CAPRINO,Saanen,IA_CONVENCIONAL,IA_CONVENCIONAL,27.4,CHUVOSA,0.13,0.002,0
2.5,0.75,51,1,174,7.4,OVINO,Morada Nova,IA_CONVENCIONAL,IA_CONVENCIONAL,27.4,CHUVOSA,0.47,0.0382,1
3.0,0.76,51,2,116,7.2,CAPRINO,Moxotó,IA_CONVENCIONAL,IA_CONVENCIONAL,31.0,SECA,0.74,0.06,1
3.0,0.5726,106,1,42,2.6,OVINO,Somalis,IA_CONVENCIONAL,IA_CONVENCIONAL,18.0,CHUVOSA,0.7,0.02,0
5.0,0.6672,212,2,14,4.3,BOVINO,Girolando,IA_CONVENCIONAL,IA_CONVENCIONAL,31.5,SECA,0.7,0.02,1
2.0,0.48,31,0,27,4.4,OVINO,Dorper,IA_CONVENCIONAL,IA_CONVENCIONAL,34.4,CHUVOSA,0.55,0.06,0
4.0,0.5726,200,3,101,4.1,OVINO,Dorper,IA_CONVENCIONAL,IA_CONVENCIONAL,31.2,SECA,0.7,0.02,0
3.0,0.8,81,4,97,8.4,OVINO,Suffolk,IATF,P4+EB 7 dias,25.5,SECA,0.53,0.0226,1
4.0,0.85,65,2,167,6.1,BOVINO,Guzerá,IATF,OvSynch,29.8,SECA,0.47,0.06,1
4.0,0.6672,101,1,97,8.7,BOVINO,Canchim,IATF,P4+EB,30.0,SECA,0.7,0.02,1
4.0,0.5726,48,3,87,7.0,OVINO,Dorper,IATF,Select Synch,21.0,CHUVOSA,0.7,0.02,1
3.0,0.6672,275,1,32,6.8,BOVINO,Gir,IATF,GnRH+PGF2α,34.7,CHUVOSA,0.7,0.02,1
5.0,0.5726,169,0,41,5.3,OVINO,Morada Nova,IA_CONVENCIONAL,IA_CONVENCIONAL,34.4,SECA,0.7,0.02,1
3.5,0.75,125,3,76,3.8,BOVINO,Brahman,IA_CONVENCIONAL,IA_CONVENCIONAL,25.3,CHUVOSA,0.51,0.0152,1
2.5,0.44,26,0,52,2.6,OVINO,Suffolk,IATF,CIDR+GnRH,31.1,CHUVOSA,0.89,0.0352,0
4.0,0.6672,168,0,114,5.1,BOVINO,Canchim,IA_CONVENCIONAL,IA_CONVENCIONAL,33.2,CHUVOSA,0.7,0.02,1
3.0,0.6672,123,2,98,5.6,BOVINO,Gir,IATF,Select Synch,36.1,CHUVOSA,0.7,0.02,1
3.0,0.6259,157,0,68,6.1,CAPRINO,Boer,IA_CONVENCIONAL,IA_CONVENCIONAL,26.6,CHUVOSA,0.7,0.02,1
3.0,0.6672,168,0,76,7.0,BOVINO,Canchim,IATF,P4+BE+PGF,23.9,SECA,0.7,0.02,1
3.5,0.77,62,2,172,8.0,BOVINO,Gir,IATF,OvSynch,31.7,SECA,0.66,0.0498,1
2.5,0.79,73,2,87,5.5,OVINO,Morada Nova,IATF,P4+EB 7 dias,21.4,SECA,0.68,0.0313,1
3.0,0.55,79,3,30,5.8,CAPRINO,Boer,IA_CONVENCIONAL,IA_CONVENCIONAL,24.4,CHUVOSA,0.8,0.0489,1
5.0,0.6672,207,2,109,5.1,BOVINO,Sindi,IATF,Resynch,24.1,SECA,0.7,0.02,1
4.0,0.6259,157,0,52,4.0,CAPRINO,Toggenburg,IA_CONVENCIONAL,IA_CONVENCIONAL,21.9,SECA,0.7,0.02,0
3.5,0.79,78,6,155,10.6,CAPRINO,Anglo-nubiano,IA_CONVENCIONAL,IA_CONVENCIONAL,33.2,SECA,0.79,0.007,1
3.0,0.5726,169,0,6,4.5,OVINO,Bergamácia,IA_CONVENCIONAL,IA_CONVENCIONAL,26.3,CHUVOSA,0.7,0.02,1
5.0,0.6672,193,2,98,6.0,BOVINO,Brahman,IA_CONVENCIONAL,IA_CONVENCIONAL,38.1,SECA,0.7,0.02,1
3.0,0.6672,69,4,68,6.7,BOVINO,Tabapuã,IA_CONVENCIONAL,IA_CONVENCIONAL,28.0,CHUVOSA,0.7,0.02,0
4.0,0.6259,157,0,41,3.8,CAPRINO,Anglo Nubiana,IATF,GnRH+PGF2α,21.8,SECA,0.7,0.02,1
4.0,0.5726,169,0,74,6.3,OVINO,Texel,IA_CONVENCIONAL,IA_CONVENCIONAL,23.0,SECA,0.7,0.02,1
4.0,0.6672,41,3,28,7.2,BOVINO,Gir,IA_CONVENCIONAL,IA_CONVENCIONAL,30.0,CHUVOSA,0.7,0.02,0
2.5,0.41,51,1,177,3.6,OVINO,Morada Nova,IA_CONVENCIONAL,IA_CONVENCIONAL,32.0,SECA,0.45,0.0333,0
5.0,0.6672,168,0,43,6.4,BOVINO,Tabapuã,IA_CONVENCIONAL,IA_CONVENCIONAL,24.4,SECA,0.7,0.02,0
3.5,0.64,98,3,115,7.3,CAPRINO,Saanen,IATF,Crestar,25.6,SECA,0.45,0.0058,1
4.0,0.5726,293,1,82,6.4,OVINO,Dorper,IA_CONVENCIONAL,IA_CONVENCIONAL,32.7,CHUVOSA,0.7,0.02,1
4.0,0.73,73,3,50,4.6,OVINO,Somalis Brasileira,IATF,OvSynch,30.7,SECA,0.52,0.0089,1
2.0,0.31,58,7,94,3.7,BOVINO,Guzerá,IATF,CIDR+GnRH,24.9,CHUVOSA,0.49,0.0009,0
4.5,0.77,82,1,59,7.6,BOVINO,Gir,IATF,OvSynch,28.6,CHUVOSA,0.96,0.0251,1
4.0,0.6259,95,1,68,4.5,CAPRINO,Saanen,IA_CONVENCIONAL,IA_CONVENCIONAL,27.9,CHUVOSA,0.7,0.02,0
3.5,0.58,84,6,97,8.6,CAPRINO,Moxotó,IATF,OvSynch,31.3,SECA,0.83,0.0252,1
3.0,0.6259,157,0,55,4.3,CAPRINO,Toggenburg,IA_CONVENCIONAL,IA_CONVENCIONAL,19.0,SECA,0.7,0.02,1
4.0,0.6259,156,1,46,4.1,CAPRINO,Repartida,IATF,Ovsynch,27.6,SECA,0.7,0.02,1
3.0,0.0,43,2,136,5.7,OVINO,Santa Inês,IA_CONVENCIONAL,IA_CONVENCIONAL,28.4,SECA,0.31,0.017,0
4.0,0.6259,151,2,84,5.6,CAPRINO,Saanen,IA_CONVENCIONAL,IA_CONVENCIONAL,18.7,CHUVOSA,0.7,0.02,1
3.5,0.7,119,5,99,8.1,BOVINO,Brahman,IATF,P4+EB 7 dias,22.2,SECA,0.64,0.0264,1
2.5,0.36,24,0,173,6.6,CAPRINO,Boer,IA_CONVENCIONAL,IA_CONVENCIONAL,20.5,CHUVOSA,0.84,0.0049,0
4.0,0.6259,116,2,91,5.2,CAPRINO,Repartida,IATF,Ovsynch,18.8,CHUVOSA,0.7,0.02,1
4.0,0.6672,168,0,81,4.3,BOVINO,Girolando,IA_CONVENCIONAL,IA_CONVENCIONAL,26.9,SECA,0.7,0.02,0
3.0,0.5726,75,3,29,5.9,OVINO,Bergamácia,IA_CONVENCIONAL,IA_CONVENCIONAL,27.7,SECA,0.7,0.02,1
3.0,0.76,98,0,83,5.4,CAPRINO,Anglo-nubiano,IA_CONVENCIONAL,IA_CONVENCIONAL,30.9,CHUVOSA,0.41,0.06,1
3.0,0.5726,169,0,16,9.5,OVINO,Santa Inês,IATF,Select Synch,24.3,CHUVOSA,0.7,0.02,0
3.0,0.5726,50,3,69,6.2,OVINO,Somalis,IA_CONVENCIONAL,IA_CONVENCIONAL,27.6,SECA,0.7,0.02,1
5.0,0.6259,281,1,20,2.6,CAPRINO,Repartida,IATF,P4+BE+PGF,28.0,SECA,0.7,0.02,0
3.0,0.83,57,0,109,9.1,BOVINO,Tabapuã,IA_CONVENCIONAL,IA_CONVENCIONAL,31.9,SECA,0.67,0.0201,1
3.5,0.69,59,3,122,7.4,CAPRINO,Anglo-nubiano,IATF,Crestar,26.8,SECA,0.71,0.0346,1
5.0,0.6672,109,2,104,5.1,BOVINO,Sindi,IA_CONVENCIONAL,IA_CONVENCIONAL,20.3,SECA,0.7,0.02,1
2.0,0.29,36,1,100,6.5,BOVINO,Tabapuã,IATF,Crestar,26.6,SECA,0.69,0.0253,0
5.0,0.46,63,7,152,2.2,CAPRINO,Moxotó,IATF,Crestar,30.6,CHUVOSA,0.75,0.0152,0
4.0,0.6672,168,0,102,8.9,BOVINO,Brahman,IATF,Cosynch,34.6,CHUVOSA,0.7,0.02,0
4.0,0.5726,169,0,115,6.1,OVINO,Bergamácia,IA_CONVENCIONAL,IA_CONVENCIONAL,24.9,CHUVOSA,0.7,0.02,1
3.5,0.53,88,3,106,8.1,BOVINO,Nelore,IA_CONVENCIONAL,IA_CONVENCIONAL,24.0,CHUVOSA,0.76,0.06,1
2.0,0.6672,117,6,28,6.8,BOVINO,Nelore,IA_CONVENCIONAL,IA_CONVENCIONAL,22.9,CHUVOSA,0.7,0.02,1
3.5,0.83,109,1,98,3.7,BOVINO,Angus,IATF,OvSynch,22.2,CHUVOSA,0.86,0.0031,1
3.0,0.6672,233,2,15,6.5,BOVINO,Nelore,IA_CONVENCIONAL,IA_CONVENCIONAL,38.9,SECA,0.7,0.02,1
3.0,0.6672,107,5,68,6.0,BOVINO,Canchim,IATF,Sem protocolo,39.2,SECA,0.7,0.02,1
4.0,0.6672,168,0,90,6.5,BOVINO,Gir,IA_CONVENCIONAL,IA_CONVENCIONAL,30.8,SECA,0.7,0.02,1
2.0,0.55,64,4,94,3.3,OVINO,Suffolk,IA_CONVENCIONAL,IA_CONVENCIONAL,23.8,CHUVOSA,0.4,0.2098,0
4.0,0.6672,119,1,83,6.3,BOVINO,Girolando,IATF,Resynch,33.2,CHUVOSA,0.7,0.02,1
2.5,0.27,54,0,70,2.3,OVINO,Suffolk,IA_CONVENCIONAL,IA_CONVENCIONAL,31.4,CHUVOSA,0.89,0.0036,0
3.0,0.5726,169,0,118,7.0,OVINO,Dorper,IATF,IATF 7 dias,31.3,SECA,0.7,0.02,1
3.0,0.6259,157,0,17,7.3,CAPRINO,Saanen,IA_CONVENCIONAL,IA_CONVENCIONAL,29.3,CHUVOSA,0.7,0.02,1
3.5,0.64,73,2,122,5.2,OVINO,Dorper,IATF,OvSynch,28.8,SECA,0.93,0.0216,1
4.0,0.27,33,0,148,4.8,OVINO,Dorper,IATF,Crestar,29.1,SECA,0.55,0.0484,0
1.5,0.46,55,4,35,6.0,BOVINO,Simmental,IATF,Crestar,25.7,SECA,0.31,0.06,0
3.0,0.81,65,1,58,8.1,CAPRINO,Anglo-nubiano,IATF,Crestar,33.6,SECA,0.62,0.0043,1
3.5,0.74,83,3,35,12.9,CAPRINO,Saanen,IATF,P4+EB 7 dias,25.5,SECA,0.46,0.0412,1
3.0,0.64,43,4,75,6.7,BOVINO,Simmental,IA_CONVENCIONAL,IA_CONVENCIONAL,28.3,SECA,0.31,0.0083,0
3.5,0.68,60,6,130,10.4,OVINO,Santa Inês,IATF,CIDR+GnRH,27.7,SECA,0.82,0.0545,1
5.0,0.6259,157,0,58,7.7,CAPRINO,Saanen,IA_CONVENCIONAL,IA_CONVENCIONAL,19.3,CHUVOSA,0.7,0.02,0
5.0,0.5726,192,2,58,9.2,OVINO,Bergamácia,IATF,Resynch,23.1,SECA,0.7,0.02,1
3.5,0.72,60,4,136,9.0,CAPRINO,Moxotó,IATF,Crestar,33.0,SECA,0.76,0.0305,1
4.0,0.6259,44,2,95,6.9,CAPRINO,Toggenburg,IATF,Ovsynch,33.4,CHUVOSA,0.7,0.02,1
2.0,0.5726,169,0,77,6.0,OVINO,Bergamácia,IA_CONVENCIONAL,IA_CONVENCIONAL,39.7,CHUVOSA,0.7,0.02,1
2.0,0.34,42,2,6,6.3,CAPRINO,Boer,IA_CONVENCIONAL,IA_CONVENCIONAL,26.7,CHUVOSA,0.72,0.0019,0
3.0,0.81,45,3,105,11.6,CAPRINO,Boer,IATF,Crestar,27.8,CHUVOSA,0.91,0.06,1
3.5,0.84,78,4,101,7.9,BOVINO,Tabapuã,IATF,CIDR+GnRH,28.7,SECA,0.42,0.0053,1
2.0,0.5726,169,0,22,4.3,OVINO,Somalis,IA_CONVENCIONAL,IA_CONVENCIONAL,39.7,CHUVOSA,0.7,0.02,1
2.5,0.45,47,8,10,5.3,OVINO,Morada Nova,IATF,CIDR+GnRH,30.0,SECA,0.51,0.0558,0
3.5,0.72,88,5,123,5.6,OVINO,Dorper,IATF,OvSynch,30.6,SECA,0.55,0.018,1
4.0,0.6672,212,3,72,5.2,BOVINO,Gir,IA_CONVENCIONAL,IA_CONVENCIONAL,33.6,SECA,0.7,0.02,0
3.0,0.6672,168,0,97,9.4,BOVINO,Girolando,IA_CONVENCIONAL,IA_CONVENCIONAL,23.9,SECA,0.7,0.02,1
4.0,0.6672,150,1,69,4.7,BOVINO,Brahman,IA_CONVENCIONAL,IA_CONVENCIONAL,19.7,SECA,0.7,0.02,0
4.5,0.54,43,4,97,8.0,CAPRINO,Boer,IATF,CIDR+GnRH,30.9,CHUVOSA,0.55,0.0048,0
4.0,0.5726,169,0,13,4.8,OVINO,Texel,IATF,Sem protocolo,19.3,SECA,0.7,0.02,0
4.0,0.6259,157,0,41,7.6,CAPRINO,Boer,IA_CONVENCIONAL,IA_CONVENCIONAL,37.7,CHUVOSA,0.7,0.02,1
4.0,0.6,94,4,38,8.7,OVINO,Somalis Brasileira,IATF,CIDR+GnRH,26.4,CHUVOSA,0.52,0.0134,1
4.0,0.5726,169,0,36,5.1,OVINO,Dorper,IA_CONVENCIONAL,IA_CONVENCIONAL,27.6,CHUVOSA,0.7,0.02,0
4.0,0.5726,169,0,25,8.0,OVINO,Morada Nova,IA_CONVENCIONAL,IA_CONVENCIONAL,26.7,CHUVOSA,0.7,0.02,0
4.0,0.23,41,1,123,4.3,CAPRINO,Saanen,IATF,CIDR+GnRH,29.5,CHUVOSA,0.12,0.0147,0
3.0,0.69,57,2,20,7.2,CAPRINO,Anglo-nubiano,IATF,Crestar,26.2,CHUVOSA,0.55,0.0364,1
3.5,0.91,103,2,154,9.7,CAPRINO,Anglo-nubiano,IATF,P4+EB 7 dias,28.0,CHUVOSA,0.96,0.0195,1
5.0,0.43,34,2,151,4.5,CAPRINO,Moxotó,IATF,Crestar,31.0,CHUVOSA,0.47,0.0378,0
3.0,0.6259,258,4,83,5.0,CAPRINO,Anglo Nubiana,IA_CONVENCIONAL,IA_CONVENCIONAL,25.8,CHUVOSA,0.7,0.02,1
1.5,0.46,48,0,35,5.5,CAPRINO,Anglo-nubiano,IA_CONVENCIONAL,IA_CONVENCIONAL,25.9,CHUVOSA,0.74,0.0386,0
1.5,0.42,39,1,40,7.7,CAPRINO,Boer,IA_CONVENCIONAL,IA_CONVENCIONAL,31.0,SECA,0.74,0.0487,0
4.0,0.64,77,4,160,7.5,CAPRINO,Boer,IA_CONVENCIONAL,IA_CONVENCIONAL,34.1,CHUVOSA,0.29,0.0524,1
3.5,0.5,43,5,77,1.0,CAPRINO,Saanen,IATF,OvSynch,22.9,CHUVOSA,0.27,0.2075,0
3.0,0.78,47,1,96,10.5,BOVINO,Simmental,IATF,OvSynch,28.7,SECA,0.8,0.0144,1
3.0,0.4,35,4,8,4.7,OVINO,Santa Inês,IATF,CIDR+GnRH,26.3,CHUVOSA,0.79,0.06,0
3.5,0.74,62,2,160,7.7,CAPRINO,Moxotó,IATF,CIDR+GnRH,24.5,SECA,0.54,0.0063,1
2.0,0.23,71,0,69,7.3,OVINO,Suffolk,IATF,CIDR+GnRH,20.9,CHUVOSA,0.77,0.0229,0
3.5,1.0,88,3,39,7.5,BOVINO,Brahman,IATF,CIDR+GnRH,21.3,CHUVOSA,0.93,0.0062,1
3.0,0.56,37,1,87,3.7,BOVINO,Angus,IA_CONVENCIONAL,IA_CONVENCIONAL,26.9,CHUVOSA,0.62,0.0222,0
1.0,0.6259,157,2,41,6.5,CAPRINO,Boer,IA_CONVENCIONAL,IA_CONVENCIONAL,20.0,SECA,0.7,0.02,0
4.0,0.6672,88,1,88,7.2,BOVINO,Girolando,IATF,Sem protocolo,18.8,CHUVOSA,0.7,0.02,0
1.0,0.6672,168,0,102,7.8,BOVINO,Guzerá,IA_CONVENCIONAL,IA_CONVENCIONAL,22.8,SECA,0.7,0.02,1
2.5,0.57,91,2,144,5.1,BOVINO,Simmental,IATF,CIDR+GnRH,26.0,CHUVOSA,0.25,0.0082,1
3.5,0.81,78,4,20,4.8,OVINO,Santa Inês,IA_CONVENCIONAL,IA_CONVENCIONAL,24.5,SECA,0.92,0.0453,1
4.0,0.6672,168,0,119,7.5,BOVINO,Guzerá,IA_CONVENCIONAL,IA_CONVENCIONAL,39.3,CHUVOSA,0.7,0.02,1
5.0,0.45,32,0,91,0.0,BOVINO,Simmental,IATF,P4+EB 7 dias,25.8,CHUVOSA,0.39,0.138,0
1.5,0.35,30,2,62,4.7,CAPRINO,Moxotó,IATF,CIDR+GnRH,33.4,SECA,0.63,0.06,0
3.5,0.76,73,1,30,8.1,CAPRINO,Saanen,IATF,CIDR+GnRH,25.5,SECA,0.6,0.06,1
3.5,0.59,77,4,49,8.6,BOVINO,Tabapuã,IATF,Crestar,25.5,SECA,0.86,0.0161,1
5.0,0.22,43,3,134,2.1,BOVINO,Guzerá,IA_CONVENCIONAL,IA_CONVENCIONAL,32.6,SECA,0.67,0.1255,0
1.5,0.39,43,1,163,7.1,BOVINO,Nelore,IATF,CIDR+GnRH,19.9,SECA,0.82,0.06,0
2.0,0.23,16,4,47,6.8,OVINO,Somalis Brasileira,IA_CONVENCIONAL,IA_CONVENCIONAL,30.9,SECA,0.86,0.0046,0
4.0,0.6672,89,5,93,7.3,BOVINO,Tabapuã,IATF,P4+BE+PGF,34.6,SECA,0.7,0.02,1
3.5,0.46,99,3,97,7.1,BOVINO,Guzerá,IATF,CIDR+GnRH,26.3,CHUVOSA,0.55,0.0193,1
3.0,0.6672,168,0,118,5.3,BOVINO,Gir,IATF,Ovsynch,36.1,SECA,0.7,0.02,1
2.0,0.42,56,0,28,5.7,BOVINO,Tabapuã,IATF,P4+EB 7 dias,28.1,CHUVOSA,0.78,0.06,0
3.0,0.6259,92,3,109,8.1,CAPRINO,Toggenburg,IA_CONVENCIONAL,IA_CONVENCIONAL,24.3,SECA,0.7,0.02,1
3.0,0.46,47,1,16,3.5,CAPRINO,Anglo-nubiano,IATF,Crestar,22.1,CHUVOSA,0.48,0.06,0
4.0,0.5726,264,1,118,6.0,OVINO,Morada Nova,IA_CONVENCIONAL,IA_CONVENCIONAL,23.4,SECA,0.7,0.02,1
4.0,0.6259,253,2,69,3.8,CAPRINO,Moxotó,IATF,Sem protocolo,28.9,SECA,0.7,0.02,1
3.0,0.6672,168,0,51,4.9,BOVINO,Guzerá,IATF,Select Synch,26.1,CHUVOSA,0.7,0.02,0
3.0,0.5726,195,2,33,6.0,OVINO,Bergamácia,IA_CONVENCIONAL,IA_CONVENCIONAL,18.9,SECA,0.7,0.02,0
4.5,0.48,50,0,35,3.9,BOVINO,Guzerá,IA_CONVENCIONAL,IA_CONVENCIONAL,22.1,CHUVOSA,0.51,0.0383,0
2.0,0.49,27,3,131,4.7,BOVINO,Guzerá,IATF,P4+EB 7 dias,19.7,CHUVOSA,0.34,0.06,0
5.0,0.6672,168,0,84,6.9,BOVINO,Canchim,IATF,P4+BE+PGF,38.8,CHUVOSA,0.7,0.02,1
5.0,0.6672,284,2,31,7.5,BOVINO,Canchim,IA_CONVENCIONAL,IA_CONVENCIONAL,26.3,CHUVOSA,0.7,0.02,1
3.5,0.87,92,4,103,7.5,BOVINO,Guzerá,IATF,CIDR+GnRH,22.9,SECA,0.9,0.0275,1
4.0,0.76,83,2,169,5.8,OVINO,Suffolk,IATF,P4+EB 7 dias,29.1,SECA,0.85,0.0321,1
3.0,0.63,85,0,34,7.6,CAPRINO,Saanen,IA_CONVENCIONAL,IA_CONVENCIONAL,25.3,CHUVOSA,0.76,0.0433,1
3.0,0.5726,169,0,107,5.7,OVINO,Bergamácia,IA_CONVENCIONAL,IA_CONVENCIONAL,36.1,SECA,0.7,0.02,0
3.0,0.78,90,3,83,7.9,BOVINO,Tabapuã,IATF,Crestar,28.0,SECA,0.82,0.038,1
3.0,0.6672,219,3,21,5.8,BOVINO,Sindi,IATF,Sem protocolo,39.3,CHUVOSA,0.7,0.02,0
4.0,0.73,104,2,91,4.1,OVINO,Santa Inês,IA_CONVENCIONAL,IA_CONVENCIONAL,24.0,CHUVOSA,0.58,0.0163,1
4.0,0.5726,169,0,22,6.1,OVINO,Dorper,IATF,P4+BE+PGF,28.2,CHUVOSA,0.7,0.02,1
4.0,0.67,45,4,28,8.6,CAPRINO,Saanen,IATF,CIDR+GnRH,25.7,SECA,0.48,0.06,1
5.0,0.6259,157,0,102,5.0,CAPRINO,Canindé,IATF,Select Synch,32.1,SECA,0.7,0.02,1
4.0,0.6259,131,1,39,7.0,CAPRINO,Moxotó,IA_CONVENCIONAL,IA_CONVENCIONAL,19.1,SECA,0.7,0.02,1
5.0,0.47,42,0,50,6.0,BOVINO,Nelore,IA_CONVENCIONAL,IA_CONVENCIONAL,32.2,CHUVOSA,0.49,0.06,0
4.0,0.6672,251,4,102,5.2,BOVINO,Tabapuã,IA_CONVENCIONAL,IA_CONVENCIONAL,21.4,CHUVOSA,0.7,0.02,1
3.0,0.56,49,4,128,6.9,BOVINO,Simmental,IATF,P4+EB 7 dias,26.9,SECA,0.6,0.0523,1
3.5,0.9,80,3,131,7.2,CAPRINO,Saanen,IATF,CIDR+GnRH,31.1,SECA,0.8,0.0079,1
3.0,0.6672,96,1,116,7.5,BOVINO,Tabapuã,IA_CONVENCIONAL,IA_CONVENCIONAL,22.5,SECA,0.7,0.02,1
3.5,0.67,60,3,34,10.1,CAPRINO,Moxotó,IATF,P4+EB 7 dias,32.2,CHUVOSA,0.37,0.0039,1
2.0,0.6672,96,4,53,5.0,BOVINO,Gir,IATF,GnRH+PGF2α,32.4,CHUVOSA,0.7,0.02,1
3.0,0.7,82,2,119,8.1,CAPRINO,Moxotó,IATF,OvSynch,27.0,SECA,0.46,0.06,1
4.0,0.79,70,5,47,8.3,CAPRINO,Saanen,IATF,OvSynch,27.3,CHUVOSA,0.47,0.0085,1
4.0,0.72,64,6,127,9.3,BOVINO,Gir,IATF,OvSynch,25.2,CHUVOSA,0.9,0.0474,1
4.0,0.86,92,2,63,8.1,OVINO,Dorper,IATF,P4+EB 7 dias,28.8,SECA,0.75,0.0004,1
3.5,0.4,77,5,161,9.7,CAPRINO,Moxotó,IA_CONVENCIONAL,IA_CONVENCIONAL,32.6,SECA,0.66,0.0407,0
3.5,0.58,94,4,116,5.4,CAPRINO,Boer,IATF,CIDR+GnRH,29.2,CHUVOSA,0.92,0.0068,1
3.0,0.6672,168,0,92,4.8,BOVINO,Nelore,IATF,P4+BE+PGF,24.2,SECA,0.7,0.02,1
3.5,0.47,41,2,14,4.2,OVINO,Suffolk,IA_CONVENCIONAL,IA_CONVENCIONAL,38.3,SECA,0.6,0.0378,0
4.0,0.6672,273,1,48,7.6,BOVINO,Guzerá,IA_CONVENCIONAL,IA_CONVENCIONAL,33.5,SECA,0.7,0.02,1
4.0,0.73,67,2,111,10.5,CAPRINO,Anglo-nubiano,IA_CONVENCIONAL,IA_CONVENCIONAL,27.7,SECA,0.41,0.05,1
4.0,0.54,100,1,115,8.9,CAPRINO,Saanen,IATF,P4+EB 7 dias,28.0,CHUVOSA,0.79,0.06,1
3.5,0.74,100,3,141,8.1,BOVINO,Brahman,IATF,OvSynch,27.2,CHUVOSA,0.61,0.0411,1
1.0,0.6672,238,2,32,6.3,BOVINO,Brahman,IA_CONVENCIONAL,IA_CONVENCIONAL,20.9,SECA,0.7,0.02,0
2.0,0.58,15,1,70,3.6,OVINO,Morada Nova,IA_CONVENCIONAL,IA_CONVENCIONAL,28.2,CHUVOSA,0.8,0.0376,0
2.5,0.26,21,0,102,2.6,OVINO,Somalis Brasileira,IATF,CIDR+GnRH,25.9,SECA,0.53,0.024,0
4.0,0.6259,157,0,103,5.2,CAPRINO,Repartida,IA_CONVENCIONAL,IA_CONVENCIONAL,37.6,SECA,0.7,0.02,0
3.5,0.86,85,1,28,11.9,OVINO,Dorper,IATF,P4+EB 7 dias,32.4,SECA,0.94,0.06,1
3.0,0.6672,281,2,92,7.8,BOVINO,Girolando,IATF,Sem protocolo,38.7,CHUVOSA,0.7,0.02,1
2.5,0.56,93,5,156,9.9,BOVINO,Gir,IATF,P4+EB 7 dias,33.1,SECA,0.94,0.0026,1
1.5,0.5,49,0,57,3.7,OVINO,Santa Inês,IA_CONVENCIONAL,IA_CONVENCIONAL,28.0,CHUVOSA,0.63,0.0098,0
2.5,0.29,34,2,121,1.3,BOVINO,Gir,IA_CONVENCIONAL,IA_CONVENCIONAL,27.5,SECA,0.66,0.06,0
4.0,0.6672,107,2,88,7.8,BOVINO,Tabapuã,IATF,Sem protocolo,25.3,SECA,0.7,0.02,1
4.0,0.6672,115,2,120,6.2,BOVINO,Tabapuã,IA_CONVENCIONAL,IA_CONVENCIONAL,25.3,CHUVOSA,0.7,0.02,0
3.5,0.66,85,3,126,6.1,CAPRINO,Anglo-nubiano,IATF,OvSynch,21.8,SECA,0.88,0.0082,1
3.0,0.5726,130,1,22,5.3,OVINO,Dorper,IATF,Ovsynch,25.8,SECA,0.7,0.02,0
4.0,0.6672,168,0,35,6.2,BOVINO,Guzerá,IA_CONVENCIONAL,IA_CONVENCIONAL,32.3,CHUVOSA,0.7,0.02,1
3.5,0.62,77,4,118,9.1,OVINO,Suffolk,IATF,P4+EB 7 dias,31.0,CHUVOSA,0.96,0.0197,1
3.0,0.68,45,3,30,9.4,CAPRINO,Moxotó,IA_CONVENCIONAL,IA_CONVENCIONAL,28.7,SECA,0.74,0.06,1
3.0,0.6672,33,2,43,8.9,BOVINO,Sindi,IATF,P4+EB,39.7,CHUVOSA,0.7,0.02,1
3.0,0.6672,106,1,80,8.0,BOVINO,Sindi,IATF,Sem protocolo,18.6,SECA,0.7,0.02,0
3.0,0.5726,169,0,13,4.8,OVINO,Somalis,IATF,IATF 7 dias,22.2,CHUVOSA,0.7,0.02,0
2.5,0.38,45,2,145,4.8,CAPRINO,Moxotó,IA_CONVENCIONAL,IA_CONVENCIONAL,28.0,CHUVOSA,0.77,0.0367,0
4.0,0.54,88,2,155,7.2,BOVINO,Nelore,IATF,OvSynch,27.5,CHUVOSA,0.93,0.0344,1
3.5,0.54,85,4,164,8.3,CAPRINO,Moxotó,IATF,CIDR+GnRH,23.1,CHUVOSA,0.57,0.0228,1
4.0,0.5726,81,3,97,8.0,OVINO,Texel,IA_CONVENCIONAL,IA_CONVENCIONAL,29.6,SECA,0.7,0.02,1
5.0,0.5726,169,0,72,8.1,OVINO,Dorper,IA_CONVENCIONAL,IA_CONVENCIONAL,21.1,CHUVOSA,0.7,0.02,1
4.0,0.6259,279,1,34,6.6,CAPRINO,Canindé,IATF,Resynch,25.0,CHUVOSA,0.7,0.02,1
3.0,0.63,88,4,126,10.0,CAPRINO,Boer,IA_CONVENCIONAL,IA_CONVENCIONAL,24.8,CHUVOSA,0.92,0.0244,1
3.0,0.6672,95,4,44,6.6,BOVINO,Canchim,IA_CONVENCIONAL,IA_CONVENCIONAL,38.8,SECA,0.7,0.02,0
3.5,0.51,81,3,134,3.5,BOVINO,Angus,IA_CONVENCIONAL,IA_CONVENCIONAL,30.1,CHUVOSA,0.62,0.0118,1
1.0,0.6259,157,0,20,5.6,CAPRINO,Moxotó,IA_CONVENCIONAL,IA_CONVENCIONAL,23.5,SECA,0.7,0.02,0
3.0,0.6259,280,2,113,6.9,CAPRINO,Moxotó,IA_CONVENCIONAL,IA_CONVENCIONAL,32.2,SECA,0.7,0.02,1
3.0,0.6672,168,0,77,5.5,BOVINO,Sindi,IA_CONVENCIONAL,IA_CONVENCIONAL,19.4,CHUVOSA,0.7,0.02,1
3.0,0.44,64,4,154,6.6,CAPRINO,Anglo-nubiano,IATF,OvSynch,27.1,SECA,0.67,0.0169,1
3.0,0.6259,157,0,106,1.7,CAPRINO,Canindé,IATF,IATF 7 dias,24.7,CHUVOSA,0.7,0.02,1
3.5,0.85,121,3,67,7.3,OVINO,Somalis Brasileira,IATF,OvSynch,22.4,SECA,0.91,0.0356,1
3.5,0.66,102,4,30,9.9,CAPRINO,Moxotó,IATF,Crestar,20.8,CHUVOSA,0.79,0.0021,1
3.5,0.53,54,1,138,9.1,BOVINO,Angus,IATF,OvSynch,29.0,SECA,0.53,0.0411,1
1.0,0.6672,226,2,14,6.3,BOVINO,Nelore,IA_CONVENCIONAL,IA_CONVENCIONAL,34.3,CHUVOSA,0.7,0.02,0
3.5,0.71,67,4,100,6.2,OVINO,Somalis Brasileira,IATF,CIDR+GnRH,30.5,CHUVOSA,0.64,0.0111,1
3.0,0.36,39,0,51,6.8,BOVINO,Simmental,IATF,OvSynch,36.6,SECA,0.32,0.0227,0
3.0,0.6672,224,2,24,7.8,BOVINO,Sindi,IA_CONVENCIONAL,IA_CONVENCIONAL,24.2,CHUVOSA,0.7,0.02,1
2.5,0.43,43,2,79,5.1,BOVINO,Simmental,IATF,Crestar,29.4,SECA,0.59,0.0296,0
4.0,0.5726,169,0,106,6.0,OVINO,Santa Inês,IA_CONVENCIONAL,IA_CONVENCIONAL,39.3,SECA,0.7,0.02,0
5.0,0.5726,274,2,119,8.8,OVINO,Somalis,IATF,Sem protocolo,24.3,SECA,0.7,0.02,1
3.0,0.6672,168,0,13,7.1,BOVINO,Brahman,IA_CONVENCIONAL,IA_CONVENCIONAL,18.3,CHUVOSA,0.7,0.02,1
1.0,0.6672,275,1,63,6.8,BOVINO,Gir,IA_CONVENCIONAL,IA_CONVENCIONAL,31.8,CHUVOSA,0.7,0.02,1
5.0,0.5726,169,0,95,6.2,OVINO,Santa Inês,IA_CONVENCIONAL,IA_CONVENCIONAL,36.8,CHUVOSA,0.7,0.02,1
4.0,0.6672,168,0,103,7.1,BOVINO,Sindi,IATF,Cosynch,31.5,CHUVOSA,0.7,0.02,0
4.0,0.6672,168,0,74,6.4,BOVINO,Nelore,IATF,P4+EB,31.5,CHUVOSA,0.7,0.02,1
5.0,0.6259,157,0,104,5.1,CAPRINO,Canindé,IATF,Resynch,38.5,SECA,0.7,0.02,0
4.0,0.6672,112,5,16,8.5,BOVINO,Guzerá,IA_CONVENCIONAL,IA_CONVENCIONAL,30.4,SECA,0.7,0.02,0
3.0,0.6672,168,0,91,8.3,BOVINO,Girolando,IA_CONVENCIONAL,IA_CONVENCIONAL,20.1,SECA,0.7,0.02,1
3.5,0.71,45,2,146,7.6,OVINO,Somalis Brasileira,IATF,CIDR+GnRH,24.6,CHUVOSA,0.77,0.0534,1
4.0,0.75,85,5,34,9.6,BOVINO,Angus,IATF,CIDR+GnRH,26.4,SECA,0.96,0.0196,1
5.0,0.6259,157,0,69,4.3,CAPRINO,Toggenburg,IATF,Sem protocolo,30.6,SECA,0.7,0.02,0
2.0,0.5726,119,3,56,5.1,OVINO,Morada Nova,IATF,P4+BE+PGF,32.5,SECA,0.7,0.02,1
4.0,0.86,83,5,72,9.6,BOVINO,Angus,IA_CONVENCIONAL,IA_CONVENCIONAL,21.9,CHUVOSA,0.57,0.06,1
3.0,0.5726,271,2,87,6.7,OVINO,Bergamácia,IA_CONVENCIONAL,IA_CONVENCIONAL,37.7,SECA,0.7,0.02,0
3.0,0.6672,168,0,61,5.7,BOVINO,Nelore,IATF,Sem protocolo,26.1,SECA,0.7,0.02,1
1.0,0.5726,195,2,49,5.6,OVINO,Bergamácia,IA_CONVENCIONAL,IA_CONVENCIONAL,38.1,SECA,0.7,0.02,0
3.0,0.23,27,4,167,3.7,CAPRINO,Boer,IATF,Crestar,20.2,CHUVOSA,0.35,0.0424,0
2.0,0.6259,157,0,24,5.5,CAPRINO,Boer,IA_CONVENCIONAL,IA_CONVENCIONAL,30.3,SECA,0.7,0.02,0
3.0,0.6672,168,0,71,6.1,BOVINO,Nelore,IATF,Ovsynch,39.3,SECA,0.7,0.02,1
3.5,0.75,102,2,95,4.9,BOVINO,Guzerá,IA_CONVENCIONAL,IA_CONVENCIONAL,30.5,SECA,0.59,0.0111,1
4.0,0.7,95,3,159,5.7,OVINO,Santa Inês,IATF,P4+EB 7 dias,27.4,SECA,0.49,0.0447,1
3.0,0.6672,160,1,27,8.9,BOVINO,Gir,IA_CONVENCIONAL,IA_CONVENCIONAL,23.3,CHUVOSA,0.7,0.02,1
3.0,0.5726,283,1,82,5.4,OVINO,Texel,IA_CONVENCIONAL,IA_CONVENCIONAL,33.5,SECA,0.7,0.02,1
3.0,0.6672,122,1,29,6.6,BOVINO,Girolando,IA_CONVENCIONAL,IA_CONVENCIONAL,37.7,SECA,0.7,0.02,1
4.0,0.6672,168,0,75,5.6,BOVINO,Nelore,IA_CONVENCIONAL,IA_CONVENCIONAL,27.8,CHUVOSA,0.7,0.02,1
2.0,0.5726,243,4,114,7.0,OVINO,Dorper,IA_CONVENCIONAL,IA_CONVENCIONAL,27.2,CHUVOSA,0.7,0.02,1
2.0,0.41,50,2,55,4.2,OVINO,Suffolk,IATF,Crestar,28.0,CHUVOSA,0.76,0.0009,0
2.0,0.57,63,0,122,6.6,OVINO,Santa Inês,IATF,P4+EB 7 dias,27.0,SECA,0.36,0.0003,0
4.0,0.5726,224,1,6,4.2,OVINO,Texel,IA_CONVENCIONAL,IA_CONVENCIONAL,32.7,CHUVOSA,0.7,0.02,1
4.0,0.6672,286,5,19,4.7,BOVINO,Girolando,IATF,Ovsynch,22.0,CHUVOSA,0.7,0.02,1
3.0,0.6259,244,2,117,3.5,CAPRINO,Repartida,IA_CONVENCIONAL,IA_CONVENCIONAL,34.3,SECA,0.7,0.02,0
4.0,0.6672,129,3,42,5.0,BOVINO,Gir,IATF,IATF 7 dias,22.2,CHUVOSA,0.7,0.02,1
2.5,0.4,42,0,165,0.1,BOVINO,Tabapuã,IA_CONVENCIONAL,IA_CONVENCIONAL,31.5,CHUVOSA,0.79,0.06,0
3.0,0.6672,168,0,13,6.9,BOVINO,Canchim,IATF,P4+BE+PGF,33.0,SECA,0.7,0.02,1
4.0,0.6672,168,0,101,7.2,BOVINO,Nelore,IA_CONVENCIONAL,IA_CONVENCIONAL,21.1,SECA,0.7,0.02,1
4.0,0.4,54,7,45,6.3,OVINO,Suffolk,IA_CONVENCIONAL,IA_CONVENCIONAL,33.0,SECA,0.24,0.06,0
2.5,0.5,35,0,97,8.8,OVINO,Suffolk,IATF,P4+EB 7 dias,37.0,SECA,0.52,0.1294,0
3.0,0.6672,168,0,99,7.3,BOVINO,Canchim,IA_CONVENCIONAL,IA_CONVENCIONAL,25.0,SECA,0.7,0.02,1
4.0,0.6672,59,1,108,6.8,BOVINO,Guzerá,IA_CONVENCIONAL,IA_CONVENCIONAL,20.4,CHUVOSA,0.7,0.02,1
3.0,0.6672,168,0,50,5.2,BOVINO,Tabapuã,IA_CONVENCIONAL,IA_CONVENCIONAL,19.6,CHUVOSA,0.7,0.02,1
3.0,0.26,44,5,28,4.8,OVINO,Dorper,IA_CONVENCIONAL,IA_CONVENCIONAL,25.8,SECA,0.45,0.0227,0
2.0,0.5726,169,0,64,6.8,OVINO,Bergamácia,IA_CONVENCIONAL,IA_CONVENCIONAL,26.8,CHUVOSA,0.7,0.02,0
2.5,0.35,49,3,8,4.6,CAPRINO,Boer,IATF,P4+EB 7 dias,29.9,CHUVOSA,0.8,0.024,0
4.0,0.57,115,2,136,9.1,CAPRINO,Boer,IATF,CIDR+GnRH,21.8,CHUVOSA,0.94,0.053,1
3.0,0.25,26,1,55,0.8,BOVINO,Guzerá,IATF,OvSynch,27.5,SECA,0.36,0.0351,0
4.0,0.6672,168,0,48,8.5,BOVINO,Gir,IATF,Sem protocolo,39.9,SECA,0.7,0.02,0
3.0,0.6259,264,1,58,3.3,CAPRINO,Anglo Nubiana,IA_CONVENCIONAL,IA_CONVENCIONAL,21.8,SECA,0.7,0.02,1
4.0,0.5726,60,3,21,6.6,OVINO,Bergamácia,IA_CONVENCIONAL,IA_CONVENCIONAL,36.3,CHUVOSA,0.7,0.02,0
3.5,0.66,92,4,48,9.8,BOVINO,Nelore,IATF,OvSynch,26.7,CHUVOSA,0.85,0.0021,1
2.5,0.43,43,4,81,0.0,OVINO,Suffolk,IATF,Crestar,34.7,SECA,0.64,0.0167,0
3.0,0.6672,209,1,97,7.6,BOVINO,Nelore,IA_CONVENCIONAL,IA_CONVENCIONAL,26.4,SECA,0.7,0.02,1
4.0,0.6672,52,1,5,7.8,BOVINO,Sindi,IATF,Ovsynch,25.3,SECA,0.7,0.02,1
5.0,0.24,18,1,84,6.4,BOVINO,Tabapuã,IA_CONVENCIONAL,IA_CONVENCIONAL,31.4,CHUVOSA,0.9,0.0004,0
2.0,0.6672,38,1,66,8.0,BOVINO,Gir,IA_CONVENCIONAL,IA_CONVENCIONAL,25.7,CHUVOSA,0.7,0.02,1
4.0,0.5726,43,2,99,5.7,OVINO,Somalis,IATF,Select Synch,39.9,SECA,0.7,0.02,0
4.0,0.58,86,3,40,6.2,CAPRINO,Boer,IA_CONVENCIONAL,IA_CONVENCIONAL,21.9,SECA,0.69,0.0254,1
3.5,0.79,98,4,138,6.5,CAPRINO,Anglo-nubiano,IA_CONVENCIONAL,IA_CONVENCIONAL,25.4,SECA,0.71,0.06,1
4.5,0.47,46,4,3,3.6,CAPRINO,Moxotó,IA_CONVENCIONAL,IA_CONVENCIONAL,29.3,SECA,0.32,0.04,0
5.0,0.6672,168,0,9,7.0,BOVINO,Canchim,IA_CONVENCIONAL,IA_CONVENCIONAL,23.4,CHUVOSA,0.7,0.02,1
2.0,0.6672,168,0,24,6.0,BOVINO,Sindi,IATF,Sem protocolo,26.4,SECA,0.7,0.02,1
2.0,0.6259,121,1,11,4.9,CAPRINO,Canindé,IATF,Sem protocolo,20.6,SECA,0.7,0.02,0
3.5,0.41,46,3,146,0.0,BOVINO,Brahman,IA_CONVENCIONAL,IA_CONVENCIONAL,24.7,SECA,0.63,0.06,0
3.0,0.5726,230,4,29,3.5,OVINO,Bergamácia,IA_CONVENCIONAL,IA_CONVENCIONAL,36.3,CHUVOSA,0.7,0.02,1
5.0,0.6672,168,0,35,5.8,BOVINO,Nelore,IATF,Sem protocolo,33.3,SECA,0.7,0.02,1
4.0,0.6672,168,0,55,7.5,BOVINO,Brahman,IA_CONVENCIONAL,IA_CONVENCIONAL,30.0,CHUVOSA,0.7,0.02,1
3.0,0.6672,166,1,45,6.4,BOVINO,Sindi,IATF,GnRH+PGF2α,31.1,CHUVOSA,0.7,0.02,1
3.0,0.6672,168,0,81,6.7,BOVINO,Tabapuã,IA_CONVENCIONAL,IA_CONVENCIONAL,31.2,CHUVOSA,0.7,0.02,0
4.0,0.7,66,5,125,8.1,OVINO,Suffolk,IATF,OvSynch,34.8,CHUVOSA,0.66,0.0493,1
3.5,0.61,82,2,36,8.7,CAPRINO,Boer,IA_CONVENCIONAL,IA_CONVENCIONAL,33.4,SECA,0.59,0.038,1
2.0,0.33,26,3,32,7.8,BOVINO,Nelore,IATF,OvSynch,18.0,CHUVOSA,0.83,0.1184,0
3.5,0.78,73,1,42,6.7,BOVINO,Simmental,IATF,OvSynch,30.1,SECA,0.97,0.0453,1
4.0,0.6672,168,0,52,8.2,BOVINO,Girolando,IATF,P4+EB,25.2,CHUVOSA,0.7,0.02,1
4.0,0.6672,187,1,102,6.1,BOVINO,Tabapuã,IATF,IATF 7 dias,38.3,CHUVOSA,0.7,0.02,1
3.5,0.82,90,1,150,10.3,BOVINO,Simmental,IATF,OvSynch,24.9,CHUVOSA,0.45,0.0273,1
3.0,0.26,23,0,27,8.7,CAPRINO,Moxotó,IA_CONVENCIONAL,IA_CONVENCIONAL,34.5,SECA,0.78,0.06,0
3.0,0.6672,168,0,114,4.9,BOVINO,Nelore,IA_CONVENCIONAL,IA_CONVENCIONAL,23.1,SECA,0.7,0.02,0
4.0,0.5726,158,1,91,4.7,OVINO,Santa Inês,IA_CONVENCIONAL,IA_CONVENCIONAL,18.4,CHUVOSA,0.7,0.02,1
2.0,0.6672,94,2,21,3.6,BOVINO,Gir,IATF,IATF 7 dias,32.5,SECA,0.7,0.02,1
3.0,0.79,72,6,149,8.4,BOVINO,Gir,IATF,P4+EB 7 dias,27.2,CHUVOSA,0.81,0.0399,1
2.5,0.82,97,2,87,10.4,OVINO,Santa Inês,IA_CONVENCIONAL,IA_CONVENCIONAL,31.3,CHUVOSA,0.36,0.0585,1
5.0,0.55,36,8,175,6.4,OVINO,Suffolk,IATF,P4+EB 7 dias,21.1,CHUVOSA,0.61,0.0478,0
3.0,0.6672,84,2,75,2.1,BOVINO,Gir,IA_CONVENCIONAL,IA_CONVENCIONAL,20.6,CHUVOSA,0.7,0.02,1
3.5,0.73,80,2,150,8.9,CAPRINO,Anglo-nubiano,IATF,OvSynch,33.2,SECA,0.77,0.06,1
2.5,0.47,48,0,37,1.8,CAPRINO,Saanen,IA_CONVENCIONAL,IA_CONVENCIONAL,33.9,SECA,0.53,0.0183,0
3.0,0.79,67,3,70,6.5,OVINO,Somalis Brasileira,IA_CONVENCIONAL,IA_CONVENCIONAL,28.5,SECA,0.79,0.06,1
4.0,0.83,63,6,142,6.6,OVINO,Santa Inês,IATF,CIDR+GnRH,25.7,CHUVOSA,0.61,0.0474,1
1.0,0.5726,169,0,111,5.8,OVINO,Bergamácia,IA_CONVENCIONAL,IA_CONVENCIONAL,19.5,CHUVOSA,0.7,0.02,0
3.5,0.72,66,4,52,10.1,BOVINO,Angus,IATF,CIDR+GnRH,26.3,CHUVOSA,0.48,0.0316,1
2.5,0.52,43,0,162,2.7,OVINO,Santa Inês,IATF,P4+EB 7 dias,30.4,SECA,0.15,0.0107,0
3.5,0.72,114,2,17,8.1,CAPRINO,Anglo-nubiano,IATF,Crestar,23.4,CHUVOSA,0.86,0.06,1
3.0,0.6672,168,0,110,7.4,BOVINO,Canchim,IA_CONVENCIONAL,IA_CONVENCIONAL,35.1,SECA,0.7,0.02,0
2.0,0.41,40,7,130,4.9,OVINO,Suffolk,IATF,P4+EB 7 dias,26.1,SECA,0.92,0.06,0
4.0,0.6672,249,4,119,7.9,BOVINO,Girolando,IA_CONVENCIONAL,IA_CONVENCIONAL,30.8,SECA,0.7,0.02,1
4.0,0.5726,169,0,18,7.2,OVINO,Texel,IA_CONVENCIONAL,IA_CONVENCIONAL,30.4,SECA,0.7,0.02,0
3.0,0.88,93,2,66,4.6,CAPRINO,Saanen,IATF,CIDR+GnRH,28.6,SECA,0.51,0.0436,1
5.0,0.5726,169,0,92,4.7,OVINO,Dorper,IA_CONVENCIONAL,IA_CONVENCIONAL,28.8,CHUVOSA,0.7,0.02,1
4.0,0.88,100,1,107,10.3,CAPRINO,Saanen,IATF,CIDR+GnRH,24.2,CHUVOSA,0.57,0.0588,1
3.5,0.9,79,1,114,10.3,CAPRINO,Anglo-nubiano,IATF,Crestar,26.1,SECA,0.74,0.0257,1
3.5,0.53,61,2,19,9.6,CAPRINO,Saanen,IA_CONVENCIONAL,IA_CONVENCIONAL,21.5,CHUVOSA,0.95,0.0125,1
5.0,0.6259,197,4,73,3.5,CAPRINO,Toggenburg,IATF,Sem protocolo,28.1,CHUVOSA,0.7,0.02,0
2.0,0.5726,109,3,70,8.7,OVINO,Somalis,IA_CONVENCIONAL,IA_CONVENCIONAL,38.0,SECA,0.7,0.02,0
4.0,0.6672,168,0,85,7.3,BOVINO,Girolando,IA_CONVENCIONAL,IA_CONVENCIONAL,35.9,CHUVOSA,0.7,0.02,0
3.0,0.6259,157,0,89,2.3,CAPRINO,Anglo Nubiana,IA_CONVENCIONAL,IA_CONVENCIONAL,18.5,SECA,0.7,0.02,0
4.0,0.6259,157,0,47,5.2,CAPRINO,Toggenburg,IATF,Cosynch,29.6,SECA,0.7,0.02,0
4.0,0.5726,259,5,12,7.0,OVINO,Dorper,IATF,Resynch,32.8,SECA,0.7,0.02,1
2.5,1.0,76,2,54,8.5,OVINO,Dorper,IATF,Crestar,31.2,CHUVOSA,0.91,0.0143,1
3.5,0.8,80,2,40,10.6,CAPRINO,Anglo-nubiano,IATF,P4+EB 7 dias,29.4,SECA,0.68,0.0079,1
4.5,0.59,81,1,151,9.8,OVINO,Dorper,IA_CONVENCIONAL,IA_CONVENCIONAL,26.5,CHUVOSA,0.78,0.0231,1
3.0,0.6259,157,0,96,4.8,CAPRINO,Toggenburg,IATF,Resynch,25.1,SECA,0.7,0.02,1
3.0,0.6672,168,0,62,4.9,BOVINO,Tabapuã,IA_CONVENCIONAL,IA_CONVENCIONAL,21.7,SECA,0.7,0.02,1
4.0,0.64,88,3,138,8.3,OVINO,Somalis Brasileira,IA_CONVENCIONAL,IA_CONVENCIONAL,20.8,CHUVOSA,0.93,0.0309,1
3.0,0.57,67,0,61,10.9,BOVINO,Brahman,IA_CONVENCIONAL,IA_CONVENCIONAL,28.6,SECA,0.68,0.06,1
5.0,0.5726,267,2,95,6.9,OVINO,Morada Nova,IA_CONVENCIONAL,IA_CONVENCIONAL,31.9,SECA,0.7,0.02,0
3.0,0.6672,279,5,24,6.5,BOVINO,Sindi,IATF,Sem protocolo,22.2,CHUVOSA,0.7,0.02,1
2.0,0.07,40,2,15,4.1,CAPRINO,Boer,IA_CONVENCIONAL,IA_CONVENCIONAL,26.2,CHUVOSA,0.52,0.0101,0
3.0,0.5726,169,0,109,6.5,OVINO,Dorper,IA_CONVENCIONAL,IA_CONVENCIONAL,32.8,SECA,0.7,0.02,0
4.0,0.6259,157,0,55,5.9,CAPRINO,Boer,IA_CONVENCIONAL,IA_CONVENCIONAL,37.2,SECA,0.7,0.02,1
3.5,0.94,62,2,42,8.2,BOVINO,Tabapuã,IATF,CIDR+GnRH,21.1,CHUVOSA,0.96,0.06,1
2.5,0.41,37,1,127,3.4,OVINO,Santa Inês,IA_CONVENCIONAL,IA_CONVENCIONAL,41.9,SECA,0.78,0.06,0
3.5,0.25,31,0,142,3.8,BOVINO,Simmental,IATF,CIDR+GnRH,25.0,CHUVOSA,0.27,0.0342,0
3.0,0.22,31,1,158,3.8,BOVINO,Angus,IA_CONVENCIONAL,IA_CONVENCIONAL,28.9,SECA,0.46,0.06,0
3.0,0.91,73,3,78,9.2,CAPRINO,Boer,IATF,P4+EB 7 dias,27.3,CHUVOSA,0.65,0.06,1
2.0,0.6672,168,0,24,7.1,BOVINO,Brahman,IA_CONVENCIONAL,IA_CONVENCIONAL,38.6,SECA,0.7,0.02,0
4.0,0.77,96,4,17,5.3,OVINO,Morada Nova,IATF,Crestar,31.0,SECA,0.89,0.0281,1
2.5,0.38,44,4,82,3.9,CAPRINO,Moxotó,IA_CONVENCIONAL,IA_CONVENCIONAL,31.6,SECA,0.8,0.0097,0
4.0,0.11,52,2,2,0.9,BOVINO,Gir,IA_CONVENCIONAL,IA_CONVENCIONAL,28.9,SECA,0.32,0.0532,0
3.0,0.59,54,0,167,6.7,BOVINO,Angus,IATF,OvSynch,25.3,CHUVOSA,0.9,0.0346,1
2.0,0.27,34,1,16,6.5,BOVINO,Simmental,IATF,Crestar,22.7,SECA,0.76,0.0278,0
4.5,0.65,33,0,159,6.4,BOVINO,Nelore,IA_CONVENCIONAL,IA_CONVENCIONAL,35.7,SECA,0.72,0.0056,0
3.5,0.85,95,0,94,7.1,BOVINO,Guzerá,IATF,CIDR+GnRH,19.7,SECA,0.61,0.0151,1
3.0,0.6672,168,0,50,5.8,BOVINO,Brahman,IA_CONVENCIONAL,IA_CONVENCIONAL,37.2,SECA,0.7,0.02,1
3.0,0.9,100,3,30,6.5,CAPRINO,Moxotó,IATF,P4+EB 7 dias,27.4,CHUVOSA,0.46,0.024,1
3.0,0.6672,157,3,39,7.7,BOVINO,Nelore,IA_CONVENCIONAL,IA_CONVENCIONAL,21.5,CHUVOSA,0.7,0.02,0
3.0,0.5726,219,1,34,6.9,OVINO,Santa Inês,IATF,Sem protocolo,18.9,CHUVOSA,0.7,0.02,1
3.5,0.97,50,4,174,6.4,CAPRINO,Anglo-nubiano,IATF,Crestar,29.7,CHUVOSA,0.63,0.0137,1
3.0,0.5726,169,0,44,6.0,OVINO,Bergamácia,IATF,Select Synch,20.8,CHUVOSA,0.7,0.02,1
4.0,0.6672,168,0,7,6.8,BOVINO,Sindi,IA_CONVENCIONAL,IA_CONVENCIONAL,24.4,CHUVOSA,0.7,0.02,1
4.0,0.6672,295,2,116,9.1,BOVINO,Canchim,IA_CONVENCIONAL,IA_CONVENCIONAL,38.4,SECA,0.7,0.02,1
4.0,0.6672,199,1,68,4.6,BOVINO,Guzerá,IATF,Sem protocolo,32.6,CHUVOSA,0.7,0.02,1
2.0,0.6259,157,0,100,5.6,CAPRINO,Anglo Nubiana,IATF,Sem protocolo,33.1,SECA,0.7,0.02,1
3.0,0.6672,168,0,52,7.4,BOVINO,Guzerá,IA_CONVENCIONAL,IA_CONVENCIONAL,28.3,SECA,0.7,0.02,1
2.0,0.6259,157,0,97,6.3,CAPRINO,Anglo Nubiana,IA_CONVENCIONAL,IA_CONVENCIONAL,26.5,SECA,0.7,0.02,0
4.0,0.6259,288,2,117,7.2,CAPRINO,Anglo Nubiana,IATF,IATF 7 dias,26.5,SECA,0.7,0.02,1
5.0,0.6672,168,0,82,6.8,BOVINO,Girolando,IATF,Sem protocolo,31.9,SECA,0.7,0.02,1
4.0,0.67,51,4,97,7.8,BOVINO,Brahman,IA_CONVENCIONAL,IA_CONVENCIONAL,26.3,CHUVOSA,0.69,0.0369,1
4.0,0.76,101,1,33,8.1,BOVINO,Angus,IATF,Crestar,35.0,SECA,0.67,0.06,1
5.0,0.5726,169,0,31,4.7,OVINO,Santa Inês,IATF,Sem protocolo,29.6,SECA,0.7,0.02,0
1.0,0.5726,169,1,70,5.8,OVINO,Somalis,IATF,P4+EB,35.9,CHUVOSA,0.7,0.02,0
3.5,0.9,86,4,128,10.6,OVINO,Suffolk,IA_CONVENCIONAL,IA_CONVENCIONAL,27.5,SECA,0.3,0.0259,1
5.0,0.6259,84,2,97,8.2,CAPRINO,Toggenburg,IA_CONVENCIONAL,IA_CONVENCIONAL,34.4,CHUVOSA,0.7,0.02,1
3.0,0.6672,35,3,94,7.0,BOVINO,Canchim,IA_CONVENCIONAL,IA_CONVENCIONAL,31.1,SECA,0.7,0.02,0
3.0,0.64,45,4,124,7.5,CAPRINO,Moxotó,IA_CONVENCIONAL,IA_CONVENCIONAL,30.2,CHUVOSA,0.64,0.06,1
4.0,0.6672,168,0,86,5.0,BOVINO,Tabapuã,IA_CONVENCIONAL,IA_CONVENCIONAL,35.1,SECA,0.7,0.02,1
1.5,0.38,57,3,13,2.6,BOVINO,Simmental,IA_CONVENCIONAL,IA_CONVENCIONAL,26.7,CHUVOSA,0.85,0.06,0
4.0,0.6672,163,2,114,7.6,BOVINO,Guzerá,IATF,Sem protocolo,29.8,CHUVOSA,0.7,0.02,1
3.0,0.5726,169,0,72,6.7,OVINO,Morada Nova,IA_CONVENCIONAL,IA_CONVENCIONAL,20.9,SECA,0.7,0.02,1
3.0,0.77,72,3,23,8.0,OVINO,Morada Nova,IATF,OvSynch,24.8,CHUVOSA,0.78,0.003,1
4.0,0.6672,235,2,10,8.0,BOVINO,Guzerá,IATF,Sem protocolo,21.4,SECA,0.7,0.02,1
3.5,0.89,53,2,79,7.1,BOVINO,Gir,IATF,Crestar,32.2,SECA,0.69,0.0189,1
4.0,0.6259,258,3,118,5.9,CAPRINO,Canindé,IA_CONVENCIONAL,IA_CONVENCIONAL,26.5,CHUVOSA,0.7,0.02,1
3.5,0.53,72,2,85,5.9,CAPRINO,Boer,IATF,OvSynch,29.6,SECA,0.73,0.0304,1
4.0,0.6672,168,0,55,6.9,BOVINO,Tabapuã,IATF,Sem protocolo,28.6,SECA,0.7,0.02,1
4.0,0.6672,168,0,61,3.5,BOVINO,Canchim,IATF,Sem protocolo,35.3,SECA,0.7,0.02,0
3.5,0.56,73,3,146,9.6,CAPRINO,Saanen,IATF,Crestar,21.6,CHUVOSA,0.88,0.0252,1
3.0,0.73,53,2,173,10.7,BOVINO,Guzerá,IATF,CIDR+GnRH,26.5,SECA,0.57,0.0534,1
3.0,0.5726,178,1,120,5.7,OVINO,Morada Nova,IATF,P4+EB,23.1,CHUVOSA,0.7,0.02,1
2.0,0.38,42,0,7,0.8,CAPRINO,Boer,IA_CONVENCIONAL,IA_CONVENCIONAL,36.6,SECA,0.44,0.0106,0
4.0,0.6259,254,2,22,5.6,CAPRINO,Boer,IA_CONVENCIONAL,IA_CONVENCIONAL,28.4,SECA,0.7,0.02,1
5.0,0.5726,169,0,15,3.7,OVINO,Texel,IATF,Sem protocolo,21.6,CHUVOSA,0.7,0.02,0
3.0,0.85,74,0,24,8.5,CAPRINO,Moxotó,IATF,CIDR+GnRH,24.2,CHUVOSA,0.36,0.0169,1
3.5,0.7,94,4,169,8.7,CAPRINO,Boer,IATF,P4+EB 7 dias,29.1,SECA,0.81,0.0163,1
5.0,0.6672,101,1,110,4.0,BOVINO,Guzerá,IA_CONVENCIONAL,IA_CONVENCIONAL,33.8,CHUVOSA,0.7,0.02,1
3.5,0.63,37,5,76,3.4,OVINO,Suffolk,IA_CONVENCIONAL,IA_CONVENCIONAL,25.4,CHUVOSA,0.77,0.06,0
3.5,0.9,84,1,54,5.7,OVINO,Somalis Brasileira,IA_CONVENCIONAL,IA_CONVENCIONAL,24.4,CHUVOSA,0.54,0.0102,1
4.0,0.67,68,3,132,7.1,BOVINO,Brahman,IATF,CIDR+GnRH,27.9,CHUVOSA,0.71,0.0072,1
3.5,0.65,75,1,133,7.8,CAPRINO,Moxotó,IATF,Crestar,28.6,SECA,0.37,0.06,1
5.0,0.6259,60,1,56,4.4,CAPRINO,Moxotó,IATF,P4+EB,37.0,SECA,0.7,0.02,0
2.5,0.26,54,3,99,1.6,BOVINO,Brahman,IA_CONVENCIONAL,IA_CONVENCIONAL,22.7,CHUVOSA,0.76,0.0403,0
4.0,0.6,45,3,115,8.0,BOVINO,Gir,IATF,Crestar,27.9,SECA,0.51,0.0104,1
3.0,0.6672,47,1,79,7.1,BOVINO,Gir,IATF,IATF 7 dias,26.0,SECA,0.7,0.02,1
1.0,0.6259,86,5,14,4.2,CAPRINO,Boer,IA_CONVENCIONAL,IA_CONVENCIONAL,35.7,SECA,0.7,0.02,0
3.5,0.73,104,3,91,8.1,OVINO,Somalis Brasileira,IATF,CIDR+GnRH,25.6,SECA,0.92,0.0104,1
4.0,0.81,98,3,144,8.2,BOVINO,Simmental,IA_CONVENCIONAL,IA_CONVENCIONAL,24.9,SECA,0.92,0.06,1
3.0,0.6672,168,0,49,7.3,BOVINO,Guzerá,IA_CONVENCIONAL,IA_CONVENCIONAL,23.3,CHUVOSA,0.7,0.02,0
3.0,0.49,56,1,1,3.1,OVINO,Santa Inês,IATF,OvSynch,31.2,SECA,0.23,0.0116,0
3.5,0.5,86,3,63,6.9,CAPRINO,Saanen,IATF,P4+EB 7 dias,28.6,CHUVOSA,0.67,0.034,1
4.0,0.6672,168,0,5,7.2,BOVINO,Brahman,IATF,Ovsynch,29.8,SECA,0.7,0.02,1
3.0,0.35,36,3,113,3.8,BOVINO,Angus,IATF,OvSynch,35.5,SECA,0.35,0.0168,0
4.0,0.6672,95,1,70,4.3,BOVINO,Girolando,IA_CONVENCIONAL,IA_CONVENCIONAL,21.5,CHUVOSA,0.7,0.02,0
5.0,0.28,78,0,131,5.2,CAPRINO,Saanen,IATF,OvSynch,35.8,SECA,0.31,0.0447,0
3.0,0.49,17,0,8,1.8,BOVINO,Nelore,IATF,Crestar,28.4,CHUVOSA,0.93,0.127,0
2.5,0.54,69,1,109,6.7,OVINO,Morada Nova,IATF,OvSynch,34.0,SECA,0.7,0.2314,0
4.0,0.6672,168,0,55,5.9,BOVINO,Girolando,IA_CONVENCIONAL,IA_CONVENCIONAL,37.6,CHUVOSA,0.7,0.02,0
3.5,0.61,55,2,87,9.4,CAPRINO,Anglo-nubiano,IA_CONVENCIONAL,IA_CONVENCIONAL,26.7,CHUVOSA,0.8,0.0497,1
4.0,0.5726,96,2,40,7.7,OVINO,Santa Inês,IATF,GnRH+PGF2α,23.9,SECA,0.7,0.02,1
3.0,0.76,46,4,25,6.9,BOVINO,Brahman,IATF,P4+EB 7 dias,30.0,SECA,0.79,0.0034,1
2.0,0.28,53,1,9,8.6,BOVINO,Gir,IA_CONVENCIONAL,IA_CONVENCIONAL,28.3,SECA,0.37,0.0485,0
5.0,0.6259,244,1,56,4.1,CAPRINO,Canindé,IA_CONVENCIONAL,IA_CONVENCIONAL,26.5,SECA,0.7,0.02,1
4.0,0.5726,268,4,97,5.6,OVINO,Morada Nova,IA_CONVENCIONAL,IA_CONVENCIONAL,18.2,CHUVOSA,0.7,0.02,1
3.5,0.65,82,3,89,9.1,CAPRINO,Boer,IATF,OvSynch,27.9,CHUVOSA,0.55,0.0228,1
3.0,0.89,72,6,120,9.3,OVINO,Santa Inês,IATF,CIDR+GnRH,24.2,SECA,0.45,0.0141,1
4.0,0.66,74,3,134,6.0,CAPRINO,Saanen,IATF,Crestar,25.4,CHUVOSA,0.52,0.06,1
2.5,0.25,43,1,39,9.1,CAPRINO,Moxotó,IA_CONVENCIONAL,IA_CONVENCIONAL,24.8,SECA,0.63,0.0281,0
3.5,0.47,107,3,41,5.5,BOVINO,Guzerá,IA_CONVENCIONAL,IA_CONVENCIONAL,32.0,SECA,0.73,0.0363,1
1.0,0.6672,168,0,21,5.7,BOVINO,Nelore,IATF,Resynch,30.4,CHUVOSA,0.7,0.02,0
2.0,0.6672,287,1,16,7.0,BOVINO,Brahman,IA_CONVENCIONAL,IA_CONVENCIONAL,27.2,SECA,0.7,0.02,1
1.5,0.38,72,2,118,4.6,CAPRINO,Boer,IA_CONVENCIONAL,IA_CONVENCIONAL,30.6,CHUVOSA,0.76,0.1968,0
3.0,0.6259,199,1,51,4.0,CAPRINO,Anglo Nubiana,IATF,Resynch,24.5,CHUVOSA,0.7,0.02,0
1.0,0.5726,273,2,88,6.4,OVINO,Bergamácia,IA_CONVENCIONAL,IA_CONVENCIONAL,30.0,SECA,0.7,0.02,1
4.0,0.5726,169,0,65,5.2,OVINO,Somalis,IA_CONVENCIONAL,IA_CONVENCIONAL,28.0,SECA,0.7,0.02,1
4.0,0.5726,169,0,6,7.8,OVINO,Dorper,IA_CONVENCIONAL,IA_CONVENCIONAL,39.6,CHUVOSA,0.7,0.02,1
4.0,0.5726,156,1,32,7.7,OVINO,Dorper,IATF,P4+BE+PGF,25.1,CHUVOSA,0.7,0.02,1
2.5,0.92,64,4,97,10.2,CAPRINO,Saanen,IATF,OvSynch,26.6,SECA,0.63,0.06,1
4.0,0.6672,235,1,41,5.9,BOVINO,Canchim,IA_CONVENCIONAL,IA_CONVENCIONAL,38.8,SECA,0.7,0.02,0
4.0,0.5726,169,0,114,2.8,OVINO,Somalis,IA_CONVENCIONAL,IA_CONVENCIONAL,23.2,SECA,0.7,0.02,0
4.0,0.6672,168,0,47,6.0,BOVINO,Canchim,IA_CONVENCIONAL,IA_CONVENCIONAL,21.0,SECA,0.7,0.02,0
5.0,0.6672,168,0,106,4.2,BOVINO,Tabapuã,IA_CONVENCIONAL,IA_CONVENCIONAL,29.9,CHUVOSA,0.7,0.02,0
4.0,0.6672,71,5,102,7.4,BOVINO,Guzerá,IATF,Sem protocolo,20.4,CHUVOSA,0.7,0.02,1
2.5,0.3,34,0,159,3.8,OVINO,Suffolk,IATF,CIDR+GnRH,30.8,CHUVOSA,0.68,0.0099,0
5.0,0.5726,38,4,16,4.5,OVINO,Somalis,IATF,Ovsynch,28.0,SECA,0.7,0.02,0
2.5,0.57,85,2,176,8.2,CAPRINO,Saanen,IATF,P4+EB 7 dias,23.8,SECA,0.57,0.0439,1
1.0,0.5726,169,0,48,7.0,OVINO,Morada Nova,IA_CONVENCIONAL,IA_CONVENCIONAL,36.1,SECA,0.7,0.02,0
3.5,0.69,65,2,118,5.2,BOVINO,Simmental,IATF,OvSynch,30.7,CHUVOSA,0.81,0.06,1
5.0,0.6259,157,0,49,2.7,CAPRINO,Anglo Nubiana,IA_CONVENCIONAL,IA_CONVENCIONAL,36.8,SECA,0.7,0.02,1
5.0,0.5726,169,0,33,4.9,OVINO,Somalis,IATF,Cosynch,25.0,CHUVOSA,0.7,0.02,1
3.0,0.6672,168,0,40,4.9,BOVINO,Canchim,IA_CONVENCIONAL,IA_CONVENCIONAL,30.7,SECA,0.7,0.02,0
4.0,0.8,97,5,37,6.5,BOVINO,Brahman,IATF,Crestar,25.8,SECA,0.68,0.0147,1
3.0,0.6672,168,0,53,7.8,BOVINO,Brahman,IA_CONVENCIONAL,IA_CONVENCIONAL,28.5,SECA,0.7,0.02,1
3.0,0.6672,252,3,59,7.0,BOVINO,Nelore,IATF,Select Synch,20.1,SECA,0.7,0.02,0
4.5,0.31,48,0,19,4.9,BOVINO,Brahman,IATF,CIDR+GnRH,29.8,SECA,0.63,0.0034,0
2.0,0.6672,120,1,95,6.1,BOVINO,Girolando,IA_CONVENCIONAL,IA_CONVENCIONAL,27.5,SECA,0.7,0.02,0
3.0,0.41,72,3,105,5.3,CAPRINO,Boer,IATF,OvSynch,30.6,CHUVOSA,0.39,0.06,0
5.0,0.5726,169,0,117,5.8,OVINO,Somalis,IATF,Sem protocolo,31.7,SECA,0.7,0.02,0
4.0,0.55,52,4,175,7.0,BOVINO,Gir,IATF,P4+EB 7 dias,31.3,SECA,0.9,0.06,1
5.0,0.6672,168,0,64,4.7,BOVINO,Brahman,IATF,Sem protocolo,20.4,CHUVOSA,0.7,0.02,1
4.0,0.5726,169,0,18,6.7,OVINO,Dorper,IA_CONVENCIONAL,IA_CONVENCIONAL,26.4,SECA,0.7,0.02,0
2.0,0.6259,44,2,35,5.9,CAPRINO,Toggenburg,IATF,Ovsynch,36.3,CHUVOSA,0.7,0.02,1
4.0,0.6672,292,1,80,5.7,BOVINO,Gir,IATF,Sem protocolo,20.4,CHUVOSA,0.7,0.02,1
3.5,0.21,53,0,62,5.5,CAPRINO,Boer,IATF,Crestar,21.7,CHUVOSA,0.81,0.0099,0
4.0,0.6672,272,1,119,6.4,BOVINO,Nelore,IATF,Sem protocolo,24.4,CHUVOSA,0.7,0.02,1
4.0,0.6,98,2,177,6.8,OVINO,Morada Nova,IA_CONVENCIONAL,IA_CONVENCIONAL,29.1,SECA,0.89,0.0464,1
3.0,0.79,90,0,36,8.3,CAPRINO,Boer,IATF,CIDR+GnRH,33.2,CHUVOSA,0.83,0.0411,1
3.5,0.23,56,3,171,3.3,BOVINO,Tabapuã,IA_CONVENCIONAL,IA_CONVENCIONAL,26.6,CHUVOSA,0.83,0.0194,0
2.5,0.12,49,1,118,1.2,OVINO,Somalis Brasileira,IA_CONVENCIONAL,IA_CONVENCIONAL,20.8,CHUVOSA,0.64,0.06,0
3.5,0.57,104,3,67,10.3,CAPRINO,Moxotó,IATF,Crestar,18.1,CHUVOSA,0.36,0.0071,1
2.5,0.71,72,3,145,8.7,OVINO,Morada Nova,IA_CONVENCIONAL,IA_CONVENCIONAL,22.5,SECA,0.84,0.0001,1
2.5,0.71,97,3,127,7.4,CAPRINO,Saanen,IA_CONVENCIONAL,IA_CONVENCIONAL,20.6,CHUVOSA,0.77,0.0344,1
2.0,0.6259,157,0,80,6.0,CAPRINO,Boer,IATF,Resynch,37.3,SECA,0.7,0.02,0
4.0,0.6672,111,1,36,8.7,BOVINO,Canchim,IA_CONVENCIONAL,IA_CONVENCIONAL,28.2,CHUVOSA,0.7,0.02,0
4.0,0.5726,189,2,50,7.1,OVINO,Dorper,IATF,Ovsynch,20.3,CHUVOSA,0.7,0.02,1
4.0,0.6672,222,1,84,7.1,BOVINO,Girolando,IATF,Ovsynch,36.9,SECA,0.7,0.02,1
3.0,0.18,29,1,10,1.9,OVINO,Suffolk,IATF,CIDR+GnRH,22.7,CHUVOSA,0.85,0.06,0
5.0,0.6672,175,1,83,5.9,BOVINO,Gir,IATF,Select Synch,32.5,CHUVOSA,0.7,0.02,1
2.5,0.18,60,0,50,2.5,OVINO,Morada Nova,IATF,CIDR+GnRH,21.9,CHUVOSA,0.72,0.0092,0
2.0,0.6672,168,0,108,6.2,BOVINO,Gir,IA_CONVENCIONAL,IA_CONVENCIONAL,30.4,SECA,0.7,0.02,0
3.0,0.6672,168,0,90,3.4,BOVINO,Brahman,IATF,Select Synch,22.3,CHUVOSA,0.7,0.02,1
4.0,0.5726,78,1,81,8.1,OVINO,Santa Inês,IA_CONVENCIONAL,IA_CONVENCIONAL,39.7,SECA,0.7,0.02,0
3.0,0.25,50,3,102,2.7,CAPRINO,Moxotó,IA_CONVENCIONAL,IA_CONVENCIONAL,25.5,SECA,0.71,0.0132,0
4.0,0.6259,157,0,94,3.1,CAPRINO,Anglo Nubiana,IATF,Sem protocolo,35.0,CHUVOSA,0.7,0.02,1
4.0,0.74,94,1,77,6.3,CAPRINO,Anglo-nubiano,IATF,Crestar,20.4,CHUVOSA,0.64,0.0105,1
3.0,0.6672,294,1,56,8.4,BOVINO,Nelore,IATF,IATF 7 dias,31.2,CHUVOSA,0.7,0.02,1
4.0,0.5726,169,0,118,4.1,OVINO,Bergamácia,IA_CONVENCIONAL,IA_CONVENCIONAL,27.1,CHUVOSA,0.7,0.02,1
4.0,0.6259,160,1,66,3.3,CAPRINO,Repartida,IATF,Ovsynch,30.2,CHUVOSA,0.7,0.02,1
4.0,0.6672,218,4,58,8.4,BOVINO,Tabapuã,IA_CONVENCIONAL,IA_CONVENCIONAL,22.9,SECA,0.7,0.02,1
3.0,0.76,84,3,99,6.4,BOVINO,Nelore,IATF,Crestar,29.4,SECA,0.68,0.0025,1
3.5,0.88,87,3,45,5.6,OVINO,Suffolk,IATF,CIDR+GnRH,24.0,SECA,0.83,0.0195,1
5.0,0.6259,157,0,96,1.5,CAPRINO,Anglo Nubiana,IATF,Cosynch,28.9,CHUVOSA,0.7,0.02,1
5.0,0.6672,130,1,86,6.8,BOVINO,Guzerá,IA_CONVENCIONAL,IA_CONVENCIONAL,39.0,CHUVOSA,0.7,0.02,1
3.5,0.68,97,4,172,10.1,CAPRINO,Anglo-nubiano,IATF,OvSynch,26.6,CHUVOSA,0.71,0.0337,1
2.5,0.32,37,0,74,2.6,BOVINO,Nelore,IATF,OvSynch,23.5,SECA,0.73,0.0327,0
3.0,0.65,75,2,47,7.4,CAPRINO,Boer,IATF,CIDR+GnRH,25.2,SECA,0.72,0.0093,1
5.0,0.6672,150,2,31,8.2,BOVINO,Gir,IA_CONVENCIONAL,IA_CONVENCIONAL,30.3,SECA,0.7,0.02,1
3.5,0.87,54,1,115,8.9,OVINO,Suffolk,IATF,CIDR+GnRH,26.7,SECA,0.73,0.0209,1
3.5,0.83,71,2,83,6.4,OVINO,Morada Nova,IATF,Crestar,28.6,CHUVOSA,0.62,0.0185,1
5.0,0.6672,168,0,46,7.2,BOVINO,Guzerá,IATF,Sem protocolo,36.9,CHUVOSA,0.7,0.02,1
2.5,0.41,30,2,139,3.9,CAPRINO,Moxotó,IA_CONVENCIONAL,IA_CONVENCIONAL,24.4,CHUVOSA,0.56,0.0124,0
3.5,0.65,84,2,115,3.0,CAPRINO,Moxotó,IATF,CIDR+GnRH,21.4,CHUVOSA,0.91,0.06,1
3.0,0.6259,42,3,54,6.1,CAPRINO,Saanen,IA_CONVENCIONAL,IA_CONVENCIONAL,31.8,SECA,0.7,0.02,1
5.0,0.3,51,5,54,4.6,BOVINO,Simmental,IA_CONVENCIONAL,IA_CONVENCIONAL,37.1,SECA,0.76,0.06,0
4.0,0.81,54,2,173,6.2,BOVINO,Nelore,IATF,Crestar,21.9,CHUVOSA,0.62,0.0181,1
5.0,0.6259,53,3,69,5.0,CAPRINO,Toggenburg,IA_CONVENCIONAL,IA_CONVENCIONAL,31.5,SECA,0.7,0.02,1
4.0,0.6259,188,1,33,5.0,CAPRINO,Moxotó,IATF,P4+EB,35.7,SECA,0.7,0.02,1
1.0,0.5726,169,0,13,8.0,OVINO,Texel,IATF,Sem protocolo,18.5,CHUVOSA,0.7,0.02,0
5.0,0.6672,168,0,82,6.1,BOVINO,Sindi,IATF,Select Synch,35.9,SECA,0.7,0.02,0
2.0,0.6672,129,1,44,6.3,BOVINO,Nelore,IATF,GnRH+PGF2α,38.3,SECA,0.7,0.02,1
3.0,0.66,47,3,107,7.4,BOVINO,Gir,IA_CONVENCIONAL,IA_CONVENCIONAL,25.5,SECA,0.18,0.0229,1
4.0,0.64,107,2,104,5.4,OVINO,Santa Inês,IATF,CIDR+GnRH,35.0,CHUVOSA,0.7,0.0219,1
4.0,0.86,96,2,154,8.6,CAPRINO,Boer,IA_CONVENCIONAL,IA_CONVENCIONAL,28.0,SECA,0.93,0.019,1
3.0,0.6672,257,2,24,6.1,BOVINO,Canchim,IA_CONVENCIONAL,IA_CONVENCIONAL,28.2,CHUVOSA,0.7,0.02,0
1.5,0.4,27,0,162,11.7,OVINO,Somalis Brasileira,IA_CONVENCIONAL,IA_CONVENCIONAL,32.4,CHUVOSA,0.69,0.0349,0
3.0,0.6672,168,0,53,7.9,BOVINO,Brahman,IATF,Ovsynch,33.5,SECA,0.7,0.02,1
3.0,0.24,42,1,61,3.9,BOVINO,Nelore,IATF,CIDR+GnRH,39.2,SECA,0.67,0.0588,0
4.0,0.6672,239,4,62,6.9,BOVINO,Tabapuã,IA_CONVENCIONAL,IA_CONVENCIONAL,39.8,CHUVOSA,0.7,0.02,1
3.0,0.5726,169,0,52,5.0,OVINO,Morada Nova,IATF,Cosynch,33.9,SECA,0.7,0.02,0
2.0,0.6672,168,0,70,8.2,BOVINO,Sindi,IA_CONVENCIONAL,IA_CONVENCIONAL,31.8,CHUVOSA,0.7,0.02,1
4.0,0.6672,279,1,33,5.2,BOVINO,Tabapuã,IA_CONVENCIONAL,IA_CONVENCIONAL,24.0,CHUVOSA,0.7,0.02,1
3.5,0.7,97,2,124,9.5,OVINO,Dorper,IATF,P4+EB 7 dias,23.4,CHUVOSA,0.86,0.013,1
3.0,0.83,72,2,108,7.2,OVINO,Santa Inês,IATF,CIDR+GnRH,25.2,SECA,0.86,0.055,1
1.0,0.6672,168,0,93,6.9,BOVINO,Canchim,IATF,Select Synch,37.4,CHUVOSA,0.7,0.02,0
5.0,0.5726,169,0,108,5.9,OVINO,Santa Inês,IA_CONVENCIONAL,IA_CONVENCIONAL,26.6,CHUVOSA,0.7,0.02,1
3.5,0.73,60,2,118,9.9,BOVINO,Gir,IATF,CIDR+GnRH,22.9,SECA,0.59,0.0066,1
4.0,0.74,45,3,35,6.5,OVINO,Santa Inês,IA_CONVENCIONAL,IA_CONVENCIONAL,26.5,CHUVOSA,0.75,0.0081,1
3.0,0.21,35,0,105,7.0,BOVINO,Nelore,IATF,OvSynch,35.3,CHUVOSA,0.77,0.0908,0
4.0,0.6672,287,1,102,7.5,BOVINO,Canchim,IATF,P4+BE+PGF,25.2,CHUVOSA,0.7,0.02,1
2.0,0.6259,157,0,68,2.9,CAPRINO,Repartida,IATF,Resynch,22.3,SECA,0.7,0.02,1
4.0,0.79,99,3,35,8.1,CAPRINO,Anglo-nubiano,IATF,Crestar,30.1,SECA,0.95,0.0084,1
2.0,0.5726,235,1,38,7.8,OVINO,Somalis,IATF,Sem protocolo,33.3,CHUVOSA,0.7,0.02,0
2.0,0.57,49,0,85,4.6,BOVINO,Simmental,IATF,CIDR+GnRH,33.5,SECA,0.73,0.0134,0
3.5,0.74,68,4,78,5.7,CAPRINO,Anglo-nubiano,IA_CONVENCIONAL,IA_CONVENCIONAL,25.3,SECA,0.79,0.0348,1
1.5,0.2,44,2,92,6.8,BOVINO,Guzerá,IATF,OvSynch,23.9,SECA,0.84,0.1367,0
3.0,0.6672,168,0,30,3.4,BOVINO,Brahman,IA_CONVENCIONAL,IA_CONVENCIONAL,23.6,SECA,0.7,0.02,0
1.0,0.5726,169,0,7,5.8,OVINO,Morada Nova,IATF,Sem protocolo,24.0,CHUVOSA,0.7,0.02,0
4.0,0.7,45,3,170,10.7,CAPRINO,Anglo-nubiano,IATF,P4+EB 7 dias,30.9,SECA,0.84,0.0225,1
5.0,0.6672,76,3,51,8.1,BOVINO,Guzerá,IA_CONVENCIONAL,IA_CONVENCIONAL,31.9,CHUVOSA,0.7,0.02,0
4.0,0.6672,165,2,80,7.6,BOVINO,Canchim,IATF,Sem protocolo,19.1,CHUVOSA,0.7,0.02,0
4.5,0.74,90,1,136,7.7,OVINO,Suffolk,IATF,CIDR+GnRH,26.0,CHUVOSA,0.94,0.06,1
3.5,0.54,45,1,122,1.9,OVINO,Dorper,IA_CONVENCIONAL,IA_CONVENCIONAL,31.6,SECA,0.36,0.06,0
2.0,0.6672,168,0,8,4.6,BOVINO,Girolando,IATF,Ovsynch,25.2,CHUVOSA,0.7,0.02,0
3.5,0.78,56,2,87,10.7,OVINO,Suffolk,IATF,Crestar,27.1,CHUVOSA,0.58,0.0203,1
3.5,0.61,45,1,41,5.6,BOVINO,Gir,IATF,OvSynch,27.3,CHUVOSA,0.53,0.06,1
3.5,0.66,76,3,20,7.2,CAPRINO,Boer,IATF,OvSynch,18.2,CHUVOSA,0.41,0.0044,1
1.5,0.53,55,0,15,1.2,BOVINO,Angus,IA_CONVENCIONAL,IA_CONVENCIONAL,31.4,SECA,0.27,0.06,0
4.0,0.59,94,1,56,8.5,CAPRINO,Anglo-nubiano,IA_CONVENCIONAL,IA_CONVENCIONAL,26.4,CHUVOSA,0.62,0.0101,1
1.0,0.5726,244,5,77,5.2,OVINO,Somalis,IA_CONVENCIONAL,IA_CONVENCIONAL,25.5,SECA,0.7,0.02,0
5.0,0.6259,157,0,81,6.1,CAPRINO,Boer,IATF,Cosynch,28.4,SECA,0.7,0.02,1
4.0,0.5726,166,1,84,6.3,OVINO,Somalis,IA_CONVENCIONAL,IA_CONVENCIONAL,37.7,CHUVOSA,0.7,0.02,1
3.5,0.59,89,3,127,8.8,CAPRINO,Anglo-nubiano,IATF,P4+EB 7 dias,24.9,SECA,0.68,0.0129,1
2.0,0.6672,118,1,95,6.3,BOVINO,Sindi,IA_CONVENCIONAL,IA_CONVENCIONAL,30.0,CHUVOSA,0.7,0.02,1
3.5,0.67,82,4,164,10.8,OVINO,Suffolk,IA_CONVENCIONAL,IA_CONVENCIONAL,27.7,SECA,0.49,0.0478,1
3.5,0.7,90,3,120,6.8,BOVINO,Guzerá,IA_CONVENCIONAL,IA_CONVENCIONAL,30.2,SECA,0.48,0.06,1
4.0,0.28,38,1,48,4.7,BOVINO,Brahman,IA_CONVENCIONAL,IA_CONVENCIONAL,30.2,SECA,0.34,0.0485,0
4.0,0.75,98,3,35,8.6,CAPRINO,Saanen,IA_CONVENCIONAL,IA_CONVENCIONAL,31.2,SECA,0.72,0.0392,1
4.0,0.6672,79,1,113,6.8,BOVINO,Guzerá,IATF,Cosynch,36.1,SECA,0.7,0.02,1
3.5,0.66,81,3,79,4.9,BOVINO,Tabapuã,IA_CONVENCIONAL,IA_CONVENCIONAL,30.3,SECA,0.54,0.06,1
5.0,0.6672,168,0,78,6.0,BOVINO,Tabapuã,IA_CONVENCIONAL,IA_CONVENCIONAL,29.3,CHUVOSA,0.7,0.02,1
5.0,0.6672,168,0,20,5.2,BOVINO,Canchim,IA_CONVENCIONAL,IA_CONVENCIONAL,23.4,SECA,0.7,0.02,1
4.0,0.6672,174,2,67,4.9,BOVINO,Tabapuã,IA_CONVENCIONAL,IA_CONVENCIONAL,19.8,CHUVOSA,0.7,0.02,1
5.0,0.6672,264,2,15,7.2,BOVINO,Sindi,IATF,P4+BE+PGF,18.2,SECA,0.7,0.02,1
3.5,0.46,58,2,96,7.8,OVINO,Somalis Brasileira,IATF,P4+EB 7 dias,35.6,SECA,0.69,0.06,0
4.5,0.41,44,3,47,6.0,CAPRINO,Boer,IATF,OvSynch,28.3,SECA,0.88,0.0227,0
1.5,0.62,52,0,145,2.6,BOVINO,Brahman,IATF,OvSynch,29.5,CHUVOSA,0.75,0.0056,0
2.0,0.45,42,7,150,2.2,OVINO,Morada Nova,IATF,OvSynch,28.4,CHUVOSA,0.27,0.0554,0
3.0,0.5726,83,2,36,7.1,OVINO,Bergamácia,IATF,Sem protocolo,23.0,SECA,0.7,0.02,1
4.0,0.6259,157,0,32,7.1,CAPRINO,Saanen,IATF,Resynch,22.2,CHUVOSA,0.7,0.02,1
2.0,0.5726,169,0,48,5.6,OVINO,Bergamácia,IA_CONVENCIONAL,IA_CONVENCIONAL,39.2,CHUVOSA,0.7,0.02,0
3.5,0.7,58,3,52,6.9,OVINO,Suffolk,IA_CONVENCIONAL,IA_CONVENCIONAL,27.0,CHUVOSA,0.39,0.06,1
3.0,0.5726,169,0,9,6.7,OVINO,Texel,IA_CONVENCIONAL,IA_CONVENCIONAL,28.2,CHUVOSA,0.7,0.02,1
4.5,0.26,37,5,129,4.3,CAPRINO,Moxotó,IA_CONVENCIONAL,IA_CONVENCIONAL,25.9,CHUVOSA,0.52,0.008,0
3.5,0.7,83,3,74,8.3,CAPRINO,Boer,IATF,OvSynch,28.8,CHUVOSA,0.83,0.0075,1
4.0,0.5726,169,0,113,6.6,OVINO,Bergamácia,IA_CONVENCIONAL,IA_CONVENCIONAL,38.1,CHUVOSA,0.7,0.02,1
3.5,0.73,74,4,160,11.0,OVINO,Morada Nova,IATF,Crestar,26.7,CHUVOSA,0.71,0.06,1
4.0,0.5726,38,1,9,5.2,OVINO,Santa Inês,IA_CONVENCIONAL,IA_CONVENCIONAL,25.5,CHUVOSA,0.7,0.02,0
3.5,0.57,58,1,177,4.4,BOVINO,Gir,IATF,CIDR+GnRH,25.5,SECA,0.82,0.0078,1
3.0,0.5726,59,1,108,5.4,OVINO,Morada Nova,IATF,Sem protocolo,39.8,SECA,0.7,0.02,1
3.0,0.6259,157,0,40,5.2,CAPRINO,Canindé,IATF,IATF 7 dias,30.3,CHUVOSA,0.7,0.02,1
3.5,0.87,48,2,82,6.8,BOVINO,Angus,IATF,P4+EB 7 dias,26.8,SECA,0.47,0.0525,1
2.5,0.71,98,3,158,3.8,OVINO,Dorper,IATF,Crestar,24.6,SECA,0.85,0.0368,1
3.0,0.6259,157,0,22,6.0,CAPRINO,Toggenburg,IA_CONVENCIONAL,IA_CONVENCIONAL,22.5,CHUVOSA,0.7,0.02,1
4.0,0.88,61,4,102,8.9,OVINO,Somalis Brasileira,IATF,Crestar,27.1,CHUVOSA,0.71,0.06,1
4.0,0.6672,168,0,16,7.8,BOVINO,Canchim,IA_CONVENCIONAL,IA_CONVENCIONAL,24.5,SECA,0.7,0.02,1
3.5,0.67,92,2,146,8.4,BOVINO,Brahman,IATF,Crestar,29.1,CHUVOSA,0.85,0.0421,1
3.5,0.56,79,2,159,10.2,BOVINO,Guzerá,IATF,Crestar,24.8,SECA,0.54,0.0133,1
2.0,0.13,42,8,63,5.3,BOVINO,Simmental,IA_CONVENCIONAL,IA_CONVENCIONAL,31.0,SECA,0.76,0.0141,0
5.0,0.6259,279,1,63,3.8,CAPRINO,Toggenburg,IA_CONVENCIONAL,IA_CONVENCIONAL,24.4,CHUVOSA,0.7,0.02,1
5.0,0.5726,169,0,115,5.2,OVINO,Texel,IA_CONVENCIONAL,IA_CONVENCIONAL,22.1,CHUVOSA,0.7,0.02,1
4.5,0.3,41,7,68,7.7,BOVINO,Brahman,IATF,OvSynch,29.3,SECA,0.39,0.06,0
3.0,0.5726,169,0,47,5.8,OVINO,Dorper,IA_CONVENCIONAL,IA_CONVENCIONAL,32.5,CHUVOSA,0.7,0.02,1
4.0,0.5726,133,1,16,6.5,OVINO,Dorper,IA_CONVENCIONAL,IA_CONVENCIONAL,30.2,SECA,0.7,0.02,1
5.0,0.6672,130,2,89,7.2,BOVINO,Girolando,IA_CONVENCIONAL,IA_CONVENCIONAL,34.5,CHUVOSA,0.7,0.02,1
3.0,0.6672,168,0,119,6.0,BOVINO,Gir,IA_CONVENCIONAL,IA_CONVENCIONAL,38.6,SECA,0.7,0.02,0
2.0,0.6259,230,1,25,8.4,CAPRINO,Repartida,IA_CONVENCIONAL,IA_CONVENCIONAL,21.3,SECA,0.7,0.02,0
4.0,0.5726,169,0,77,5.8,OVINO,Somalis,IA_CONVENCIONAL,IA_CONVENCIONAL,25.7,CHUVOSA,0.7,0.02,0
3.0,0.83,63,4,113,6.2,CAPRINO,Moxotó,IA_CONVENCIONAL,IA_CONVENCIONAL,30.5,SECA,0.53,0.0255,1
3.0,0.66,68,2,27,7.0,OVINO,Somalis Brasileira,IATF,Crestar,27.7,CHUVOSA,0.65,0.0043,1
3.0,0.6672,62,1,58,7.2,BOVINO,Girolando,IATF,P4+BE+PGF,27.0,SECA,0.7,0.02,1
3.0,0.6672,168,0,10,7.6,BOVINO,Gir,IATF,P4+EB,19.5,SECA,0.7,0.02,0
5.0,0.63,53,7,105,2.0,BOVINO,Gir,IATF,CIDR+GnRH,27.9,CHUVOSA,0.53,0.06,0
5.0,0.5726,169,0,77,7.8,OVINO,Dorper,IATF,Ovsynch,18.2,CHUVOSA,0.7,0.02,1
4.0,0.6259,146,3,78,6.0,CAPRINO,Anglo Nubiana,IATF,Ovsynch,18.4,CHUVOSA,0.7,0.02,1
5.0,0.6672,168,0,119,5.1,BOVINO,Tabapuã,IA_CONVENCIONAL,IA_CONVENCIONAL,20.2,CHUVOSA,0.7,0.02,0
4.0,0.5726,169,0,7,6.4,OVINO,Dorper,IATF,Resynch,20.7,SECA,0.7,0.02,1
4.0,0.73,77,1,88,6.1,CAPRINO,Anglo-nubiano,IA_CONVENCIONAL,IA_CONVENCIONAL,27.9,CHUVOSA,0.42,0.0178,1
4.0,0.6672,168,0,105,7.1,BOVINO,Girolando,IATF,Sem protocolo,23.4,CHUVOSA,0.7,0.02,1
4.0,0.6672,281,1,18,6.4,BOVINO,Nelore,IATF,Resynch,37.2,SECA,0.7,0.02,0
5.0,0.5726,169,0,92,5.9,OVINO,Somalis,IATF,Sem protocolo,33.9,SECA,0.7,0.02,0
1.0,0.6259,157,0,112,5.6,CAPRINO,Canindé,IA_CONVENCIONAL,IA_CONVENCIONAL,34.3,SECA,0.7,0.02,0
3.5,0.6,99,3,117,9.2,OVINO,Morada Nova,IA_CONVENCIONAL,IA_CONVENCIONAL,28.0,SECA,0.41,0.0026,1
4.0,0.6672,168,0,8,4.4,BOVINO,Tabapuã,IATF,GnRH+PGF2α,20.3,SECA,0.7,0.02,1
5.0,0.5726,169,0,56,6.1,OVINO,Morada Nova,IA_CONVENCIONAL,IA_CONVENCIONAL,35.8,SECA,0.7,0.02,0
5.0,0.5,57,2,84,5.4,BOVINO,Nelore,IATF,P4+EB 7 dias,43.1,SECA,0.52,0.0229,0
3.5,0.51,72,3,164,5.6,BOVINO,Nelore,IATF,CIDR+GnRH,25.5,SECA,0.89,0.0281,1
3.0,0.6672,58,2,36,9.6,BOVINO,Nelore,IATF,Sem protocolo,28.5,SECA,0.7,0.02,1
4.0,0.5726,93,1,116,6.8,OVINO,Texel,IA_CONVENCIONAL,IA_CONVENCIONAL,26.1,CHUVOSA,0.7,0.02,0
4.0,0.6672,168,0,51,6.4,BOVINO,Girolando,IA_CONVENCIONAL,IA_CONVENCIONAL,37.3,CHUVOSA,0.7,0.02,0
4.5,0.4,87,3,19,7.0,CAPRINO,Saanen,IATF,OvSynch,28.2,SECA,0.68,0.0516,1
4.0,0.6672,100,2,79,4.3,BOVINO,Canchim,IATF,Ovsynch,38.9,SECA,0.7,0.02,1
3.0,0.6672,60,1,38,3.3,BOVINO,Gir,IA_CONVENCIONAL,IA_CONVENCIONAL,39.0,CHUVOSA,0.7,0.02,1
4.0,0.6259,69,4,35,4.7,CAPRINO,Toggenburg,IATF,P4+BE+PGF,22.5,CHUVOSA,0.7,0.02,1
3.5,0.65,56,0,45,6.3,CAPRINO,Anglo-nubiano,IATF,P4+EB 7 dias,23.5,SECA,0.82,0.06,1
3.5,0.6,74,4,25,8.7,OVINO,Somalis Brasileira,IATF,CIDR+GnRH,26.5,CHUVOSA,0.88,0.0521,1
3.0,0.6259,157,0,68,6.7,CAPRINO,Anglo Nubiana,IATF,Resynch,33.8,CHUVOSA,0.7,0.02,1
4.5,0.48,113,3,88,8.4,BOVINO,Angus,IATF,Crestar,20.4,CHUVOSA,0.44,0.0065,1
3.0,0.6259,70,4,94,4.9,CAPRINO,Toggenburg,IA_CONVENCIONAL,IA_CONVENCIONAL,29.7,CHUVOSA,0.7,0.02,1
2.0,0.6672,51,1,45,5.5,BOVINO,Canchim,IATF,Select Synch,38.5,SECA,0.7,0.02,0
3.0,0.96,79,3,98,7.1,BOVINO,Guzerá,IATF,P4+EB 7 dias,29.5,CHUVOSA,0.69,0.0309,1
3.0,0.6672,168,0,85,4.7,BOVINO,Brahman,IA_CONVENCIONAL,IA_CONVENCIONAL,33.2,SECA,0.7,0.02,1
5.0,0.6672,230,1,110,8.7,BOVINO,Nelore,IA_CONVENCIONAL,IA_CONVENCIONAL,39.9,SECA,0.7,0.02,0
2.0,0.6259,197,2,28,4.8,CAPRINO,Toggenburg,IA_CONVENCIONAL,IA_CONVENCIONAL,29.7,SECA,0.7,0.02,0
3.5,0.53,66,5,176,5.3,BOVINO,Tabapuã,IA_CONVENCIONAL,IA_CONVENCIONAL,32.3,SECA,0.74,0.0202,1
3.5,0.2,46,8,96,8.1,OVINO,Santa Inês,IA_CONVENCIONAL,IA_CONVENCIONAL,30.6,SECA,0.89,0.06,0
3.5,0.7,45,4,171,8.7,BOVINO,Brahman,IATF,CIDR+GnRH,25.0,CHUVOSA,0.57,0.06,1
5.0,0.6672,192,2,118,7.8,BOVINO,Gir,IATF,Sem protocolo,20.7,CHUVOSA,0.7,0.02,0
3.0,0.59,54,0,46,5.6,BOVINO,Brahman,IA_CONVENCIONAL,IA_CONVENCIONAL,22.3,CHUVOSA,0.54,0.06,0
4.0,0.6259,43,2,41,7.2,CAPRINO,Moxotó,IATF,GnRH+PGF2α,28.7,SECA,0.7,0.02,0
2.0,0.55,49,2,92,0.2,OVINO,Morada Nova,IA_CONVENCIONAL,IA_CONVENCIONAL,30.0,SECA,0.18,0.06,0
2.0,0.29,65,5,38,1.6,CAPRINO,Anglo-nubiano,IA_CONVENCIONAL,IA_CONVENCIONAL,26.0,CHUVOSA,0.76,0.06,0
2.0,0.55,45,0,167,6.4,BOVINO,Brahman,IA_CONVENCIONAL,IA_CONVENCIONAL,32.0,SECA,0.54,0.0284,0
4.0,0.72,89,1,81,9.5,OVINO,Suffolk,IATF,CIDR+GnRH,32.1,SECA,0.64,0.0192,1
4.0,0.5726,50,3,14,7.3,OVINO,Texel,IA_CONVENCIONAL,IA_CONVENCIONAL,25.2,CHUVOSA,0.7,0.02,0
3.5,0.57,79,2,168,7.6,BOVINO,Brahman,IATF,Crestar,27.6,SECA,0.83,0.0567,1
4.0,0.6672,168,0,95,9.6,BOVINO,Nelore,IA_CONVENCIONAL,IA_CONVENCIONAL,21.9,CHUVOSA,0.7,0.02,0
3.5,0.75,70,0,176,10.2,BOVINO,Gir,IA_CONVENCIONAL,IA_CONVENCIONAL,27.1,SECA,0.69,0.0177,1
1.5,0.27,28,8,54,2.6,OVINO,Somalis Brasileira,IA_CONVENCIONAL,IA_CONVENCIONAL,37.5,SECA,0.88,0.1768,0
3.0,0.6259,157,0,99,5.1,CAPRINO,Toggenburg,IA_CONVENCIONAL,IA_CONVENCIONAL,31.9,SECA,0.7,0.02,1
4.0,0.6259,44,2,68,6.2,CAPRINO,Saanen,IATF,Cosynch,36.7,SECA,0.7,0.02,1
2.0,0.39,38,0,4,4.1,OVINO,Santa Inês,IATF,P4+EB 7 dias,22.0,SECA,0.34,0.0078,0
2.5,0.4,33,1,27,7.0,BOVINO,Guzerá,IA_CONVENCIONAL,IA_CONVENCIONAL,22.2,CHUVOSA,0.34,0.0245,0
3.5,0.77,78,2,179,5.6,BOVINO,Guzerá,IATF,CIDR+GnRH,25.4,CHUVOSA,0.59,0.0286,1
3.5,0.57,56,6,50,7.3,OVINO,Suffolk,IA_CONVENCIONAL,IA_CONVENCIONAL,26.8,CHUVOSA,0.68,0.054,1
3.5,0.66,70,1,38,5.8,BOVINO,Nelore,IA_CONVENCIONAL,IA_CONVENCIONAL,23.5,CHUVOSA,0.71,0.0413,1
4.5,0.69,84,0,30,5.0,OVINO,Dorper,IATF,Crestar,25.9,CHUVOSA,0.88,0.0517,1
4.0,0.5726,169,0,92,7.5,OVINO,Somalis,IATF,Select Synch,26.2,SECA,0.7,0.02,1
4.0,0.6259,164,2,48,6.1,CAPRINO,Canindé,IA_CONVENCIONAL,IA_CONVENCIONAL,23.4,CHUVOSA,0.7,0.02,1
2.0,0.6672,209,2,75,6.2,BOVINO,Nelore,IATF,Sem protocolo,25.0,SECA,0.7,0.02,1
1.5,0.32,51,0,9,6.4,BOVINO,Gir,IATF,OvSynch,31.8,CHUVOSA,0.27,0.06,0
5.0,0.6259,157,0,80,4.7,CAPRINO,Repartida,IATF,P4+EB,39.9,SECA,0.7,0.02,1
4.0,0.6672,168,0,118,6.3,BOVINO,Sindi,IA_CONVENCIONAL,IA_CONVENCIONAL,27.5,CHUVOSA,0.7,0.02,0
3.0,0.6259,265,2,73,7.1,CAPRINO,Saanen,IA_CONVENCIONAL,IA_CONVENCIONAL,25.5,CHUVOSA,0.7,0.02,1
2.0,0.6672,168,0,82,5.8,BOVINO,Sindi,IATF,Sem protocolo,22.5,SECA,0.7,0.02,1
3.0,0.6259,157,0,16,3.9,CAPRINO,Saanen,IATF,Cosynch,34.1,SECA,0.7,0.02,0
4.0,0.5726,169,0,86,6.8,OVINO,Somalis,IA_CONVENCIONAL,IA_CONVENCIONAL,39.1,SECA,0.7,0.02,1
3.5,0.85,72,4,159,7.4,OVINO,Santa Inês,IA_CONVENCIONAL,IA_CONVENCIONAL,28.9,SECA,0.71,0.0338,1
3.0,0.54,70,4,68,8.4,OVINO,Santa Inês,IATF,OvSynch,28.1,SECA,0.89,0.0367,1
3.5,0.64,102,0,151,8.9,BOVINO,Angus,IATF,P4+EB 7 dias,26.0,SECA,0.65,0.0117,1
3.0,0.6672,168,0,73,7.8,BOVINO,Gir,IA_CONVENCIONAL,IA_CONVENCIONAL,25.2,SECA,0.7,0.02,0
2.5,0.41,18,3,109,4.6,OVINO,Somalis Brasileira,IATF,OvSynch,25.5,CHUVOSA,0.27,0.2022,0
3.5,0.68,85,2,65,4.6,CAPRINO,Moxotó,IATF,OvSynch,21.5,CHUVOSA,0.5,0.0352,1
2.0,0.29,68,1,179,1.5,OVINO,Suffolk,IA_CONVENCIONAL,IA_CONVENCIONAL,29.7,SECA,0.43,0.06,0
4.0,0.6672,168,0,84,5.7,BOVINO,Girolando,IA_CONVENCIONAL,IA_CONVENCIONAL,34.6,SECA,0.7,0.02,0
4.0,0.6259,300,2,6,3.0,CAPRINO,Boer,IATF,GnRH+PGF2α,32.7,CHUVOSA,0.7,0.02,0
1.0,0.6672,113,1,102,6.7,BOVINO,Brahman,IATF,Sem protocolo,36.8,SECA,0.7,0.02,0
2.0,0.45,19,0,107,2.6,OVINO,Dorper,IATF,Crestar,27.8,CHUVOSA,0.44,0.06,0
3.0,0.31,50,3,64,3.0,BOVINO,Gir,IATF,OvSynch,30.5,SECA,0.35,0.06,0
5.0,0.6672,272,3,51,8.5,BOVINO,Guzerá,IA_CONVENCIONAL,IA_CONVENCIONAL,29.5,CHUVOSA,0.7,0.02,0
4.0,0.7,108,1,91,11.9,BOVINO,Gir,IATF,P4+EB 7 dias,26.1,CHUVOSA,0.86,0.0089,1
5.0,0.6672,151,1,106,6.8,BOVINO,Guzerá,IA_CONVENCIONAL,IA_CONVENCIONAL,28.9,CHUVOSA,0.7,0.02,0
4.0,0.58,92,3,26,7.6,BOVINO,Simmental,IATF,OvSynch,26.7,SECA,0.63,0.0285,1
3.5,0.71,98,4,156,11.3,CAPRINO,Boer,IATF,Crestar,30.0,SECA,0.62,0.0028,1
3.0,0.45,64,4,41,0.7,CAPRINO,Boer,IATF,P4+EB 7 dias,33.5,CHUVOSA,0.42,0.06,0
3.5,0.88,62,1,162,7.5,OVINO,Santa Inês,IA_CONVENCIONAL,IA_CONVENCIONAL,28.4,CHUVOSA,0.78,0.0123,1
1.5,0.14,55,0,165,1.7,BOVINO,Gir,IA_CONVENCIONAL,IA_CONVENCIONAL,32.7,CHUVOSA,0.86,0.0004,0
5.0,0.5,53,0,7,1.8,CAPRINO,Moxotó,IATF,P4+EB 7 dias,19.3,CHUVOSA,0.42,0.06,0
3.0,0.83,78,2,144,12.3,OVINO,Santa Inês,IATF,OvSynch,24.0,SECA,0.89,0.0167,1
4.0,0.62,73,1,141,7.7,BOVINO,Nelore,IA_CONVENCIONAL,IA_CONVENCIONAL,28.4,CHUVOSA,0.58,0.0384,1
4.0,0.64,113,1,163,9.4,OVINO,Santa Inês,IA_CONVENCIONAL,IA_CONVENCIONAL,27.3,SECA,0.73,0.0298,1
2.0,0.6259,113,2,83,4.8,CAPRINO,Saanen,IATF,IATF 7 dias,23.6,CHUVOSA,0.7,0.02,1
2.0,0.37,33,0,45,4.8,CAPRINO,Boer,IA_CONVENCIONAL,IA_CONVENCIONAL,30.8,CHUVOSA,0.77,0.0304,0
4.0,0.6259,119,1,20,4.8,CAPRINO,Boer,IATF,Ovsynch,18.3,SECA,0.7,0.02,0
4.0,0.6259,157,0,69,6.5,CAPRINO,Saanen,IATF,Resynch,28.9,SECA,0.7,0.02,1
4.0,0.6259,157,0,27,5.8,CAPRINO,Anglo Nubiana,IATF,Ovsynch,24.6,SECA,0.7,0.02,1
3.0,0.6672,168,0,93,6.0,BOVINO,Gir,IA_CONVENCIONAL,IA_CONVENCIONAL,19.0,SECA,0.7,0.02,0
2.0,0.6259,209,2,87,4.1,CAPRINO,Boer,IATF,P4+EB,29.2,CHUVOSA,0.7,0.02,1
3.5,0.61,45,3,156,7.5,OVINO,Morada Nova,IATF,Crestar,21.9,CHUVOSA,0.93,0.001,1
3.0,0.6672,168,0,102,7.2,BOVINO,Tabapuã,IA_CONVENCIONAL,IA_CONVENCIONAL,28.4,SECA,0.7,0.02,1
1.0,0.5726,171,3,107,4.4,OVINO,Dorper,IA_CONVENCIONAL,IA_CONVENCIONAL,24.2,CHUVOSA,0.7,0.02,1
2.0,0.6672,168,0,5,6.1,BOVINO,Nelore,IA_CONVENCIONAL,IA_CONVENCIONAL,20.9,CHUVOSA,0.7,0.02,0
4.0,0.6672,168,0,10,10.3,BOVINO,Gir,IATF,Resynch,30.9,CHUVOSA,0.7,0.02,1
2.0,0.6672,238,1,10,4.9,BOVINO,Guzerá,IATF,Ovsynch,29.9,CHUVOSA,0.7,0.02,0
4.0,0.5726,169,0,17,4.3,OVINO,Morada Nova,IATF,Sem protocolo,28.1,CHUVOSA,0.7,0.02,0
3.5,0.38,43,1,58,2.0,BOVINO,Angus,IATF,P4+EB 7 dias,22.7,SECA,0.77,0.019,0
4.0,0.69,94,5,170,4.9,OVINO,Somalis Brasileira,IATF,OvSynch,28.0,CHUVOSA,0.37,0.0091,1
4.0,0.6259,157,0,36,6.7,CAPRINO,Anglo Nubiana,IA_CONVENCIONAL,IA_CONVENCIONAL,34.3,CHUVOSA,0.7,0.02,1
3.0,0.6259,157,0,26,5.2,CAPRINO,Moxotó,IATF,Sem protocolo,23.5,SECA,0.7,0.02,1
4.0,0.5726,231,1,54,4.4,OVINO,Dorper,IATF,P4+BE+PGF,38.5,CHUVOSA,0.7,0.02,1
3.0,0.6259,157,0,110,3.2,CAPRINO,Boer,IATF,Cosynch,39.6,CHUVOSA,0.7,0.02,0
3.5,0.73,76,3,119,4.2,BOVINO,Nelore,IATF,CIDR+GnRH,23.8,CHUVOSA,0.6,0.0089,1
5.0,0.6672,168,0,32,7.9,BOVINO,Nelore,IA_CONVENCIONAL,IA_CONVENCIONAL,32.5,CHUVOSA,0.7,0.02,1
4.0,0.6672,203,1,28,6.8,BOVINO,Guzerá,IA_CONVENCIONAL,IA_CONVENCIONAL,28.9,SECA,0.7,0.02,1
4.0,0.6259,157,0,115,5.4,CAPRINO,Canindé,IA_CONVENCIONAL,IA_CONVENCIONAL,33.1,CHUVOSA,0.7,0.02,1
3.5,0.8,62,1,70,9.6,OVINO,Morada Nova,IATF,P4+EB 7 dias,27.3,CHUVOSA,0.92,0.0033,1
3.0,0.6672,168,0,32,6.4,BOVINO,Tabapuã,IA_CONVENCIONAL,IA_CONVENCIONAL,33.5,CHUVOSA,0.7,0.02,1
3.5,0.7,80,2,98,6.1,OVINO,Santa Inês,IATF,CIDR+GnRH,22.3,CHUVOSA,0.34,0.06,1
3.5,0.84,64,2,49,6.5,BOVINO,Simmental,IATF,CIDR+GnRH,25.2,CHUVOSA,0.85,0.06,1
4.0,0.6672,168,0,26,4.8,BOVINO,Brahman,IA_CONVENCIONAL,IA_CONVENCIONAL,29.5,SECA,0.7,0.02,1
2.5,0.19,38,2,79,2.6,OVINO,Dorper,IATF,Crestar,30.5,SECA,0.42,0.0252,0
3.0,0.5726,133,2,98,5.8,OVINO,Morada Nova,IATF,Sem protocolo,19.3,CHUVOSA,0.7,0.02,1
4.0,0.6672,150,1,15,5.9,BOVINO,Nelore,IATF,GnRH+PGF2α,28.1,SECA,0.7,0.02,1
3.5,0.78,103,2,138,11.1,OVINO,Suffolk,IATF,CIDR+GnRH,25.5,SECA,0.96,0.06,1
4.0,0.6672,38,1,45,6.8,BOVINO,Girolando,IA_CONVENCIONAL,IA_CONVENCIONAL,24.1,CHUVOSA,0.7,0.02,0
4.0,0.6672,168,0,13,8.7,BOVINO,Brahman,IA_CONVENCIONAL,IA_CONVENCIONAL,30.9,CHUVOSA,0.7,0.02,1
2.0,0.6672,168,0,38,4.8,BOVINO,Guzerá,IA_CONVENCIONAL,IA_CONVENCIONAL,19.1,SECA,0.7,0.02,0
2.0,0.23,64,0,163,6.9,BOVINO,Gir,IATF,CIDR+GnRH,18.5,CHUVOSA,0.56,0.0063,0
4.0,0.6672,72,2,52,6.1,BOVINO,Sindi,IA_CONVENCIONAL,IA_CONVENCIONAL,33.1,SECA,0.7,0.02,0
5.0,0.6,27,7,88,4.6,CAPRINO,Anglo-nubiano,IATF,P4+EB 7 dias,18.2,CHUVOSA,0.82,0.0407,0
3.0,0.75,69,1,176,8.6,BOVINO,Guzerá,IATF,OvSynch,23.6,SECA,0.79,0.06,1
4.0,0.6672,168,0,96,6.8,BOVINO,Gir,IA_CONVENCIONAL,IA_CONVENCIONAL,30.1,CHUVOSA,0.7,0.02,1
5.0,0.39,41,1,11,1.2,BOVINO,Tabapuã,IATF,OvSynch,31.5,SECA,0.6,0.0989,0
5.0,0.6672,218,3,106,6.5,BOVINO,Nelore,IATF,Select Synch,33.6,SECA,0.7,0.02,1
4.0,0.5726,190,1,71,4.4,OVINO,Somalis,IA_CONVENCIONAL,IA_CONVENCIONAL,38.0,CHUVOSA,0.7,0.02,0
3.0,0.49,31,0,65,5.6,BOVINO,Gir,IATF,Crestar,26.3,CHUVOSA,0.54,0.0333,0
2.5,0.24,55,0,42,5.5,CAPRINO,Anglo-nubiano,IA_CONVENCIONAL,IA_CONVENCIONAL,26.9,CHUVOSA,0.69,0.0035,0
1.0,0.6259,157,0,67,6.1,CAPRINO,Saanen,IA_CONVENCIONAL,IA_CONVENCIONAL,27.2,CHUVOSA,0.7,0.02,0
2.0,0.36,50,3,132,3.4,BOVINO,Angus,IATF,Crestar,23.6,CHUVOSA,0.5,0.06,0
1.5,0.12,36,0,10,5.9,OVINO,Dorper,IATF,Crestar,26.1,SECA,0.53,0.0046,0
3.5,0.72,53,2,64,5.9,OVINO,Morada Nova,IATF,P4+EB 7 dias,27.4,CHUVOSA,0.43,0.0266,1
3.0,0.6672,168,0,26,6.1,BOVINO,Guzerá,IA_CONVENCIONAL,IA_CONVENCIONAL,24.3,CHUVOSA,0.7,0.02,1
4.0,0.6672,100,1,107,5.9,BOVINO,Tabapuã,IATF,Sem protocolo,19.0,CHUVOSA,0.7,0.02,1
4.5,0.74,104,2,137,8.2,BOVINO,Brahman,IATF,CIDR+GnRH,21.7,SECA,0.37,0.0021,1
4.0,0.41,67,0,10,4.3,CAPRINO,Saanen,IATF,P4+EB 7 dias,30.3,CHUVOSA,0.65,0.0075,0
3.0,0.6259,157,0,20,5.9,CAPRINO,Toggenburg,IA_CONVENCIONAL,IA_CONVENCIONAL,31.4,SECA,0.7,0.02,0
2.0,0.6259,66,5,9,4.9,CAPRINO,Saanen,IA_CONVENCIONAL,IA_CONVENCIONAL,23.7,SECA,0.7,0.02,1
3.0,0.6259,157,0,52,6.0,CAPRINO,Boer,IA_CONVENCIONAL,IA_CONVENCIONAL,22.9,CHUVOSA,0.7,0.02,0
5.0,0.6259,124,4,5,6.1,CAPRINO,Canindé,IATF,P4+BE+PGF,37.1,CHUVOSA,0.7,0.02,0
3.5,0.64,94,3,41,9.1,BOVINO,Guzerá,IATF,OvSynch,25.5,CHUVOSA,0.63,0.0148,1
4.0,0.6672,120,5,41,8.1,BOVINO,Gir,IA_CONVENCIONAL,IA_CONVENCIONAL,30.1,CHUVOSA,0.7,0.02,1
3.0,0.5726,169,0,65,6.7,OVINO,Santa Inês,IA_CONVENCIONAL,IA_CONVENCIONAL,23.7,SECA,0.7,0.02,1
3.0,0.5726,169,0,54,6.7,OVINO,Santa Inês,IA_CONVENCIONAL,IA_CONVENCIONAL,35.5,SECA,0.7,0.02,1
5.0,0.35,62,5,92,2.9,OVINO,Santa Inês,IATF,CIDR+GnRH,40.9,SECA,0.9,0.026,0
5.0,0.6672,168,0,22,5.8,BOVINO,Girolando,IATF,Resynch,32.7,SECA,0.7,0.02,1
3.0,0.5726,169,0,96,6.5,OVINO,Dorper,IA_CONVENCIONAL,IA_CONVENCIONAL,34.3,CHUVOSA,0.7,0.02,1
3.0,0.5726,169,0,63,7.3,OVINO,Texel,IATF,IATF 7 dias,21.1,CHUVOSA,0.7,0.02,0
5.0,0.6672,168,0,103,6.9,BOVINO,Guzerá,IATF,Resynch,38.4,SECA,0.7,0.02,0
3.0,0.6672,168,0,61,7.4,BOVINO,Canchim,IA_CONVENCIONAL,IA_CONVENCIONAL,23.9,CHUVOSA,0.7,0.02,0
3.5,0.85,90,3,163,7.4,BOVINO,Brahman,IATF,Crestar,30.7,SECA,0.31,0.0351,1
5.0,0.33,52,7,31,5.0,OVINO,Dorper,IA_CONVENCIONAL,IA_CONVENCIONAL,28.9,CHUVOSA,0.87,0.06,0
3.0,0.6672,168,0,110,5.9,BOVINO,Gir,IATF,P4+EB,35.1,CHUVOSA,0.7,0.02,1
2.0,0.6672,166,5,79,5.6,BOVINO,Nelore,IA_CONVENCIONAL,IA_CONVENCIONAL,29.7,CHUVOSA,0.7,0.02,1
3.5,0.61,71,2,158,9.4,CAPRINO,Boer,IATF,CIDR+GnRH,24.3,CHUVOSA,0.81,0.0004,1
3.5,0.6,56,1,77,5.9,CAPRINO,Saanen,IATF,P4+EB 7 dias,30.0,CHUVOSA,0.93,0.06,1
4.0,0.5726,39,2,88,1.8,OVINO,Somalis,IA_CONVENCIONAL,IA_CONVENCIONAL,20.6,SECA,0.7,0.02,0
5.0,0.6672,168,0,5,8.2,BOVINO,Sindi,IATF,IATF 7 dias,22.5,CHUVOSA,0.7,0.02,0
5.0,0.6259,157,0,21,6.8,CAPRINO,Anglo Nubiana,IATF,Resynch,19.3,SECA,0.7,0.02,1
4.0,0.6259,157,0,60,5.9,CAPRINO,Moxotó,IA_CONVENCIONAL,IA_CONVENCIONAL,32.5,CHUVOSA,0.7,0.02,1
2.5,0.78,113,4,23,7.4,OVINO,Santa Inês,IATF,P4+EB 7 dias,21.8,SECA,0.55,0.0279,1
2.0,0.42,38,2,138,5.6,BOVINO,Simmental,IA_CONVENCIONAL,IA_CONVENCIONAL,23.3,SECA,0.51,0.0137,0
2.0,0.5726,228,4,29,7.1,OVINO,Somalis,IA_CONVENCIONAL,IA_CONVENCIONAL,29.5,CHUVOSA,0.7,0.02,1
2.5,0.51,54,0,119,0.0,CAPRINO,Boer,IA_CONVENCIONAL,IA_CONVENCIONAL,33.1,SECA,0.51,0.06,0
3.0,0.72,107,4,81,10.8,BOVINO,Nelore,IA_CONVENCIONAL,IA_CONVENCIONAL,29.3,CHUVOSA,0.73,0.0166,1
3.5,0.55,62,4,95,9.9,BOVINO,Gir,IATF,Crestar,27.2,CHUVOSA,0.73,0.0472,1
3.5,0.69,88,3,71,8.1,BOVINO,Guzerá,IATF,OvSynch,25.4,CHUVOSA,0.86,0.0237,1
3.0,0.86,57,4,72,6.8,OVINO,Morada Nova,IA_CONVENCIONAL,IA_CONVENCIONAL,24.0,CHUVOSA,0.93,0.0253,1
1.5,0.39,17,0,79,5.9,OVINO,Morada Nova,IATF,Crestar,29.6,CHUVOSA,0.65,0.06,0
3.0,0.34,37,1,162,6.3,BOVINO,Guzerá,IA_CONVENCIONAL,IA_CONVENCIONAL,27.6,CHUVOSA,0.48,0.0182,0
4.0,0.69,76,2,123,11.6,OVINO,Suffolk,IA_CONVENCIONAL,IA_CONVENCIONAL,23.7,CHUVOSA,0.79,0.015,1
5.0,0.26,33,0,122,6.0,BOVINO,Tabapuã,IATF,Crestar,28.7,SECA,0.37,0.0127,0
3.5,0.61,90,3,39,6.7,OVINO,Somalis Brasileira,IATF,CIDR+GnRH,27.0,CHUVOSA,0.63,0.043,1
5.0,0.5726,169,0,13,5.6,OVINO,Morada Nova,IA_CONVENCIONAL,IA_CONVENCIONAL,37.3,CHUVOSA,0.7,0.02,0
3.0,0.6259,157,0,77,6.2,CAPRINO,Canindé,IA_CONVENCIONAL,IA_CONVENCIONAL,35.6,SECA,0.7,0.02,1
4.0,0.65,45,2,112,3.7,OVINO,Suffolk,IATF,Crestar,23.2,CHUVOSA,0.53,0.0186,1
2.5,0.01,48,1,124,2.0,BOVINO,Gir,IATF,P4+EB 7 dias,32.5,SECA,0.51,0.0135,0
2.0,0.29,24,8,1,6.0,CAPRINO,Anglo-nubiano,IATF,CIDR+GnRH,40.3,CHUVOSA,0.63,0.0055,0
3.0,0.28,62,1,131,5.2,OVINO,Suffolk,IA_CONVENCIONAL,IA_CONVENCIONAL,32.9,SECA,0.6,0.06,0
4.0,0.72,68,5,83,9.3,CAPRINO,Boer,IA_CONVENCIONAL,IA_CONVENCIONAL,29.5,SECA,0.51,0.0281,1
2.5,0.56,53,3,169,8.8,BOVINO,Tabapuã,IATF,P4+EB 7 dias,26.7,CHUVOSA,0.45,0.0353,1
3.0,0.6672,140,4,81,6.9,BOVINO,Gir,IATF,Sem protocolo,28.7,SECA,0.7,0.02,0
4.0,0.79,93,3,180,9.1,BOVINO,Angus,IATF,CIDR+GnRH,22.8,SECA,0.88,0.0387,1
2.0,0.5726,252,1,40,7.6,OVINO,Morada Nova,IA_CONVENCIONAL,IA_CONVENCIONAL,32.1,SECA,0.7,0.02,1
5.0,0.14,41,0,149,0.0,BOVINO,Nelore,IA_CONVENCIONAL,IA_CONVENCIONAL,18.9,CHUVOSA,0.8,0.0336,0
5.0,0.44,38,7,143,2.7,BOVINO,Simmental,IATF,Crestar,28.0,CHUVOSA,0.89,0.0213,0
3.5,0.62,67,1,27,8.2,CAPRINO,Boer,IATF,CIDR+GnRH,31.7,CHUVOSA,0.29,0.0101,1
3.5,0.72,64,6,33,5.3,BOVINO,Nelore,IATF,CIDR+GnRH,24.1,SECA,0.49,0.06,1
3.0,0.32,22,1,46,1.8,BOVINO,Brahman,IATF,OvSynch,24.5,CHUVOSA,0.57,0.06,0
3.5,0.71,75,2,48,6.9,CAPRINO,Moxotó,IATF,OvSynch,27.3,SECA,0.84,0.0478,1
3.0,0.5726,169,0,76,6.5,OVINO,Morada Nova,IATF,Select Synch,38.9,SECA,0.7,0.02,1
4.0,0.6672,254,1,50,4.9,BOVINO,Tabapuã,IATF,Cosynch,30.7,SECA,0.7,0.02,1
3.5,0.66,69,2,85,10.8,OVINO,Suffolk,IA_CONVENCIONAL,IA_CONVENCIONAL,27.8,CHUVOSA,0.5,0.0155,1
3.5,1.0,100,3,76,6.4,CAPRINO,Anglo-nubiano,IATF,P4+EB 7 dias,27.5,SECA,0.95,0.06,1
2.0,0.6672,168,0,56,5.7,BOVINO,Tabapuã,IATF,Resynch,34.8,CHUVOSA,0.7,0.02,0
2.0,0.6672,168,0,108,9.6,BOVINO,Canchim,IA_CONVENCIONAL,IA_CONVENCIONAL,21.0,SECA,0.7,0.02,1
3.0,0.6259,41,2,111,6.7,CAPRINO,Boer,IA_CONVENCIONAL,IA_CONVENCIONAL,32.5,SECA,0.7,0.02,0
4.0,0.6672,272,1,21,5.2,BOVINO,Gir,IA_CONVENCIONAL,IA_CONVENCIONAL,26.3,SECA,0.7,0.02,0
3.0,0.5726,169,0,8,4.3,OVINO,Santa Inês,IA_CONVENCIONAL,IA_CONVENCIONAL,20.2,SECA,0.7,0.02,1
3.5,0.82,98,3,47,7.9,BOVINO,Angus,IATF,OvSynch,31.3,SECA,0.58,0.02,1
3.0,0.66,103,1,175,6.6,OVINO,Morada Nova,IA_CONVENCIONAL,IA_CONVENCIONAL,25.5,CHUVOSA,0.95,0.0588,1
3.5,0.56,88,2,168,7.4,BOVINO,Tabapuã,IATF,CIDR+GnRH,33.8,CHUVOSA,0.88,0.025,1
4.0,0.6,86,1,42,6.1,OVINO,Dorper,IATF,CIDR+GnRH,26.7,CHUVOSA,0.62,0.0293,1
4.0,0.6672,42,1,80,3.3,BOVINO,Guzerá,IA_CONVENCIONAL,IA_CONVENCIONAL,35.5,SECA,0.7,0.02,0
3.0,0.5726,169,0,44,6.0,OVINO,Santa Inês,IATF,Select Synch,19.7,CHUVOSA,0.7,0.02,0
4.0,0.6672,168,0,58,5.5,BOVINO,Girolando,IA_CONVENCIONAL,IA_CONVENCIONAL,24.8,CHUVOSA,0.7,0.02,1
3.5,0.4,45,1,146,7.0,OVINO,Dorper,IA_CONVENCIONAL,IA_CONVENCIONAL,32.0,CHUVOSA,0.87,0.06,1
1.0,0.5726,169,0,65,4.3,OVINO,Santa Inês,IATF,P4+EB,26.0,CHUVOSA,0.7,0.02,0
3.0,0.76,92,4,50,10.6,OVINO,Somalis Brasileira,IA_CONVENCIONAL,IA_CONVENCIONAL,25.4,CHUVOSA,0.86,0.06,1
4.0,0.6672,161,3,16,9.0,BOVINO,Girolando,IA_CONVENCIONAL,IA_CONVENCIONAL,20.5,SECA,0.7,0.02,0
4.0,0.6259,157,0,83,3.7,CAPRINO,Toggenburg,IATF,Resynch,30.4,SECA,0.7,0.02,1
2.0,0.6672,168,0,48,6.6,BOVINO,Guzerá,IATF,GnRH+PGF2α,22.9,CHUVOSA,0.7,0.02,0
4.0,0.6672,168,0,28,8.7,BOVINO,Canchim,IA_CONVENCIONAL,IA_CONVENCIONAL,36.7,SECA,0.7,0.02,1
3.0,0.08,50,2,9,7.1,CAPRINO,Saanen,IATF,CIDR+GnRH,22.9,SECA,0.75,0.003,0
4.0,0.6259,157,0,60,6.1,CAPRINO,Moxotó,IATF,Select Synch,27.2,CHUVOSA,0.7,0.02,0
4.5,0.37,36,3,14,2.4,BOVINO,Tabapuã,IATF,CIDR+GnRH,24.5,CHUVOSA,0.21,0.0353,0
4.0,0.44,15,0,3,0.3,OVINO,Santa Inês,IA_CONVENCIONAL,IA_CONVENCIONAL,33.0,SECA,0.69,0.0036,0
4.0,0.74,89,1,131,10.5,BOVINO,Guzerá,IATF,P4+EB 7 dias,30.2,SECA,0.5,0.0312,1
4.5,0.2,30,0,98,9.6,OVINO,Morada Nova,IA_CONVENCIONAL,IA_CONVENCIONAL,24.6,SECA,0.7,0.06,0
4.0,0.6672,168,0,113,7.6,BOVINO,Girolando,IA_CONVENCIONAL,IA_CONVENCIONAL,32.4,SECA,0.7,0.02,1
3.0,0.5726,49,5,35,4.4,OVINO,Texel,IATF,Sem protocolo,38.3,CHUVOSA,0.7,0.02,1
2.0,0.12,57,0,79,5.5,BOVINO,Simmental,IA_CONVENCIONAL,IA_CONVENCIONAL,41.5,SECA,0.48,0.0221,0
2.0,0.6672,82,1,36,8.5,BOVINO,Canchim,IATF,GnRH+PGF2α,19.2,SECA,0.7,0.02,1
4.0,0.6672,168,0,47,4.3,BOVINO,Brahman,IA_CONVENCIONAL,IA_CONVENCIONAL,30.3,CHUVOSA,0.7,0.02,1
2.0,0.28,31,2,119,4.3,BOVINO,Gir,IA_CONVENCIONAL,IA_CONVENCIONAL,32.2,SECA,0.98,0.0381,0
4.0,0.6672,168,0,7,7.7,BOVINO,Girolando,IA_CONVENCIONAL,IA_CONVENCIONAL,26.5,CHUVOSA,0.7,0.02,0
3.0,0.6672,288,1,20,4.3,BOVINO,Guzerá,IA_CONVENCIONAL,IA_CONVENCIONAL,31.9,CHUVOSA,0.7,0.02,1
4.0,0.6672,251,1,45,5.0,BOVINO,Brahman,IA_CONVENCIONAL,IA_CONVENCIONAL,18.4,SECA,0.7,0.02,1
5.0,0.5726,169,0,17,6.7,OVINO,Somalis,IATF,Sem protocolo,26.7,CHUVOSA,0.7,0.02,1
4.0,0.62,86,6,104,8.1,OVINO,Suffolk,IA_CONVENCIONAL,IA_CONVENCIONAL,34.4,SECA,0.91,0.06,1
3.5,0.64,85,2,89,7.4,CAPRINO,Anglo-nubiano,IATF,P4+EB 7 dias,27.2,CHUVOSA,0.7,0.06,1
4.0,0.5726,169,0,76,8.5,OVINO,Morada Nova,IA_CONVENCIONAL,IA_CONVENCIONAL,34.5,CHUVOSA,0.7,0.02,0
1.5,0.7,58,4,93,2.3,OVINO,Somalis Brasileira,IA_CONVENCIONAL,IA_CONVENCIONAL,38.6,SECA,0.38,0.0749,0
4.0,0.48,40,0,46,8.5,BOVINO,Guzerá,IA_CONVENCIONAL,IA_CONVENCIONAL,37.6,SECA,0.37,0.022,0
4.0,0.6672,168,0,92,6.0,BOVINO,Canchim,IATF,P4+BE+PGF,31.6,CHUVOSA,0.7,0.02,1
3.5,0.74,55,2,160,8.5,BOVINO,Brahman,IATF,Crestar,20.6,CHUVOSA,0.82,0.06,1
1.0,0.6672,86,2,72,7.0,BOVINO,Canchim,IATF,P4+EB,25.2,SECA,0.7,0.02,1
2.5,0.36,51,0,89,7.2,BOVINO,Angus,IA_CONVENCIONAL,IA_CONVENCIONAL,21.2,SECA,0.75,0.06,0
2.5,0.32,42,2,53,3.5,BOVINO,Tabapuã,IATF,CIDR+GnRH,28.7,SECA,0.48,0.0385,0
2.0,0.6672,168,0,68,4.7,BOVINO,Girolando,IA_CONVENCIONAL,IA_CONVENCIONAL,37.2,SECA,0.7,0.02,0
3.0,0.74,70,3,104,8.8,BOVINO,Angus,IA_CONVENCIONAL,IA_CONVENCIONAL,32.3,SECA,0.64,0.06,1
3.0,0.6672,36,4,8,6.0,BOVINO,Gir,IATF,Resynch,35.6,SECA,0.7,0.02,0
4.5,0.86,94,6,39,7.7,OVINO,Suffolk,IATF,OvSynch,24.1,CHUVOSA,0.58,0.0438,1
5.0,0.6,36,3,71,3.3,BOVINO,Nelore,IATF,OvSynch,28.7,SECA,0.49,0.0405,0
5.0,0.6672,248,4,30,7.2,BOVINO,Brahman,IA_CONVENCIONAL,IA_CONVENCIONAL,18.1,CHUVOSA,0.7,0.02,0
4.0,0.6672,155,1,104,4.3,BOVINO,Gir,IA_CONVENCIONAL,IA_CONVENCIONAL,36.9,CHUVOSA,0.7,0.02,1
3.0,0.6259,35,1,6,5.3,CAPRINO,Repartida,IATF,Ovsynch,30.6,SECA,0.7,0.02,0
3.0,0.5726,169,0,100,5.1,OVINO,Bergamácia,IATF,IATF 7 dias,38.6,CHUVOSA,0.7,0.02,0
3.0,0.6259,230,1,80,6.2,CAPRINO,Saanen,IA_CONVENCIONAL,IA_CONVENCIONAL,27.2,CHUVOSA,0.7,0.02,1
5.0,0.6672,168,0,60,7.8,BOVINO,Girolando,IATF,Ovsynch,39.9,CHUVOSA,0.7,0.02,1
3.0,0.85,71,2,160,8.6,BOVINO,Angus,IATF,CIDR+GnRH,23.1,CHUVOSA,0.56,0.0401,1
3.5,0.57,99,3,41,5.2,BOVINO,Brahman,IA_CONVENCIONAL,IA_CONVENCIONAL,21.2,CHUVOSA,0.69,0.0063,1
3.5,0.72,77,2,63,11.0,OVINO,Santa Inês,IA_CONVENCIONAL,IA_CONVENCIONAL,23.3,SECA,0.68,0.0537,1
3.5,0.77,55,5,171,9.1,OVINO,Morada Nova,IA_CONVENCIONAL,IA_CONVENCIONAL,23.8,CHUVOSA,0.77,0.0006,1
2.5,0.33,35,2,179,7.1,BOVINO,Tabapuã,IA_CONVENCIONAL,IA_CONVENCIONAL,28.2,CHUVOSA,0.72,0.0167,0
3.5,0.67,81,3,78,6.5,BOVINO,Brahman,IA_CONVENCIONAL,IA_CONVENCIONAL,24.8,CHUVOSA,0.66,0.0394,1
5.0,0.6672,168,0,5,6.9,BOVINO,Brahman,IA_CONVENCIONAL,IA_CONVENCIONAL,28.5,SECA,0.7,0.02,0
4.0,0.5726,169,0,25,6.4,OVINO,Somalis,IA_CONVENCIONAL,IA_CONVENCIONAL,34.1,SECA,0.7,0.02,0
3.0,0.55,86,6,114,8.0,OVINO,Somalis Brasileira,IATF,OvSynch,28.8,CHUVOSA,0.9,0.0542,1
4.5,0.7,65,0,39,0.6,OVINO,Morada Nova,IATF,OvSynch,36.5,SECA,0.59,0.0045,0
3.5,0.79,90,1,121,11.1,CAPRINO,Boer,IATF,P4+EB 7 dias,26.0,CHUVOSA,0.64,0.06,1
4.0,0.6672,223,2,72,4.6,BOVINO,Tabapuã,IATF,IATF 7 dias,36.8,SECA,0.7,0.02,0
1.5,0.27,44,7,126,0.4,CAPRINO,Moxotó,IATF,CIDR+GnRH,23.1,CHUVOSA,0.64,0.0269,0
4.0,0.5726,205,2,7,7.6,OVINO,Santa Inês,IATF,IATF 7 dias,32.5,CHUVOSA,0.7,0.02,1
3.0,0.66,92,3,157,11.5,BOVINO,Gir,IATF,Crestar,23.3,CHUVOSA,0.92,0.0216,1
4.0,0.58,103,1,180,7.2,BOVINO,Brahman,IATF,Crestar,25.1,CHUVOSA,0.92,0.0476,1
3.0,0.6672,168,0,74,5.9,BOVINO,Nelore,IATF,P4+EB,23.5,SECA,0.7,0.02,1
3.5,0.81,77,1,142,4.2,BOVINO,Angus,IATF,P4+EB 7 dias,27.6,SECA,0.8,0.0143,1
5.0,0.6672,211,1,116,5.9,BOVINO,Sindi,IA_CONVENCIONAL,IA_CONVENCIONAL,29.3,SECA,0.7,0.02,0
3.5,0.61,59,1,84,7.3,OVINO,Morada Nova,IATF,OvSynch,28.9,SECA,0.53,0.06,1
3.0,0.6672,168,0,109,5.2,BOVINO,Gir,IA_CONVENCIONAL,IA_CONVENCIONAL,25.8,CHUVOSA,0.7,0.02,0
5.0,0.6259,95,1,114,4.0,CAPRINO,Anglo Nubiana,IA_CONVENCIONAL,IA_CONVENCIONAL,24.5,CHUVOSA,0.7,0.02,0
3.0,0.6672,265,1,20,5.2,BOVINO,Gir,IA_CONVENCIONAL,IA_CONVENCIONAL,31.2,CHUVOSA,0.7,0.02,0
3.5,0.76,68,0,141,5.6,BOVINO,Simmental,IA_CONVENCIONAL,IA_CONVENCIONAL,26.1,CHUVOSA,0.76,0.0265,1
4.0,0.6672,168,0,95,6.3,BOVINO,Gir,IA_CONVENCIONAL,IA_CONVENCIONAL,38.2,SECA,0.7,0.02,1
3.5,0.77,78,0,109,6.4,OVINO,Somalis Brasileira,IATF,CIDR+GnRH,30.2,CHUVOSA,0.73,0.0581,1
3.0,0.68,71,1,91,6.1,OVINO,Suffolk,IA_CONVENCIONAL,IA_CONVENCIONAL,26.6,CHUVOSA,0.72,0.0346,1
3.0,0.5726,169,0,68,7.0,OVINO,Texel,IA_CONVENCIONAL,IA_CONVENCIONAL,23.8,CHUVOSA,0.7,0.02,0
5.0,0.6259,157,0,54,8.2,CAPRINO,Toggenburg,IATF,P4+BE+PGF,38.5,SECA,0.7,0.02,0
3.0,0.6259,67,2,114,6.0,CAPRINO,Moxotó,IA_CONVENCIONAL,IA_CONVENCIONAL,34.2,CHUVOSA,0.7,0.02,1
2.5,0.76,102,2,129,11.4,BOVINO,Gir,IATF,CIDR+GnRH,27.9,CHUVOSA,0.42,0.004,1
3.0,0.23,35,1,43,7.2,BOVINO,Simmental,IATF,CIDR+GnRH,27.5,CHUVOSA,0.86,0.0065,0
3.0,0.24,28,7,113,5.5,BOVINO,Tabapuã,IA_CONVENCIONAL,IA_CONVENCIONAL,34.2,CHUVOSA,0.63,0.0217,0
3.0,0.69,80,3,171,5.7,OVINO,Dorper,IATF,OvSynch,26.7,SECA,0.86,0.059,1
4.0,0.6259,157,0,71,7.1,CAPRINO,Boer,IATF,P4+BE+PGF,23.5,CHUVOSA,0.7,0.02,1
2.0,0.6259,157,0,115,7.9,CAPRINO,Toggenburg,IA_CONVENCIONAL,IA_CONVENCIONAL,32.2,CHUVOSA,0.7,0.02,0
3.5,0.71,88,3,147,7.1,CAPRINO,Anglo-nubiano,IATF,CIDR+GnRH,35.0,CHUVOSA,0.53,0.06,1
4.0,0.88,107,5,54,7.3,CAPRINO,Anglo-nubiano,IATF,CIDR+GnRH,30.0,SECA,0.91,0.0128,1
3.0,0.6672,168,0,114,7.3,BOVINO,Sindi,IATF,Sem protocolo,25.2,SECA,0.7,0.02,0
4.0,0.5726,230,1,105,4.1,OVINO,Texel,IA_CONVENCIONAL,IA_CONVENCIONAL,21.5,SECA,0.7,0.02,0
2.0,0.5726,169,0,61,5.6,OVINO,Santa Inês,IA_CONVENCIONAL,IA_CONVENCIONAL,22.0,CHUVOSA,0.7,0.02,1
3.0,0.5726,169,0,6,6.8,OVINO,Santa Inês,IA_CONVENCIONAL,IA_CONVENCIONAL,26.8,SECA,0.7,0.02,0
3.0,0.6672,168,0,36,7.6,BOVINO,Guzerá,IA_CONVENCIONAL,IA_CONVENCIONAL,31.0,SECA,0.7,0.02,1
4.0,0.67,74,2,115,7.7,OVINO,Somalis Brasileira,IATF,OvSynch,26.0,SECA,0.97,0.0257,1
5.0,0.5726,239,1,37,5.9,OVINO,Morada Nova,IA_CONVENCIONAL,IA_CONVENCIONAL,37.0,CHUVOSA,0.7,0.02,0
3.5,0.66,96,4,58,5.4,CAPRINO,Saanen,IATF,P4+EB 7 dias,21.9,SECA,0.83,0.06,1
3.5,0.75,74,0,101,6.5,BOVINO,Simmental,IATF,OvSynch,23.9,SECA,0.93,0.0011,1
3.5,0.86,88,2,50,6.4,BOVINO,Brahman,IA_CONVENCIONAL,IA_CONVENCIONAL,20.4,CHUVOSA,0.64,0.0589,1
3.0,0.5726,181,3,87,8.2,OVINO,Morada Nova,IATF,P4+BE+PGF,19.2,SECA,0.7,0.02,0
4.0,0.84,83,2,111,6.4,BOVINO,Guzerá,IATF,P4+EB 7 dias,27.8,CHUVOSA,0.79,0.0065,1
3.0,0.6672,233,1,113,7.1,BOVINO,Gir,IA_CONVENCIONAL,IA_CONVENCIONAL,35.7,CHUVOSA,0.7,0.02,1
5.0,0.6672,277,1,113,5.3,BOVINO,Canchim,IA_CONVENCIONAL,IA_CONVENCIONAL,36.1,SECA,0.7,0.02,1
3.0,0.5726,169,0,54,5.4,OVINO,Bergamácia,IA_CONVENCIONAL,IA_CONVENCIONAL,30.9,CHUVOSA,0.7,0.02,1
2.5,0.38,34,3,170,0.5,BOVINO,Guzerá,IA_CONVENCIONAL,IA_CONVENCIONAL,20.9,CHUVOSA,0.78,0.009,0
1.5,0.49,65,1,145,2.7,BOVINO,Simmental,IA_CONVENCIONAL,IA_CONVENCIONAL,23.8,SECA,0.58,0.0119,0
3.0,0.76,78,1,178,8.9,OVINO,Suffolk,IATF,P4+EB 7 dias,24.1,CHUVOSA,0.45,0.06,1
3.5,0.66,82,1,172,6.8,BOVINO,Nelore,IATF,P4+EB 7 dias,35.0,SECA,0.85,0.023,1
4.0,0.6259,84,1,36,2.7,CAPRINO,Anglo Nubiana,IA_CONVENCIONAL,IA_CONVENCIONAL,23.6,CHUVOSA,0.7,0.02,1
3.0,0.6672,276,2,42,8.9,BOVINO,Canchim,IA_CONVENCIONAL,IA_CONVENCIONAL,20.1,SECA,0.7,0.02,1
2.0,0.5726,169,0,62,3.4,OVINO,Dorper,IA_CONVENCIONAL,IA_CONVENCIONAL,37.4,CHUVOSA,0.7,0.02,1
3.0,0.19,50,7,19,6.9,BOVINO,Angus,IATF,CIDR+GnRH,23.9,CHUVOSA,0.37,0.1351,0
3.0,0.6259,157,0,34,4.0,CAPRINO,Canindé,IA_CONVENCIONAL,IA_CONVENCIONAL,20.7,SECA,0.7,0.02,1
3.0,0.12,24,1,92,6.5,BOVINO,Tabapuã,IA_CONVENCIONAL,IA_CONVENCIONAL,33.1,SECA,0.78,0.0301,0
3.0,0.5726,169,0,66,5.4,OVINO,Somalis,IA_CONVENCIONAL,IA_CONVENCIONAL,19.4,CHUVOSA,0.7,0.02,0
4.0,0.6259,157,0,108,8.3,CAPRINO,Boer,IATF,IATF 7 dias,31.4,SECA,0.7,0.02,1
3.0,0.5726,250,1,66,8.0,OVINO,Santa Inês,IATF,P4+EB,24.7,CHUVOSA,0.7,0.02,1
1.5,0.23,46,7,174,7.5,BOVINO,Nelore,IATF,CIDR+GnRH,23.5,CHUVOSA,0.81,0.022,0
4.0,0.6672,168,0,71,6.4,BOVINO,Girolando,IATF,IATF 7 dias,32.6,CHUVOSA,0.7,0.02,1
4.0,0.6672,44,1,80,7.9,BOVINO,Girolando,IATF,Ovsynch,34.1,SECA,0.7,0.02,1
3.5,0.77,96,3,169,9.0,OVINO,Dorper,IATF,Crestar,29.2,SECA,0.72,0.0248,1
3.0,0.6259,82,1,15,4.9,CAPRINO,Moxotó,IA_CONVENCIONAL,IA_CONVENCIONAL,31.3,SECA,0.7,0.02,0
1.0,0.5726,169,0,39,5.4,OVINO,Texel,IATF,Ovsynch,30.2,CHUVOSA,0.7,0.02,0
3.5,0.71,101,1,105,7.6,BOVINO,Nelore,IATF,OvSynch,22.5,CHUVOSA,0.82,0.0299,1
3.0,0.6672,168,0,111,5.6,BOVINO,Gir,IA_CONVENCIONAL,IA_CONVENCIONAL,20.9,CHUVOSA,0.7,0.02,1
3.5,0.85,89,1,55,4.5,BOVINO,Simmental,IA_CONVENCIONAL,IA_CONVENCIONAL,21.2,CHUVOSA,0.82,0.06,1
5.0,0.36,32,4,1,0.0,CAPRINO,Anglo-nubiano,IA_CONVENCIONAL,IA_CONVENCIONAL,30.3,SECA,0.45,0.0037,0
1.5,0.23,44,2,101,6.1,CAPRINO,Anglo-nubiano,IA_CONVENCIONAL,IA_CONVENCIONAL,21.2,SECA,0.72,0.0261,0
3.0,0.6259,221,3,45,4.0,CAPRINO,Saanen,IATF,Sem protocolo,31.2,SECA,0.7,0.02,1
3.5,0.56,103,2,90,7.8,BOVINO,Nelore,IA_CONVENCIONAL,IA_CONVENCIONAL,25.5,CHUVOSA,0.85,0.06,1
3.0,0.6672,127,5,16,6.8,BOVINO,Canchim,IA_CONVENCIONAL,IA_CONVENCIONAL,24.6,CHUVOSA,0.7,0.02,0
4.0,0.6259,157,0,37,4.2,CAPRINO,Anglo Nubiana,IA_CONVENCIONAL,IA_CONVENCIONAL,19.7,CHUVOSA,0.7,0.02,1
3.5,0.59,92,0,76,9.7,OVINO,Somalis Brasileira,IATF,OvSynch,25.6,SECA,0.95,0.06,1
4.0,0.6672,252,1,11,6.1,BOVINO,Brahman,IA_CONVENCIONAL,IA_CONVENCIONAL,28.2,SECA,0.7,0.02,1
4.0,0.6259,109,1,7,6.3,CAPRINO,Boer,IA_CONVENCIONAL,IA_CONVENCIONAL,37.3,SECA,0.7,0.02,1
3.0,0.76,70,3,126,9.6,CAPRINO,Saanen,IATF,OvSynch,27.5,CHUVOSA,0.72,0.06,1
3.0,0.6672,168,0,119,5.1,BOVINO,Tabapuã,IA_CONVENCIONAL,IA_CONVENCIONAL,36.5,CHUVOSA,0.7,0.02,1
4.0,0.69,93,3,30,4.5,OVINO,Somalis Brasileira,IATF,OvSynch,24.9,CHUVOSA,0.88,0.0083,1
4.0,0.6672,168,0,117,4.0,BOVINO,Nelore,IA_CONVENCIONAL,IA_CONVENCIONAL,18.1,SECA,0.7,0.02,1
3.0,0.6672,260,1,35,6.8,BOVINO,Tabapuã,IA_CONVENCIONAL,IA_CONVENCIONAL,26.7,SECA,0.7,0.02,0
4.0,0.6672,168,0,42,4.7,BOVINO,Tabapuã,IATF,Sem protocolo,30.4,CHUVOSA,0.7,0.02,1
3.0,0.6259,157,0,49,7.7,CAPRINO,Canindé,IA_CONVENCIONAL,IA_CONVENCIONAL,25.7,SECA,0.7,0.02,0
3.0,0.74,73,3,162,10.6,BOVINO,Brahman,IA_CONVENCIONAL,IA_CONVENCIONAL,23.0,CHUVOSA,0.71,0.03,1
4.0,0.55,45,4,51,8.5,OVINO,Suffolk,IATF,OvSynch,30.5,CHUVOSA,0.34,0.0073,1
3.5,0.57,88,2,21,9.1,OVINO,Morada Nova,IATF,Crestar,24.1,CHUVOSA,0.81,0.0034,1
3.0,0.73,75,1,52,5.4,BOVINO,Brahman,IATF,Crestar,30.3,CHUVOSA,0.64,0.0063,1
4.0,0.69,74,3,180,9.9,BOVINO,Tabapuã,IATF,Crestar,27.6,SECA,0.89,0.0467,1
2.0,0.6259,153,1,10,5.0,CAPRINO,Toggenburg,IA_CONVENCIONAL,IA_CONVENCIONAL,28.5,SECA,0.7,0.02,1
2.0,0.6259,157,0,62,4.5,CAPRINO,Saanen,IA_CONVENCIONAL,IA_CONVENCIONAL,19.8,CHUVOSA,0.7,0.02,0
3.5,0.72,74,1,57,8.2,BOVINO,Simmental,IATF,CIDR+GnRH,24.8,SECA,0.98,0.0409,1
4.0,0.6672,258,1,85,5.0,BOVINO,Tabapuã,IATF,Resynch,26.4,CHUVOSA,0.7,0.02,1
4.0,0.6672,177,2,78,9.0,BOVINO,Gir,IA_CONVENCIONAL,IA_CONVENCIONAL,23.4,SECA,0.7,0.02,1
5.0,0.5726,169,0,40,7.1,OVINO,Texel,IATF,P4+BE+PGF,36.5,SECA,0.7,0.02,1
3.5,0.61,69,1,127,10.2,OVINO,Suffolk,IATF,P4+EB 7 dias,22.6,SECA,0.68,0.027,1
4.0,0.85,63,3,95,9.0,OVINO,Santa Inês,IA_CONVENCIONAL,IA_CONVENCIONAL,29.3,SECA,0.59,0.06,1
3.5,0.77,89,3,46,5.2,OVINO,Suffolk,IATF,CIDR+GnRH,28.6,CHUVOSA,0.84,0.0003,1
4.0,0.6672,168,1,104,8.4,BOVINO,Guzerá,IA_CONVENCIONAL,IA_CONVENCIONAL,24.3,CHUVOSA,0.7,0.02,1
3.0,0.66,63,2,160,11.1,CAPRINO,Moxotó,IATF,P4+EB 7 dias,27.7,CHUVOSA,0.72,0.0132,1
3.0,0.67,79,3,138,10.3,BOVINO,Brahman,IATF,CIDR+GnRH,27.9,SECA,0.48,0.0163,1
2.0,0.6672,168,0,80,4.5,BOVINO,Canchim,IATF,P4+EB,30.2,CHUVOSA,0.7,0.02,0
4.5,0.33,34,3,151,3.9,OVINO,Somalis Brasileira,IATF,P4+EB 7 dias,27.4,CHUVOSA,0.43,0.1114,0
3.0,0.5726,169,0,25,5.4,OVINO,Santa Inês,IA_CONVENCIONAL,IA_CONVENCIONAL,29.4,SECA,0.7,0.02,1
5.0,0.16,44,5,9,6.2,BOVINO,Angus,IATF,Crestar,35.5,SECA,0.24,0.06,0
4.5,0.33,39,1,56,9.0,CAPRINO,Saanen,IA_CONVENCIONAL,IA_CONVENCIONAL,32.3,SECA,0.74,0.0001,0
3.5,0.77,65,0,130,3.0,BOVINO,Guzerá,IATF,CIDR+GnRH,23.9,CHUVOSA,0.86,0.0435,1
2.0,0.5,54,0,61,4.3,BOVINO,Guzerá,IATF,OvSynch,26.2,CHUVOSA,0.64,0.1692,0
2.0,0.38,30,1,44,4.8,CAPRINO,Saanen,IATF,CIDR+GnRH,28.7,CHUVOSA,0.65,0.1572,0
4.5,0.39,47,1,34,2.6,BOVINO,Guzerá,IA_CONVENCIONAL,IA_CONVENCIONAL,29.8,SECA,0.66,0.0256,0
4.0,0.6672,168,0,117,8.6,BOVINO,Brahman,IATF,Ovsynch,21.6,SECA,0.7,0.02,1
2.0,0.5726,142,1,51,8.0,OVINO,Bergamácia,IA_CONVENCIONAL,IA_CONVENCIONAL,26.5,SECA,0.7,0.02,1
1.5,0.38,33,0,142,1.7,CAPRINO,Saanen,IATF,CIDR+GnRH,30.7,SECA,0.57,0.0219,0
4.0,0.5726,139,2,115,5.6,OVINO,Somalis,IA_CONVENCIONAL,IA_CONVENCIONAL,36.9,SECA,0.7,0.02,0
4.0,0.5726,277,4,89,4.7,OVINO,Texel,IA_CONVENCIONAL,IA_CONVENCIONAL,28.7,CHUVOSA,0.7,0.02,1
3.5,0.79,71,2,145,8.0,CAPRINO,Saanen,IATF,OvSynch,22.1,SECA,0.85,0.0008,1
4.5,0.26,46,1,11,0.7,CAPRINO,Boer,IA_CONVENCIONAL,IA_CONVENCIONAL,25.4,CHUVOSA,0.38,0.06,0
4.0,0.5726,169,0,95,2.5,OVINO,Morada Nova,IATF,Cosynch,29.3,CHUVOSA,0.7,0.02,0
4.0,0.6259,157,0,53,5.4,CAPRINO,Toggenburg,IA_CONVENCIONAL,IA_CONVENCIONAL,35.7,SECA,0.7,0.02,1
3.5,0.84,99,2,21,10.2,BOVINO,Brahman,IATF,Crestar,28.2,CHUVOSA,0.59,0.0155,1
4.0,0.79,100,2,120,6.6,BOVINO,Nelore,IA_CONVENCIONAL,IA_CONVENCIONAL,24.7,CHUVOSA,0.65,0.06,1
4.0,0.6672,198,1,88,6.0,BOVINO,Gir,IA_CONVENCIONAL,IA_CONVENCIONAL,38.8,CHUVOSA,0.7,0.02,1
5.0,0.6672,168,0,15,2.9,BOVINO,Guzerá,IA_CONVENCIONAL,IA_CONVENCIONAL,21.9,SECA,0.7,0.02,0
3.5,0.83,70,2,176,8.9,OVINO,Somalis Brasileira,IATF,OvSynch,27.6,CHUVOSA,0.74,0.016,1
3.5,0.76,49,3,124,7.2,BOVINO,Simmental,IATF,CIDR+GnRH,26.8,SECA,0.52,0.0104,1
4.0,0.95,88,0,32,8.1,OVINO,Suffolk,IATF,OvSynch,25.8,SECA,0.81,0.0017,1
4.0,0.6672,168,0,50,5.5,BOVINO,Brahman,IA_CONVENCIONAL,IA_CONVENCIONAL,19.3,SECA,0.7,0.02,1
4.0,0.65,69,3,165,10.9,BOVINO,Angus,IATF,CIDR+GnRH,24.8,CHUVOSA,0.49,0.048,1
3.5,0.7,93,3,87,10.4,CAPRINO,Saanen,IATF,CIDR+GnRH,28.9,CHUVOSA,0.72,0.06,1
4.0,0.5726,169,0,90,5.4,OVINO,Dorper,IA_CONVENCIONAL,IA_CONVENCIONAL,34.5,CHUVOSA,0.7,0.02,1
4.0,0.6672,74,2,77,3.9,BOVINO,Guzerá,IA_CONVENCIONAL,IA_CONVENCIONAL,38.5,SECA,0.7,0.02,1
3.5,0.82,69,0,145,6.3,CAPRINO,Anglo-nubiano,IA_CONVENCIONAL,IA_CONVENCIONAL,32.5,SECA,0.71,0.0211,1
2.5,0.14,49,2,71,6.2,CAPRINO,Anglo-nubiano,IA_CONVENCIONAL,IA_CONVENCIONAL,21.5,CHUVOSA,0.7,0.0007,0
3.5,0.75,59,2,30,9.2,OVINO,Santa Inês,IATF,CIDR+GnRH,30.2,CHUVOSA,0.77,0.055,1
4.0,0.61,100,4,142,10.9,OVINO,Santa Inês,IATF,P4+EB 7 dias,24.9,CHUVOSA,0.46,0.0174,1
5.0,0.31,40,2,12,6.0,BOVINO,Angus,IA_CONVENCIONAL,IA_CONVENCIONAL,24.6,CHUVOSA,0.49,0.06,0
4.0,0.6672,168,0,60,6.0,BOVINO,Brahman,IATF,IATF 7 dias,37.6,CHUVOSA,0.7,0.02,1
3.0,0.6259,157,0,10,6.7,CAPRINO,Repartida,IA_CONVENCIONAL,IA_CONVENCIONAL,18.0,CHUVOSA,0.7,0.02,0
5.0,0.6259,157,0,30,5.4,CAPRINO,Anglo Nubiana,IA_CONVENCIONAL,IA_CONVENCIONAL,24.7,CHUVOSA,0.7,0.02,0
3.5,0.5,113,2,170,4.5,CAPRINO,Anglo-nubiano,IA_CONVENCIONAL,IA_CONVENCIONAL,24.7,SECA,0.86,0.06,1
1.5,0.54,52,1,26,4.1,CAPRINO,Moxotó,IATF,CIDR+GnRH,27.9,SECA,0.49,0.0175,0
3.5,0.71,74,2,74,6.8,CAPRINO,Moxotó,IATF,OvSynch,29.8,SECA,0.95,0.0492,1
2.5,0.34,34,7,60,0.7,OVINO,Somalis Brasileira,IA_CONVENCIONAL,IA_CONVENCIONAL,33.1,SECA,0.56,0.0576,0
4.0,0.6672,178,1,39,7.4,BOVINO,Sindi,IATF,Ovsynch,21.7,SECA,0.7,0.02,1
2.0,0.6672,201,3,82,9.1,BOVINO,Tabapuã,IATF,P4+EB,31.4,CHUVOSA,0.7,0.02,1
4.0,0.77,68,2,43,4.4,OVINO,Somalis Brasileira,IATF,Crestar,22.2,SECA,0.37,0.0318,1
3.0,0.66,85,6,137,10.7,BOVINO,Guzerá,IATF,OvSynch,22.9,CHUVOSA,0.66,0.044,1
4.0,0.87,54,2,107,4.0,OVINO,Somalis Brasileira,IA_CONVENCIONAL,IA_CONVENCIONAL,30.7,SECA,0.6,0.06,1
2.0,0.43,46,5,84,5.7,OVINO,Dorper,IATF,OvSynch,25.7,CHUVOSA,0.77,0.0164,0
3.0,0.6259,157,0,7,5.2,CAPRINO,Saanen,IATF,P4+EB,33.8,CHUVOSA,0.7,0.02,1
3.0,0.6672,82,5,18,4.8,BOVINO,Girolando,IA_CONVENCIONAL,IA_CONVENCIONAL,24.9,SECA,0.7,0.02,0
3.5,0.79,91,2,95,6.0,CAPRINO,Moxotó,IATF,P4+EB 7 dias,28.8,CHUVOSA,0.53,0.0035,1
3.0,0.15,52,0,63,7.0,CAPRINO,Moxotó,IA_CONVENCIONAL,IA_CONVENCIONAL,28.4,SECA,0.3,0.0049,0
3.0,0.91,48,3,174,6.3,BOVINO,Brahman,IATF,P4+EB 7 dias,29.3,SECA,0.83,0.0187,1
2.5,0.49,31,2,5,4.1,OVINO,Suffolk,IATF,CIDR+GnRH,26.5,CHUVOSA,0.52,0.1208,0
5.0,0.4,42,0,76,8.7,BOVINO,Simmental,IA_CONVENCIONAL,IA_CONVENCIONAL,29.5,CHUVOSA,0.81,0.0415,0
1.5,0.22,27,1,129,3.2,CAPRINO,Moxotó,IATF,CIDR+GnRH,29.8,CHUVOSA,0.84,0.06,0
3.0,0.6672,168,0,33,6.0,BOVINO,Gir,IA_CONVENCIONAL,IA_CONVENCIONAL,39.1,SECA,0.7,0.02,0
4.0,0.61,83,6,90,11.0,CAPRINO,Saanen,IA_CONVENCIONAL,IA_CONVENCIONAL,30.9,CHUVOSA,0.6,0.06,1
3.5,0.67,96,3,68,7.8,BOVINO,Gir,IATF,P4+EB 7 dias,29.4,CHUVOSA,0.63,0.0322,1
5.0,0.6672,168,0,28,4.5,BOVINO,Brahman,IATF,P4+BE+PGF,39.2,CHUVOSA,0.7,0.02,1
2.0,0.5726,169,0,116,6.7,OVINO,Texel,IA_CONVENCIONAL,IA_CONVENCIONAL,18.9,CHUVOSA,0.7,0.02,0
5.0,0.6672,168,0,109,4.7,BOVINO,Girolando,IA_CONVENCIONAL,IA_CONVENCIONAL,37.9,CHUVOSA,0.7,0.02,0
3.0,0.31,24,0,13,7.0,CAPRINO,Saanen,IA_CONVENCIONAL,IA_CONVENCIONAL,27.7,CHUVOSA,0.53,0.0815,0
4.0,0.6672,168,0,74,7.7,BOVINO,Sindi,IA_CONVENCIONAL,IA_CONVENCIONAL,22.0,CHUVOSA,0.7,0.02,1
3.0,0.5726,70,2,49,6.3,OVINO,Dorper,IA_CONVENCIONAL,IA_CONVENCIONAL,38.3,CHUVOSA,0.7,0.02,1
4.0,0.94,87,4,38,9.5,CAPRINO,Boer,IA_CONVENCIONAL,IA_CONVENCIONAL,26.9,SECA,0.75,0.0079,1
2.0,0.6672,76,1,50,5.4,BOVINO,Canchim,IATF,P4+BE+PGF,38.3,CHUVOSA,0.7,0.02,1
3.5,0.39,57,0,81,4.1,CAPRINO,Saanen,IA_CONVENCIONAL,IA_CONVENCIONAL,26.5,CHUVOSA,0.51,0.06,0
4.0,0.5726,169,0,56,5.9,OVINO,Dorper,IA_CONVENCIONAL,IA_CONVENCIONAL,35.9,CHUVOSA,0.7,0.02,0
4.0,0.83,88,2,89,11.4,BOVINO,Tabapuã,IATF,Crestar,28.4,CHUVOSA,0.75,0.053,1
3.5,0.78,75,4,141,8.0,CAPRINO,Anglo-nubiano,IATF,OvSynch,26.6,SECA,0.92,0.0415,1
3.5,0.75,101,4,24,5.3,OVINO,Dorper,IATF,P4+EB 7 dias,29.0,SECA,0.41,0.0037,1
5.0,0.6672,167,1,93,6.9,BOVINO,Canchim,IA_CONVENCIONAL,IA_CONVENCIONAL,25.5,CHUVOSA,0.7,0.02,1
4.0,0.5726,169,0,74,5.7,OVINO,Bergamácia,IA_CONVENCIONAL,IA_CONVENCIONAL,29.9,SECA,0.7,0.02,0
2.5,0.31,43,0,37,3.4,BOVINO,Tabapuã,IATF,OvSynch,31.1,SECA,0.56,0.0234,0
3.5,0.61,66,0,32,10.3,CAPRINO,Moxotó,IA_CONVENCIONAL,IA_CONVENCIONAL,23.4,CHUVOSA,0.78,0.0402,1
3.5,0.71,77,1,25,5.1,CAPRINO,Boer,IATF,P4+EB 7 dias,24.6,CHUVOSA,0.71,0.06,1
3.0,0.52,88,4,86,8.7,CAPRINO,Boer,IATF,OvSynch,25.4,CHUVOSA,0.93,0.0206,1
5.0,0.36,31,1,98,5.3,OVINO,Somalis Brasileira,IA_CONVENCIONAL,IA_CONVENCIONAL,18.0,CHUVOSA,0.41,0.0153,0
3.0,0.6672,283,2,59,5.6,BOVINO,Guzerá,IA_CONVENCIONAL,IA_CONVENCIONAL,28.6,SECA,0.7,0.02,1
3.5,0.82,63,2,58,11.3,CAPRINO,Moxotó,IA_CONVENCIONAL,IA_CONVENCIONAL,28.2,CHUVOSA,0.96,0.0557,1
4.0,0.67,81,1,109,7.5,OVINO,Somalis Brasileira,IA_CONVENCIONAL,IA_CONVENCIONAL,30.1,SECA,0.83,0.06,1
3.0,0.5726,177,2,112,6.8,OVINO,Santa Inês,IA_CONVENCIONAL,IA_CONVENCIONAL,23.4,CHUVOSA,0.7,0.02,0
1.0,0.6259,157,0,82,2.0,CAPRINO,Canindé,IA_CONVENCIONAL,IA_CONVENCIONAL,35.7,SECA,0.7,0.02,0
3.0,0.6259,157,0,24,7.3,CAPRINO,Moxotó,IATF,Select Synch,26.2,CHUVOSA,0.7,0.02,0
3.0,0.6672,168,0,36,4.7,BOVINO,Girolando,IA_CONVENCIONAL,IA_CONVENCIONAL,18.7,CHUVOSA,0.7,0.02,1
3.0,0.66,76,2,62,6.8,OVINO,Dorper,IATF,CIDR+GnRH,26.0,SECA,0.72,0.0142,1
3.5,0.83,66,1,91,3.7,OVINO,Dorper,IATF,P4+EB 7 dias,29.5,SECA,0.66,0.0424,1
3.0,0.5726,272,1,45,4.0,OVINO,Morada Nova,IATF,IATF 7 dias,21.3,CHUVOSA,0.7,0.02,1
4.0,0.6672,146,2,46,4.6,BOVINO,Gir,IA_CONVENCIONAL,IA_CONVENCIONAL,26.1,CHUVOSA,0.7,0.02,1
2.0,0.5726,191,1,20,6.5,OVINO,Dorper,IATF,Cosynch,34.3,SECA,0.7,0.02,1
5.0,0.6259,157,0,21,7.7,CAPRINO,Repartida,IATF,IATF 7 dias,36.4,CHUVOSA,0.7,0.02,1
4.0,0.6259,174,2,96,5.5,CAPRINO,Repartida,IA_CONVENCIONAL,IA_CONVENCIONAL,20.0,CHUVOSA,0.7,0.02,1
3.0,0.73,64,2,91,12.1,OVINO,Santa Inês,IA_CONVENCIONAL,IA_CONVENCIONAL,20.4,SECA,0.59,0.06,1
3.0,0.63,74,1,149,9.8,BOVINO,Tabapuã,IA_CONVENCIONAL,IA_CONVENCIONAL,18.0,CHUVOSA,0.73,0.0357,1
4.5,0.52,62,0,7,0.0,BOVINO,Simmental,IA_CONVENCIONAL,IA_CONVENCIONAL,39.7,SECA,0.81,0.0117,0
1.0,0.5726,119,1,118,4.6,OVINO,Santa Inês,IA_CONVENCIONAL,IA_CONVENCIONAL,18.0,SECA,0.7,0.02,0
4.0,0.68,87,2,86,3.7,OVINO,Santa Inês,IATF,CIDR+GnRH,28.3,SECA,0.58,0.06,1
3.5,0.31,55,0,164,3.4,BOVINO,Angus,IA_CONVENCIONAL,IA_CONVENCIONAL,31.1,CHUVOSA,0.45,0.0228,0
4.0,0.9,74,5,40,9.3,CAPRINO,Boer,IATF,OvSynch,28.5,SECA,0.64,0.004,1
5.0,0.5726,129,3,52,6.5,OVINO,Morada Nova,IATF,Resynch,32.9,SECA,0.7,0.02,0
4.0,0.6672,33,1,43,6.7,BOVINO,Guzerá,IA_CONVENCIONAL,IA_CONVENCIONAL,35.0,SECA,0.7,0.02,1
4.0,0.57,58,0,180,8.6,CAPRINO,Anglo-nubiano,IATF,P4+EB 7 dias,26.4,SECA,0.45,0.06,0
5.0,0.6672,168,0,63,5.9,BOVINO,Sindi,IA_CONVENCIONAL,IA_CONVENCIONAL,30.1,SECA,0.7,0.02,1
4.0,0.2,28,4,178,3.7,BOVINO,Gir,IATF,P4+EB 7 dias,27.9,CHUVOSA,0.75,0.0208,0
2.5,0.65,29,8,1,9.9,OVINO,Suffolk,IA_CONVENCIONAL,IA_CONVENCIONAL,19.0,CHUVOSA,0.66,0.0084,0
4.0,0.6672,168,0,30,6.7,BOVINO,Sindi,IA_CONVENCIONAL,IA_CONVENCIONAL,26.9,SECA,0.7,0.02,0
3.0,0.71,45,3,106,8.2,BOVINO,Simmental,IATF,P4+EB 7 dias,28.1,SECA,0.71,0.0292,1
5.0,0.6259,227,2,55,7.0,CAPRINO,Toggenburg,IA_CONVENCIONAL,IA_CONVENCIONAL,34.7,CHUVOSA,0.7,0.02,1
4.0,0.6672,204,1,55,5.4,BOVINO,Sindi,IATF,GnRH+PGF2α,33.7,CHUVOSA,0.7,0.02,1
3.0,0.6672,168,0,85,7.2,BOVINO,Guzerá,IATF,IATF 7 dias,34.1,CHUVOSA,0.7,0.02,1
4.0,0.6672,35,3,59,5.5,BOVINO,Nelore,IATF,Resynch,32.9,CHUVOSA,0.7,0.02,1
3.0,0.5726,169,0,6,8.0,OVINO,Santa Inês,IA_CONVENCIONAL,IA_CONVENCIONAL,21.3,CHUVOSA,0.7,0.02,0
3.0,0.6259,137,1,38,3.9,CAPRINO,Canindé,IA_CONVENCIONAL,IA_CONVENCIONAL,20.1,CHUVOSA,0.7,0.02,1
3.0,0.6672,168,0,33,5.2,BOVINO,Sindi,IA_CONVENCIONAL,IA_CONVENCIONAL,26.5,SECA,0.7,0.02,1
2.0,0.35,23,3,9,4.3,CAPRINO,Anglo-nubiano,IA_CONVENCIONAL,IA_CONVENCIONAL,32.9,SECA,0.62,0.06,0
4.0,0.6672,168,0,98,6.8,BOVINO,Canchim,IATF,Ovsynch,28.3,SECA,0.7,0.02,0
4.0,0.6259,148,1,76,3.9,CAPRINO,Toggenburg,IA_CONVENCIONAL,IA_CONVENCIONAL,38.1,CHUVOSA,0.7,0.02,1
3.0,0.6672,168,0,62,6.2,BOVINO,Gir,IA_CONVENCIONAL,IA_CONVENCIONAL,22.4,CHUVOSA,0.7,0.02,1
4.0,0.56,84,4,148,11.0,CAPRINO,Boer,IA_CONVENCIONAL,IA_CONVENCIONAL,28.2,SECA,0.74,0.0113,1
4.0,0.6672,232,5,5,3.9,BOVINO,Canchim,IATF,IATF 7 dias,38.7,CHUVOSA,0.7,0.02,1
3.5,0.77,51,5,30,9.3,CAPRINO,Moxotó,IA_CONVENCIONAL,IA_CONVENCIONAL,23.3,CHUVOSA,0.39,0.0549,1
2.5,0.59,111,2,154,7.8,OVINO,Somalis Brasileira,IATF,P4+EB 7 dias,29.8,CHUVOSA,0.82,0.0441,1
4.0,0.55,72,3,98,7.9,BOVINO,Brahman,IATF,CIDR+GnRH,25.1,CHUVOSA,0.71,0.0273,1
1.5,0.62,26,1,76,9.0,OVINO,Santa Inês,IATF,P4+EB 7 dias,26.0,SECA,0.84,0.0363,0
4.0,0.5726,63,1,48,5.2,OVINO,Bergamácia,IA_CONVENCIONAL,IA_CONVENCIONAL,27.2,CHUVOSA,0.7,0.02,0
2.5,0.65,50,4,57,10.9,CAPRINO,Anglo-nubiano,IATF,OvSynch,33.7,CHUVOSA,0.81,0.06,1
5.0,0.5726,184,4,56,5.8,OVINO,Bergamácia,IA_CONVENCIONAL,IA_CONVENCIONAL,30.1,SECA,0.7,0.02,0
3.5,0.61,79,3,33,7.7,CAPRINO,Anglo-nubiano,IATF,P4+EB 7 dias,24.7,CHUVOSA,0.73,0.0401,1
3.5,0.9,64,2,70,6.6,CAPRINO,Boer,IA_CONVENCIONAL,IA_CONVENCIONAL,27.4,CHUVOSA,0.75,0.0487,1
4.5,0.67,52,5,27,10.2,CAPRINO,Saanen,IA_CONVENCIONAL,IA_CONVENCIONAL,32.4,CHUVOSA,0.31,0.0204,1
3.0,0.56,22,1,88,4.6,CAPRINO,Saanen,IATF,P4+EB 7 dias,24.9,CHUVOSA,0.71,0.0088,0
4.0,0.6672,168,0,43,5.9,BOVINO,Sindi,IA_CONVENCIONAL,IA_CONVENCIONAL,20.0,CHUVOSA,0.7,0.02,0
4.0,0.6259,157,0,102,6.0,CAPRINO,Saanen,IATF,P4+BE+PGF,29.1,CHUVOSA,0.7,0.02,0
3.5,0.86,45,1,48,8.7,OVINO,Suffolk,IATF,Crestar,26.8,CHUVOSA,0.87,0.06,1
5.0,0.32,60,1,88,5.8,BOVINO,Guzerá,IATF,Crestar,30.1,SECA,0.21,0.06,0
4.0,0.5726,169,0,115,8.1,OVINO,Somalis,IATF,P4+BE+PGF,24.2,CHUVOSA,0.7,0.02,0
5.0,0.21,38,7,6,6.5,OVINO,Suffolk,IA_CONVENCIONAL,IA_CONVENCIONAL,26.0,CHUVOSA,0.7,0.0465,0
2.0,0.51,47,8,3,2.3,OVINO,Somalis Brasileira,IATF,OvSynch,28.8,SECA,0.81,0.0051,0
5.0,0.5726,169,0,110,5.2,OVINO,Texel,IA_CONVENCIONAL,IA_CONVENCIONAL,21.3,CHUVOSA,0.7,0.02,1
4.5,0.31,44,0,24,7.1,BOVINO,Guzerá,IA_CONVENCIONAL,IA_CONVENCIONAL,18.0,CHUVOSA,0.22,0.0471,0
4.5,0.55,41,1,135,9.7,BOVINO,Gir,IATF,Crestar,38.3,SECA,0.62,0.0715,0
2.5,0.61,50,1,40,5.1,BOVINO,Brahman,IATF,P4+EB 7 dias,33.3,CHUVOSA,0.51,0.0072,0
5.0,0.6259,157,0,106,3.6,CAPRINO,Repartida,IA_CONVENCIONAL,IA_CONVENCIONAL,38.4,CHUVOSA,0.7,0.02,0
3.0,0.5726,169,0,68,4.8,OVINO,Morada Nova,IA_CONVENCIONAL,IA_CONVENCIONAL,27.5,CHUVOSA,0.7,0.02,1
3.5,0.89,106,4,132,9.0,BOVINO,Tabapuã,IATF,OvSynch,28.7,CHUVOSA,0.79,0.06,1
3.0,0.6672,275,3,79,7.7,BOVINO,Girolando,IATF,Select Synch,26.8,SECA,0.7,0.02,1
2.0,0.6259,157,0,80,4.9,CAPRINO,Boer,IATF,Select Synch,26.2,SECA,0.7,0.02,0
3.0,0.6672,168,0,60,5.6,BOVINO,Brahman,IATF,P4+BE+PGF,25.6,CHUVOSA,0.7,0.02,1
4.0,0.78,53,3,113,8.6,OVINO,Morada Nova,IA_CONVENCIONAL,IA_CONVENCIONAL,31.2,SECA,0.46,0.058,1
3.0,0.6259,157,0,72,5.8,CAPRINO,Boer,IA_CONVENCIONAL,IA_CONVENCIONAL,32.3,SECA,0.7,0.02,0
3.5,0.81,75,3,91,6.8,CAPRINO,Anglo-nubiano,IATF,CIDR+GnRH,33.2,SECA,0.63,0.0348,1
2.0,0.6672,260,2,59,5.2,BOVINO,Brahman,IA_CONVENCIONAL,IA_CONVENCIONAL,38.9,SECA,0.7,0.02,1
3.5,0.74,110,2,58,8.7,OVINO,Morada Nova,IA_CONVENCIONAL,IA_CONVENCIONAL,30.0,CHUVOSA,0.79,0.0136,1
2.0,0.6672,282,1,83,10.9,BOVINO,Guzerá,IA_CONVENCIONAL,IA_CONVENCIONAL,19.0,SECA,0.7,0.02,0
3.5,0.79,90,2,50,13.3,BOVINO,Angus,IATF,P4+EB 7 dias,28.8,SECA,0.36,0.0294,1
1.0,0.5726,226,3,61,6.4,OVINO,Dorper,IATF,Ovsynch,19.0,SECA,0.7,0.02,0
4.0,0.6259,157,0,120,5.4,CAPRINO,Repartida,IA_CONVENCIONAL,IA_CONVENCIONAL,27.8,CHUVOSA,0.7,0.02,1
4.0,0.5726,75,2,98,5.9,OVINO,Santa Inês,IA_CONVENCIONAL,IA_CONVENCIONAL,19.4,CHUVOSA,0.7,0.02,1
3.0,0.4,29,2,151,4.3,CAPRINO,Moxotó,IA_CONVENCIONAL,IA_CONVENCIONAL,27.7,CHUVOSA,0.7,0.0086,0
5.0,0.6672,89,2,50,7.0,BOVINO,Tabapuã,IATF,Sem protocolo,35.7,SECA,0.7,0.02,1
2.5,0.43,72,3,11,7.5,CAPRINO,Saanen,IA_CONVENCIONAL,IA_CONVENCIONAL,35.4,SECA,0.27,0.06,0
4.0,0.6672,115,2,46,9.2,BOVINO,Gir,IA_CONVENCIONAL,IA_CONVENCIONAL,21.9,CHUVOSA,0.7,0.02,1
3.5,0.52,129,4,128,9.0,OVINO,Dorper,IATF,Crestar,31.2,SECA,0.85,0.0055,1
2.0,0.42,57,7,98,7.7,OVINO,Dorper,IATF,CIDR+GnRH,38.8,SECA,0.5,0.0021,0
3.0,0.36,47,0,3,3.7,BOVINO,Tabapuã,IATF,Crestar,26.5,CHUVOSA,0.69,0.058,0
4.0,0.6672,168,0,56,7.3,BOVINO,Girolando,IA_CONVENCIONAL,IA_CONVENCIONAL,35.9,SECA,0.7,0.02,0
3.0,0.6672,168,0,40,8.7,BOVINO,Girolando,IA_CONVENCIONAL,IA_CONVENCIONAL,28.2,SECA,0.7,0.02,0
3.0,0.9,93,5,168,8.9,OVINO,Somalis Brasileira,IATF,CIDR+GnRH,22.3,CHUVOSA,0.75,0.0079,1
5.0,0.51,54,1,44,5.9,OVINO,Somalis Brasileira,IATF,P4+EB 7 dias,25.0,CHUVOSA,0.95,0.0149,0
2.5,0.69,101,4,36,9.3,BOVINO,Guzerá,IATF,Crestar,29.9,SECA,0.61,0.0181,1
4.5,0.1,32,1,73,4.0,BOVINO,Angus,IA_CONVENCIONAL,IA_CONVENCIONAL,26.7,CHUVOSA,0.43,0.0224,0
1.0,0.6672,115,2,11,7.6,BOVINO,Sindi,IA_CONVENCIONAL,IA_CONVENCIONAL,32.3,CHUVOSA,0.7,0.02,0
2.0,0.5726,216,4,8,3.5,OVINO,Morada Nova,IATF,GnRH+PGF2α,19.6,SECA,0.7,0.02,1
3.0,0.58,59,1,171,8.5,BOVINO,Guzerá,IATF,P4+EB 7 dias,25.9,SECA,0.68,0.0051,1
3.0,0.6259,299,2,81,8.2,CAPRINO,Repartida,IATF,Select Synch,35.2,SECA,0.7,0.02,1
3.0,0.35,33,5,144,7.8,OVINO,Santa Inês,IA_CONVENCIONAL,IA_CONVENCIONAL,31.8,SECA,0.38,0.06,0
4.0,0.6672,95,6,52,8.8,BOVINO,Sindi,IA_CONVENCIONAL,IA_CONVENCIONAL,30.4,CHUVOSA,0.7,0.02,0
5.0,0.39,32,4,92,3.6,BOVINO,Guzerá,IA_CONVENCIONAL,IA_CONVENCIONAL,28.9,CHUVOSA,0.66,0.2124,0
2.0,0.16,21,8,44,5.4,BOVINO,Tabapuã,IATF,P4+EB 7 dias,23.5,CHUVOSA,0.67,0.0151,0
4.0,0.56,89,4,109,8.3,CAPRINO,Moxotó,IATF,P4+EB 7 dias,27.2,CHUVOSA,0.32,0.0016,1
4.0,0.9,89,0,128,8.9,CAPRINO,Saanen,IATF,Crestar,27.4,SECA,0.41,0.0428,1
2.0,0.6672,251,1,83,7.1,BOVINO,Guzerá,IA_CONVENCIONAL,IA_CONVENCIONAL,38.2,CHUVOSA,0.7,0.02,0
5.0,0.5726,186,2,35,5.6,OVINO,Somalis,IA_CONVENCIONAL,IA_CONVENCIONAL,34.6,CHUVOSA,0.7,0.02,1
2.0,0.5726,97,1,62,7.0,OVINO,Somalis,IA_CONVENCIONAL,IA_CONVENCIONAL,21.8,SECA,0.7,0.02,0
4.0,0.5726,176,2,40,5.5,OVINO,Morada Nova,IATF,IATF 7 dias,39.0,SECA,0.7,0.02,1
5.0,0.6672,260,3,99,6.6,BOVINO,Gir,IA_CONVENCIONAL,IA_CONVENCIONAL,36.4,CHUVOSA,0.7,0.02,1
5.0,0.5726,169,0,46,6.3,OVINO,Texel,IA_CONVENCIONAL,IA_CONVENCIONAL,35.5,SECA,0.7,0.02,1
5.0,0.6672,96,2,71,7.3,BOVINO,Sindi,IA_CONVENCIONAL,IA_CONVENCIONAL,29.8,SECA,0.7,0.02,1
3.5,0.93,93,1,89,9.5,OVINO,Morada Nova,IATF,OvSynch,23.6,SECA,0.46,0.0086,1
4.0,0.53,88,3,26,8.4,OVINO,Morada Nova,IATF,Crestar,28.1,CHUVOSA,0.65,0.0394,1
3.5,0.46,75,3,43,9.2,BOVINO,Brahman,IATF,P4+EB 7 dias,27.3,SECA,0.58,0.0216,1
4.0,0.6672,168,0,44,6.6,BOVINO,Girolando,IA_CONVENCIONAL,IA_CONVENCIONAL,22.9,CHUVOSA,0.7,0.02,1
3.0,0.46,27,0,103,4.4,BOVINO,Nelore,IA_CONVENCIONAL,IA_CONVENCIONAL,31.2,CHUVOSA,0.9,0.1425,0
4.0,0.77,84,1,172,7.5,OVINO,Santa Inês,IA_CONVENCIONAL,IA_CONVENCIONAL,32.3,SECA,0.97,0.06,1
3.0,0.6672,197,1,78,7.5,BOVINO,Tabapuã,IATF,Resynch,33.9,SECA,0.7,0.02,1
3.5,0.72,78,4,133,5.8,CAPRINO,Saanen,IATF,Crestar,30.4,CHUVOSA,0.73,0.0172,1
3.0,0.5726,51,1,10,8.4,OVINO,Morada Nova,IATF,P4+BE+PGF,24.7,SECA,0.7,0.02,0
4.0,0.6672,145,2,66,8.6,BOVINO,Sindi,IATF,GnRH+PGF2α,35.9,SECA,0.7,0.02,1
5.0,0.6672,230,4,71,6.2,BOVINO,Brahman,IATF,P4+EB,20.3,SECA,0.7,0.02,0
3.0,0.6259,48,1,46,8.1,CAPRINO,Toggenburg,IATF,P4+EB,33.2,SECA,0.7,0.02,1
3.5,0.66,54,4,60,5.9,BOVINO,Angus,IATF,P4+EB 7 dias,23.8,SECA,0.92,0.0292,1
2.0,0.5726,222,3,92,3.4,OVINO,Somalis,IATF,P4+BE+PGF,37.0,SECA,0.7,0.02,0
4.0,0.6672,130,4,51,6.6,BOVINO,Brahman,IA_CONVENCIONAL,IA_CONVENCIONAL,27.5,CHUVOSA,0.7,0.02,1
4.0,0.6672,168,0,16,4.7,BOVINO,Gir,IA_CONVENCIONAL,IA_CONVENCIONAL,34.6,SECA,0.7,0.02,0
3.5,0.7,97,1,117,8.5,OVINO,Santa Inês,IA_CONVENCIONAL,IA_CONVENCIONAL,30.1,CHUVOSA,0.53,0.06,1
4.0,0.54,91,2,124,4.9,CAPRINO,Anglo-nubiano,IATF,OvSynch,29.1,CHUVOSA,0.76,0.06,1
4.0,0.5726,80,1,24,6.7,OVINO,Bergamácia,IA_CONVENCIONAL,IA_CONVENCIONAL,32.2,CHUVOSA,0.7,0.02,1
4.5,0.53,54,1,175,6.4,CAPRINO,Saanen,IA_CONVENCIONAL,IA_CONVENCIONAL,25.2,SECA,0.9,0.0358,1
4.0,0.6672,226,4,102,6.8,BOVINO,Tabapuã,IA_CONVENCIONAL,IA_CONVENCIONAL,21.8,CHUVOSA,0.7,0.02,1
4.0,0.6259,157,0,73,5.6,CAPRINO,Toggenburg,IATF,GnRH+PGF2α,34.2,SECA,0.7,0.02,0
3.0,0.36,49,4,165,6.0,CAPRINO,Moxotó,IATF,P4+EB 7 dias,37.1,CHUVOSA,0.83,0.06,0
3.5,0.67,86,4,109,7.2,CAPRINO,Anglo-nubiano,IATF,Crestar,27.7,SECA,0.64,0.06,1
4.0,0.5726,169,0,113,6.3,OVINO,Santa Inês,IA_CONVENCIONAL,IA_CONVENCIONAL,32.8,CHUVOSA,0.7,0.02,1
3.5,0.6,85,6,79,10.8,CAPRINO,Moxotó,IATF,Crestar,24.2,SECA,0.75,0.0079,1
2.0,0.6672,134,5,51,5.8,BOVINO,Brahman,IA_CONVENCIONAL,IA_CONVENCIONAL,31.8,SECA,0.7,0.02,1
4.0,0.74,55,6,123,8.5,BOVINO,Brahman,IA_CONVENCIONAL,IA_CONVENCIONAL,27.7,SECA,0.66,0.0356,1
3.5,0.74,85,3,153,7.9,OVINO,Dorper,IATF,CIDR+GnRH,30.8,SECA,0.86,0.06,1
3.0,0.6672,254,1,85,5.5,BOVINO,Gir,IA_CONVENCIONAL,IA_CONVENCIONAL,25.0,SECA,0.7,0.02,1
3.0,0.86,96,0,21,7.9,OVINO,Morada Nova,IATF,P4+EB 7 dias,21.0,CHUVOSA,0.84,0.06,1
3.5,0.62,94,3,138,7.9,CAPRINO,Boer,IATF,CIDR+GnRH,35.0,SECA,0.86,0.0018,1
2.5,0.46,19,5,1,3.1,OVINO,Santa Inês,IA_CONVENCIONAL,IA_CONVENCIONAL,26.6,SECA,0.63,0.0086,0
1.5,0.5,51,1,52,5.8,BOVINO,Gir,IATF,CIDR+GnRH,25.7,CHUVOSA,0.78,0.0528,0
4.5,0.58,34,1,126,1.2,OVINO,Dorper,IA_CONVENCIONAL,IA_CONVENCIONAL,31.7,SECA,0.75,0.06,0
4.0,0.88,78,3,157,10.9,CAPRINO,Anglo-nubiano,IATF,CIDR+GnRH,26.8,CHUVOSA,0.71,0.0142,1
4.0,0.9,61,5,97,8.3,CAPRINO,Moxotó,IA_CONVENCIONAL,IA_CONVENCIONAL,31.3,CHUVOSA,0.87,0.0109,1
3.5,0.66,78,1,103,8.8,OVINO,Morada Nova,IATF,Crestar,25.2,SECA,0.44,0.0187,1
3.5,0.52,64,4,144,9.6,OVINO,Morada Nova,IATF,P4+EB 7 dias,28.7,SECA,0.46,0.0003,1
3.0,0.5726,299,1,16,7.1,OVINO,Somalis,IA_CONVENCIONAL,IA_CONVENCIONAL,32.2,SECA,0.7,0.02,0
4.0,0.6672,107,5,11,6.3,BOVINO,Canchim,IATF,Ovsynch,18.0,SECA,0.7,0.02,1
3.5,0.77,92,6,44,8.1,CAPRINO,Saanen,IATF,OvSynch,22.7,SECA,0.6,0.0025,1
3.0,0.6672,202,4,14,10.3,BOVINO,Brahman,IA_CONVENCIONAL,IA_CONVENCIONAL,27.6,SECA,0.7,0.02,0
3.5,0.77,74,2,71,10.2,CAPRINO,Saanen,IATF,CIDR+GnRH,26.5,CHUVOSA,0.71,0.0152,1
4.0,0.5726,169,0,106,5.9,OVINO,Somalis,IA_CONVENCIONAL,IA_CONVENCIONAL,37.3,CHUVOSA,0.7,0.02,0
3.5,0.7,68,3,136,4.5,BOVINO,Angus,IA_CONVENCIONAL,IA_CONVENCIONAL,24.0,CHUVOSA,0.71,0.007,1
4.0,0.82,78,3,169,11.4,OVINO,Suffolk,IATF,OvSynch,24.0,SECA,0.35,0.0368,1
3.0,0.5726,261,2,91,7.5,OVINO,Bergamácia,IATF,Sem protocolo,28.3,CHUVOSA,0.7,0.02,0
4.0,0.6259,157,0,96,6.8,CAPRINO,Canindé,IA_CONVENCIONAL,IA_CONVENCIONAL,36.6,CHUVOSA,0.7,0.02,0
1.5,0.38,15,0,140,2.4,CAPRINO,Boer,IA_CONVENCIONAL,IA_CONVENCIONAL,21.6,CHUVOSA,0.82,0.0891,0
5.0,0.6672,168,0,18,4.2,BOVINO,Nelore,IATF,Sem protocolo,31.1,CHUVOSA,0.7,0.02,1
4.0,0.87,45,3,99,13.7,OVINO,Suffolk,IATF,OvSynch,30.0,CHUVOSA,0.66,0.06,1
1.5,0.21,15,0,69,7.1,BOVINO,Guzerá,IATF,P4+EB 7 dias,34.5,SECA,0.5,0.0498,0
5.0,0.47,53,0,11,9.0,OVINO,Morada Nova,IA_CONVENCIONAL,IA_CONVENCIONAL,31.9,SECA,0.66,0.0478,0
3.0,0.5726,209,3,74,5.5,OVINO,Santa Inês,IA_CONVENCIONAL,IA_CONVENCIONAL,23.7,SECA,0.7,0.02,0
2.0,0.5726,169,0,47,6.5,OVINO,Santa Inês,IA_CONVENCIONAL,IA_CONVENCIONAL,22.3,CHUVOSA,0.7,0.02,0
1.0,0.5726,169,0,80,5.0,OVINO,Morada Nova,IATF,Cosynch,26.4,CHUVOSA,0.7,0.02,0
3.0,0.69,102,1,125,7.5,OVINO,Somalis Brasileira,IATF,CIDR+GnRH,24.3,CHUVOSA,0.75,0.06,1
2.5,0.38,15,0,109,7.5,BOVINO,Angus,IA_CONVENCIONAL,IA_CONVENCIONAL,28.8,CHUVOSA,0.39,0.0533,0
1.0,0.49,24,3,102,1.2,BOVINO,Tabapuã,IATF,P4+EB 7 dias,31.0,SECA,0.64,0.2422,0
3.0,0.56,42,4,37,5.2,BOVINO,Guzerá,IATF,P4+EB 7 dias,26.5,CHUVOSA,0.83,0.06,0
5.0,0.5,15,2,6,4.6,CAPRINO,Saanen,IATF,CIDR+GnRH,23.1,CHUVOSA,0.79,0.0287,0
4.0,0.72,60,1,119,5.6,OVINO,Somalis Brasileira,IA_CONVENCIONAL,IA_CONVENCIONAL,27.7,SECA,0.92,0.0181,1
4.5,0.53,38,1,154,5.0,OVINO,Somalis Brasileira,IATF,OvSynch,20.3,SECA,0.61,0.06,0
3.0,0.56,66,2,26,5.9,CAPRINO,Saanen,IATF,CIDR+GnRH,23.6,SECA,0.72,0.0097,1
3.5,0.59,92,3,45,6.9,CAPRINO,Moxotó,IATF,Crestar,31.4,CHUVOSA,0.61,0.045,1
3.5,0.69,80,3,138,8.2,BOVINO,Nelore,IATF,OvSynch,18.3,SECA,0.73,0.0556,1
4.0,0.6672,76,2,100,6.8,BOVINO,Canchim,IA_CONVENCIONAL,IA_CONVENCIONAL,22.2,CHUVOSA,0.7,0.02,0
3.5,0.71,61,2,39,10.8,CAPRINO,Anglo-nubiano,IA_CONVENCIONAL,IA_CONVENCIONAL,24.2,SECA,0.74,0.0054,1
3.5,0.84,49,5,90,11.1,OVINO,Dorper,IA_CONVENCIONAL,IA_CONVENCIONAL,27.0,SECA,0.67,0.06,1
1.5,0.33,44,0,120,3.6,OVINO,Suffolk,IA_CONVENCIONAL,IA_CONVENCIONAL,36.4,CHUVOSA,0.58,0.001,0
4.0,0.6672,168,0,61,6.8,BOVINO,Canchim,IA_CONVENCIONAL,IA_CONVENCIONAL,33.8,CHUVOSA,0.7,0.02,0
3.0,0.6259,45,3,99,4.2,CAPRINO,Saanen,IATF,Sem protocolo,32.1,SECA,0.7,0.02,1
4.5,0.78,70,2,150,9.7,CAPRINO,Boer,IATF,CIDR+GnRH,26.1,SECA,0.8,0.06,1
2.0,0.43,40,4,102,4.2,OVINO,Santa Inês,IATF,Crestar,23.0,CHUVOSA,0.25,0.0501,0
3.5,0.51,76,3,178,5.3,BOVINO,Nelore,IATF,Crestar,32.0,SECA,0.75,0.052,0
3.0,0.58,39,1,146,4.1,OVINO,Dorper,IATF,Crestar,21.7,CHUVOSA,0.75,0.1867,0
3.0,0.6259,157,0,75,7.4,CAPRINO,Canindé,IA_CONVENCIONAL,IA_CONVENCIONAL,25.1,SECA,0.7,0.02,0
3.0,0.6672,123,3,37,6.2,BOVINO,Sindi,IA_CONVENCIONAL,IA_CONVENCIONAL,38.2,CHUVOSA,0.7,0.02,1
3.0,0.38,53,0,166,8.3,OVINO,Somalis Brasileira,IATF,OvSynch,29.3,CHUVOSA,0.73,0.0594,0
4.0,0.75,91,3,24,8.0,CAPRINO,Saanen,IATF,CIDR+GnRH,27.3,CHUVOSA,0.79,0.0583,1
3.0,0.79,83,0,52,8.9,CAPRINO,Saanen,IATF,Crestar,30.5,CHUVOSA,0.63,0.0076,1
4.0,0.6672,154,1,29,7.6,BOVINO,Girolando,IATF,Sem protocolo,27.8,CHUVOSA,0.7,0.02,0
3.5,0.91,80,3,38,9.2,CAPRINO,Boer,IATF,CIDR+GnRH,26.0,CHUVOSA,0.65,0.0171,1
3.0,1.0,73,3,46,3.8,BOVINO,Tabapuã,IA_CONVENCIONAL,IA_CONVENCIONAL,27.3,CHUVOSA,0.57,0.0148,1
2.5,0.65,26,1,149,4.9,BOVINO,Simmental,IA_CONVENCIONAL,IA_CONVENCIONAL,19.3,CHUVOSA,0.61,0.0519,0
2.0,0.69,54,2,2,7.2,OVINO,Dorper,IATF,CIDR+GnRH,24.1,CHUVOSA,0.33,0.0139,0
3.5,0.54,59,2,152,12.7,BOVINO,Brahman,IATF,Crestar,26.8,SECA,0.71,0.0006,1
4.0,0.5726,169,0,88,3.7,OVINO,Somalis,IATF,Select Synch,23.4,CHUVOSA,0.7,0.02,0
3.0,0.64,82,4,37,6.3,OVINO,Suffolk,IATF,P4+EB 7 dias,23.3,SECA,0.59,0.06,1
5.0,0.34,51,2,38,4.5,CAPRINO,Saanen,IATF,OvSynch,29.4,CHUVOSA,0.87,0.0469,0
4.0,0.6672,168,0,111,5.3,BOVINO,Nelore,IA_CONVENCIONAL,IA_CONVENCIONAL,32.8,SECA,0.7,0.02,1
3.0,0.6672,168,0,79,4.7,BOVINO,Canchim,IA_CONVENCIONAL,IA_CONVENCIONAL,33.0,SECA,0.7,0.02,1
3.5,0.99,66,1,102,11.6,OVINO,Morada Nova,IATF,Crestar,26.7,SECA,0.98,0.0128,1
3.0,0.6672,148,1,14,6.1,BOVINO,Nelore,IATF,Sem protocolo,39.1,CHUVOSA,0.7,0.02,1
5.0,0.5726,169,0,93,8.3,OVINO,Morada Nova,IA_CONVENCIONAL,IA_CONVENCIONAL,36.4,SECA,0.7,0.02,0
4.0,0.66,62,4,151,5.7,BOVINO,Guzerá,IATF,OvSynch,32.4,SECA,0.89,0.0457,1
3.5,0.51,38,8,2,5.5,OVINO,Dorper,IA_CONVENCIONAL,IA_CONVENCIONAL,25.8,CHUVOSA,0.67,0.0464,0
4.0,0.6672,168,0,78,3.9,BOVINO,Tabapuã,IATF,IATF 7 dias,30.7,CHUVOSA,0.7,0.02,1
4.5,0.48,68,0,173,7.2,BOVINO,Gir,IATF,OvSynch,34.1,CHUVOSA,0.66,0.0066,0
4.0,0.6672,143,3,108,7.2,BOVINO,Sindi,IA_CONVENCIONAL,IA_CONVENCIONAL,21.1,CHUVOSA,0.7,0.02,1
3.5,0.6,70,4,36,5.9,OVINO,Somalis Brasileira,IA_CONVENCIONAL,IA_CONVENCIONAL,30.2,CHUVOSA,0.88,0.0187,1
2.0,0.5726,66,3,9,6.9,OVINO,Bergamácia,IA_CONVENCIONAL,IA_CONVENCIONAL,19.3,CHUVOSA,0.7,0.02,1
4.0,0.6672,168,0,21,7.8,BOVINO,Girolando,IATF,Ovsynch,37.3,SECA,0.7,0.02,1
3.0,0.67,79,1,23,10.2,OVINO,Morada Nova,IA_CONVENCIONAL,IA_CONVENCIONAL,30.9,CHUVOSA,0.97,0.047,1
3.0,0.6672,168,0,36,7.0,BOVINO,Tabapuã,IA_CONVENCIONAL,IA_CONVENCIONAL,24.6,CHUVOSA,0.7,0.02,1
5.0,0.6672,75,1,46,7.5,BOVINO,Guzerá,IA_CONVENCIONAL,IA_CONVENCIONAL,19.2,SECA,0.7,0.02,1
4.0,0.6259,137,1,20,2.8,CAPRINO,Saanen,IATF,Cosynch,26.2,SECA,0.7,0.02,1
2.0,0.35,54,0,147,9.4,BOVINO,Guzerá,IATF,CIDR+GnRH,18.2,CHUVOSA,0.71,0.0006,0
2.0,0.5726,169,0,102,5.5,OVINO,Somalis,IA_CONVENCIONAL,IA_CONVENCIONAL,33.9,SECA,0.7,0.02,1
4.0,0.6259,157,0,17,4.1,CAPRINO,Repartida,IA_CONVENCIONAL,IA_CONVENCIONAL,22.7,SECA,0.7,0.02,0
3.0,0.63,77,3,63,9.2,CAPRINO,Anglo-nubiano,IA_CONVENCIONAL,IA_CONVENCIONAL,24.0,CHUVOSA,0.68,0.06,1
4.0,0.5726,247,3,16,4.9,OVINO,Santa Inês,IA_CONVENCIONAL,IA_CONVENCIONAL,23.3,CHUVOSA,0.7,0.02,1
4.0,0.73,91,2,87,9.9,BOVINO,Nelore,IATF,Crestar,29.0,SECA,0.73,0.0109,1
3.5,0.17,15,1,163,5.6,CAPRINO,Anglo-nubiano,IATF,OvSynch,25.6,SECA,0.38,0.0313,0
3.5,0.8,93,2,27,6.5,CAPRINO,Anglo-nubiano,IATF,OvSynch,33.0,SECA,0.79,0.0333,1
2.5,0.4,79,0,33,3.0,OVINO,Santa Inês,IATF,CIDR+GnRH,28.6,SECA,0.23,0.0069,0
2.5,0.47,45,4,40,2.5,OVINO,Suffolk,IA_CONVENCIONAL,IA_CONVENCIONAL,18.0,CHUVOSA,0.83,0.0572,0
4.5,0.3,23,8,16,2.1,BOVINO,Tabapuã,IA_CONVENCIONAL,IA_CONVENCIONAL,26.1,CHUVOSA,0.8,0.0184,0
4.0,0.76,86,3,49,5.2,BOVINO,Tabapuã,IA_CONVENCIONAL,IA_CONVENCIONAL,28.9,CHUVOSA,0.78,0.019,1
3.5,0.54,104,3,170,8.6,CAPRINO,Anglo-nubiano,IATF,P4+EB 7 dias,28.4,SECA,0.79,0.06,1
4.0,0.5726,169,0,15,7.2,OVINO,Santa Inês,IATF,GnRH+PGF2α,25.1,CHUVOSA,0.7,0.02,0
5.0,0.5726,121,1,107,8.7,OVINO,Texel,IATF,Sem protocolo,18.2,CHUVOSA,0.7,0.02,0
4.0,0.89,69,3,107,5.4,CAPRINO,Moxotó,IATF,Crestar,28.5,CHUVOSA,0.76,0.0082,1
3.0,0.6259,60,1,31,8.6,CAPRINO,Canindé,IA_CONVENCIONAL,IA_CONVENCIONAL,25.0,SECA,0.7,0.02,1
2.0,0.16,37,3,30,4.5,CAPRINO,Boer,IATF,OvSynch,28.6,CHUVOSA,0.76,0.0106,0
3.0,0.25,31,0,17,4.6,BOVINO,Guzerá,IA_CONVENCIONAL,IA_CONVENCIONAL,26.1,CHUVOSA,0.51,0.0027,0
4.0,0.5726,99,1,65,2.8,OVINO,Dorper,IA_CONVENCIONAL,IA_CONVENCIONAL,22.1,CHUVOSA,0.7,0.02,0
3.5,0.74,115,1,101,4.3,OVINO,Dorper,IATF,OvSynch,21.9,SECA,0.9,0.0013,1
3.5,0.7,79,2,94,7.9,OVINO,Somalis Brasileira,IATF,Crestar,28.7,SECA,0.65,0.06,1
3.0,0.5726,93,2,40,4.5,OVINO,Bergamácia,IATF,Cosynch,39.9,SECA,0.7,0.02,1
4.0,0.5726,169,0,47,6.1,OVINO,Santa Inês,IA_CONVENCIONAL,IA_CONVENCIONAL,31.1,SECA,0.7,0.02,0
3.0,0.6672,168,0,35,3.4,BOVINO,Girolando,IATF,Select Synch,37.5,CHUVOSA,0.7,0.02,1
3.5,0.73,90,3,36,8.5,CAPRINO,Anglo-nubiano,IATF,CIDR+GnRH,18.0,SECA,0.74,0.06,1
3.5,0.72,56,4,114,6.9,OVINO,Morada Nova,IATF,CIDR+GnRH,29.3,SECA,0.8,0.0053,1
1.5,0.57,27,1,143,0.0,BOVINO,Gir,IATF,OvSynch,18.0,CHUVOSA,0.33,0.1899,0
4.0,0.6259,48,1,81,5.5,CAPRINO,Toggenburg,IA_CONVENCIONAL,IA_CONVENCIONAL,20.5,CHUVOSA,0.7,0.02,0
5.0,0.6672,41,3,31,4.3,BOVINO,Canchim,IA_CONVENCIONAL,IA_CONVENCIONAL,32.8,SECA,0.7,0.02,0
4.0,0.5726,279,3,15,6.8,OVINO,Bergamácia,IA_CONVENCIONAL,IA_CONVENCIONAL,31.3,SECA,0.7,0.02,1
3.0,0.5726,169,0,90,5.2,OVINO,Santa Inês,IA_CONVENCIONAL,IA_CONVENCIONAL,19.2,SECA,0.7,0.02,1
3.0,0.6259,181,4,101,5.9,CAPRINO,Anglo Nubiana,IATF,Sem protocolo,30.3,SECA,0.7,0.02,1
1.0,0.6672,164,4,13,7.2,BOVINO,Gir,IATF,Resynch,39.3,CHUVOSA,0.7,0.02,1
3.0,0.72,86,4,55,6.2,CAPRINO,Anglo-nubiano,IA_CONVENCIONAL,IA_CONVENCIONAL,22.0,SECA,0.9,0.0089,1
2.0,0.05,30,0,138,2.3,BOVINO,Nelore,IA_CONVENCIONAL,IA_CONVENCIONAL,42.9,CHUVOSA,0.32,0.0203,0
5.0,0.36,57,2,125,5.7,CAPRINO,Boer,IA_CONVENCIONAL,IA_CONVENCIONAL,30.2,CHUVOSA,0.86,0.0312,0
4.0,0.5726,169,0,24,6.3,OVINO,Morada Nova,IATF,P4+BE+PGF,27.5,SECA,0.7,0.02,1
2.5,0.29,53,8,104,9.5,OVINO,Morada Nova,IATF,CIDR+GnRH,25.6,CHUVOSA,0.38,0.06,0
1.0,0.5726,169,0,71,5.4,OVINO,Morada Nova,IA_CONVENCIONAL,IA_CONVENCIONAL,24.8,SECA,0.7,0.02,1
2.5,0.42,34,0,77,4.1,CAPRINO,Saanen,IA_CONVENCIONAL,IA_CONVENCIONAL,36.6,SECA,0.61,0.0206,0
3.0,0.76,80,2,132,7.9,CAPRINO,Boer,IATF,Crestar,22.2,CHUVOSA,0.78,0.0251,1
2.0,0.6672,168,0,6,5.7,BOVINO,Girolando,IATF,Sem protocolo,39.3,CHUVOSA,0.7,0.02,0
5.0,0.5726,169,0,68,3.7,OVINO,Morada Nova,IATF,Cosynch,22.0,SECA,0.7,0.02,1
3.0,0.6672,283,1,92,9.3,BOVINO,Nelore,IATF,Ovsynch,29.7,CHUVOSA,0.7,0.02,1
4.0,0.5726,35,1,105,5.9,OVINO,Morada Nova,IA_CONVENCIONAL,IA_CONVENCIONAL,18.3,CHUVOSA,0.7,0.02,1
4.0,0.6672,168,0,16,7.0,BOVINO,Sindi,IA_CONVENCIONAL,IA_CONVENCIONAL,26.4,CHUVOSA,0.7,0.02,1
4.0,0.5726,201,3,70,6.3,OVINO,Dorper,IA_CONVENCIONAL,IA_CONVENCIONAL,30.9,SECA,0.7,0.02,0
3.0,0.6672,93,3,16,6.0,BOVINO,Nelore,IATF,Select Synch,39.3,CHUVOSA,0.7,0.02,1
3.0,0.68,112,1,162,7.7,BOVINO,Angus,IATF,Crestar,23.7,SECA,0.43,0.0477,1
4.0,0.6672,168,0,51,7.3,BOVINO,Sindi,IA_CONVENCIONAL,IA_CONVENCIONAL,35.5,CHUVOSA,0.7,0.02,1
2.5,0.38,29,7,23,6.6,CAPRINO,Moxotó,IATF,Crestar,24.3,CHUVOSA,0.6,0.0344,0
3.0,0.5726,85,1,94,6.6,OVINO,Dorper,IATF,Ovsynch,31.3,SECA,0.7,0.02,1
2.0,0.6,41,4,109,7.0,OVINO,Santa Inês,IATF,CIDR+GnRH,26.4,CHUVOSA,0.21,0.0395,0
4.0,0.6672,168,0,116,8.7,BOVINO,Canchim,IATF,GnRH+PGF2α,25.6,SECA,0.7,0.02,1
3.0,0.6672,200,2,21,7.6,BOVINO,Sindi,IATF,P4+BE+PGF,22.8,SECA,0.7,0.02,1
4.0,0.6259,294,1,40,6.1,CAPRINO,Moxotó,IA_CONVENCIONAL,IA_CONVENCIONAL,33.6,SECA,0.7,0.02,0
2.0,0.27,55,7,57,0.0,BOVINO,Nelore,IATF,OvSynch,28.3,CHUVOSA,0.58,0.06,0
4.0,0.5726,169,0,80,8.0,OVINO,Morada Nova,IA_CONVENCIONAL,IA_CONVENCIONAL,21.1,SECA,0.7,0.02,1
2.0,0.43,35,0,28,6.4,BOVINO,Simmental,IA_CONVENCIONAL,IA_CONVENCIONAL,24.3,SECA,0.69,0.06,0
3.5,0.75,55,3,163,6.3,BOVINO,Nelore,IATF,Crestar,27.3,CHUVOSA,0.72,0.0552,1
5.0,0.6672,196,3,20,5.9,BOVINO,Tabapuã,IATF,Ovsynch,39.5,CHUVOSA,0.7,0.02,1
2.0,0.6672,168,0,14,6.9,BOVINO,Gir,IA_CONVENCIONAL,IA_CONVENCIONAL,30.6,CHUVOSA,0.7,0.02,0
5.0,0.6672,95,1,66,4.1,BOVINO,Guzerá,IATF,Ovsynch,31.5,CHUVOSA,0.7,0.02,1
3.5,0.45,83,2,136,9.6,OVINO,Santa Inês,IATF,P4+EB 7 dias,28.0,CHUVOSA,0.76,0.001,1
3.0,0.78,77,4,76,9.1,OVINO,Santa Inês,IATF,Crestar,27.5,SECA,0.83,0.0091,1
4.0,0.6672,168,0,68,7.6,BOVINO,Guzerá,IATF,P4+BE+PGF,35.3,CHUVOSA,0.7,0.02,1
3.0,0.6259,244,3,77,3.9,CAPRINO,Canindé,IA_CONVENCIONAL,IA_CONVENCIONAL,25.3,SECA,0.7,0.02,1
5.0,0.6259,157,0,24,3.2,CAPRINO,Boer,IA_CONVENCIONAL,IA_CONVENCIONAL,23.2,SECA,0.7,0.02,1
2.0,0.7,43,3,57,4.8,BOVINO,Gir,IATF,OvSynch,21.0,CHUVOSA,0.42,0.0193,0
3.5,0.84,103,6,77,10.8,CAPRINO,Boer,IATF,OvSynch,21.9,CHUVOSA,0.67,0.0106,1
5.0,0.5726,169,0,82,7.9,OVINO,Santa Inês,IATF,Sem protocolo,34.9,CHUVOSA,0.7,0.02,0
5.0,0.6672,178,2,101,4.1,BOVINO,Tabapuã,IATF,Select Synch,24.4,SECA,0.7,0.02,1
3.0,0.6259,157,0,81,4.1,CAPRINO,Anglo Nubiana,IA_CONVENCIONAL,IA_CONVENCIONAL,26.3,SECA,0.7,0.02,0
4.0,0.5726,105,3,119,4.1,OVINO,Morada Nova,IA_CONVENCIONAL,IA_CONVENCIONAL,20.5,SECA,0.7,0.02,0
2.0,0.47,40,0,58,2.0,BOVINO,Simmental,IATF,Crestar,30.5,CHUVOSA,0.21,0.1832,0
4.0,0.5726,169,0,79,4.7,OVINO,Santa Inês,IA_CONVENCIONAL,IA_CONVENCIONAL,28.6,CHUVOSA,0.7,0.02,1
3.0,0.6672,34,2,120,7.0,BOVINO,Girolando,IA_CONVENCIONAL,IA_CONVENCIONAL,35.7,SECA,0.7,0.02,1
4.0,0.6259,35,2,20,4.2,CAPRINO,Repartida,IA_CONVENCIONAL,IA_CONVENCIONAL,20.6,SECA,0.7,0.02,0
4.0,0.85,67,3,27,7.2,OVINO,Somalis Brasileira,IA_CONVENCIONAL,IA_CONVENCIONAL,32.4,SECA,0.7,0.0239,1
4.0,0.5726,31,2,58,5.0,OVINO,Bergamácia,IA_CONVENCIONAL,IA_CONVENCIONAL,34.5,SECA,0.7,0.02,0
3.0,0.75,109,2,74,7.5,OVINO,Santa Inês,IATF,OvSynch,18.3,CHUVOSA,0.67,0.06,1
3.0,0.5726,160,2,82,4.6,OVINO,Texel,IA_CONVENCIONAL,IA_CONVENCIONAL,34.4,SECA,0.7,0.02,0
3.0,0.6672,40,4,101,7.1,BOVINO,Gir,IA_CONVENCIONAL,IA_CONVENCIONAL,33.9,CHUVOSA,0.7,0.02,1
2.0,0.66,40,0,19,5.1,BOVINO,Gir,IA_CONVENCIONAL,IA_CONVENCIONAL,32.4,CHUVOSA,0.71,0.06,0
3.0,0.6672,43,3,85,6.5,BOVINO,Guzerá,IA_CONVENCIONAL,IA_CONVENCIONAL,27.6,CHUVOSA,0.7,0.02,0
4.0,0.6672,101,1,29,9.5,BOVINO,Tabapuã,IA_CONVENCIONAL,IA_CONVENCIONAL,30.2,CHUVOSA,0.7,0.02,1
3.0,0.6259,74,5,52,6.2,CAPRINO,Boer,IATF,Resynch,20.0,CHUVOSA,0.7,0.02,0
4.0,0.6259,280,5,115,1.7,CAPRINO,Canindé,IATF,Sem protocolo,21.3,SECA,0.7,0.02,1
2.0,0.6672,168,0,74,5.4,BOVINO,Canchim,IA_CONVENCIONAL,IA_CONVENCIONAL,35.5,SECA,0.7,0.02,0
2.0,0.43,73,4,14,1.6,OVINO,Suffolk,IATF,CIDR+GnRH,29.3,CHUVOSA,0.24,0.0275,0
1.0,0.5726,169,0,119,5.2,OVINO,Somalis,IATF,Resynch,29.9,CHUVOSA,0.7,0.02,0
4.0,0.5726,56,2,94,4.0,OVINO,Bergamácia,IA_CONVENCIONAL,IA_CONVENCIONAL,23.9,CHUVOSA,0.7,0.02,1
2.0,0.6259,150,6,56,5.0,CAPRINO,Anglo Nubiana,IATF,Sem protocolo,20.6,CHUVOSA,0.7,0.02,0
2.0,0.46,82,7,147,6.3,BOVINO,Brahman,IA_CONVENCIONAL,IA_CONVENCIONAL,31.1,SECA,0.41,0.0347,0
2.0,0.6672,200,1,66,6.2,BOVINO,Canchim,IA_CONVENCIONAL,IA_CONVENCIONAL,21.4,CHUVOSA,0.7,0.02,1
2.0,0.6672,60,2,16,7.9,BOVINO,Guzerá,IA_CONVENCIONAL,IA_CONVENCIONAL,20.6,CHUVOSA,0.7,0.02,0
3.5,0.8,62,2,105,7.7,BOVINO,Gir,IATF,CIDR+GnRH,18.0,SECA,0.87,0.0233,1
4.0,0.6672,270,2,57,5.4,BOVINO,Canchim,IA_CONVENCIONAL,IA_CONVENCIONAL,33.9,CHUVOSA,0.7,0.02,1
5.0,0.6259,279,1,46,6.7,CAPRINO,Canindé,IA_CONVENCIONAL,IA_CONVENCIONAL,30.8,CHUVOSA,0.7,0.02,1
3.0,0.6672,168,0,84,6.2,BOVINO,Girolando,IA_CONVENCIONAL,IA_CONVENCIONAL,19.2,CHUVOSA,0.7,0.02,1
4.0,0.5726,169,0,23,5.2,OVINO,Dorper,IATF,Resynch,18.4,CHUVOSA,0.7,0.02,1
4.0,0.63,70,2,100,11.7,OVINO,Suffolk,IATF,OvSynch,22.5,CHUVOSA,0.61,0.0106,1
3.0,0.6672,63,2,7,6.0,BOVINO,Canchim,IA_CONVENCIONAL,IA_CONVENCIONAL,19.2,CHUVOSA,0.7,0.02,1
1.5,0.53,73,0,8,3.1,BOVINO,Brahman,IATF,CIDR+GnRH,19.0,CHUVOSA,0.78,0.06,0
5.0,0.51,15,1,58,5.2,CAPRINO,Moxotó,IATF,OvSynch,24.2,CHUVOSA,0.77,0.0004,0
2.5,0.35,40,1,62,3.2,OVINO,Morada Nova,IA_CONVENCIONAL,IA_CONVENCIONAL,25.8,CHUVOSA,0.74,0.0004,0
4.0,0.6259,279,1,10,4.7,CAPRINO,Moxotó,IATF,Resynch,29.1,CHUVOSA,0.7,0.02,1
4.0,0.6672,247,1,37,8.9,BOVINO,Guzerá,IATF,P4+EB,37.4,SECA,0.7,0.02,1
3.0,0.7,65,4,175,6.9,BOVINO,Tabapuã,IATF,CIDR+GnRH,22.1,SECA,0.58,0.0287,1
3.0,0.5726,203,1,74,5.9,OVINO,Somalis,IA_CONVENCIONAL,IA_CONVENCIONAL,19.0,SECA,0.7,0.02,0
2.0,0.41,25,3,8,3.2,BOVINO,Nelore,IATF,CIDR+GnRH,27.4,SECA,0.48,0.06,0
4.0,0.51,78,2,59,7.8,OVINO,Somalis Brasileira,IATF,P4+EB 7 dias,28.7,SECA,0.52,0.0258,1
3.5,0.62,83,3,155,10.4,BOVINO,Nelore,IA_CONVENCIONAL,IA_CONVENCIONAL,33.3,SECA,0.39,0.06,1
3.0,1.0,62,3,38,6.3,BOVINO,Brahman,IA_CONVENCIONAL,IA_CONVENCIONAL,25.9,CHUVOSA,0.66,0.0174,1
3.5,0.55,64,3,131,8.0,BOVINO,Brahman,IATF,CIDR+GnRH,24.3,SECA,0.83,0.0052,1
2.5,0.62,110,0,77,6.6,OVINO,Santa Inês,IATF,Crestar,27.8,CHUVOSA,0.89,0.0282,1
4.0,0.5726,169,0,21,5.6,OVINO,Santa Inês,IA_CONVENCIONAL,IA_CONVENCIONAL,25.4,SECA,0.7,0.02,1
3.0,0.6672,278,1,28,10.9,BOVINO,Canchim,IA_CONVENCIONAL,IA_CONVENCIONAL,35.6,CHUVOSA,0.7,0.02,1
5.0,0.6672,197,4,118,3.8,BOVINO,Canchim,IA_CONVENCIONAL,IA_CONVENCIONAL,33.9,SECA,0.7,0.02,1
3.0,0.6672,168,0,55,6.7,BOVINO,Brahman,IA_CONVENCIONAL,IA_CONVENCIONAL,28.3,CHUVOSA,0.7,0.02,0
4.0,0.6672,109,1,115,7.7,BOVINO,Guzerá,IA_CONVENCIONAL,IA_CONVENCIONAL,30.6,SECA,0.7,0.02,1
3.0,0.5726,245,3,38,6.9,OVINO,Santa Inês,IATF,Select Synch,34.9,SECA,0.7,0.02,1
4.0,0.74,96,1,87,9.0,CAPRINO,Anglo-nubiano,IA_CONVENCIONAL,IA_CONVENCIONAL,23.8,CHUVOSA,0.39,0.05,1
5.0,0.6672,88,3,15,7.1,BOVINO,Gir,IA_CONVENCIONAL,IA_CONVENCIONAL,32.7,SECA,0.7,0.02,1
3.0,0.6672,239,2,38,6.5,BOVINO,Sindi,IATF,Ovsynch,18.4,SECA,0.7,0.02,0
4.0,0.76,50,1,128,6.6,OVINO,Dorper,IATF,OvSynch,30.5,SECA,0.67,0.0096,1
3.0,0.6672,168,0,93,6.3,BOVINO,Brahman,IA_CONVENCIONAL,IA_CONVENCIONAL,35.6,SECA,0.7,0.02,0
2.0,0.5726,169,0,105,4.7,OVINO,Dorper,IA_CONVENCIONAL,IA_CONVENCIONAL,20.4,CHUVOSA,0.7,0.02,0
4.5,0.76,86,4,153,3.2,OVINO,Somalis Brasileira,IA_CONVENCIONAL,IA_CONVENCIONAL,27.9,CHUVOSA,0.54,0.0077,1
3.0,0.83,85,2,42,9.4,BOVINO,Guzerá,IA_CONVENCIONAL,IA_CONVENCIONAL,24.6,SECA,0.47,0.0319,1
5.0,0.6259,118,1,58,4.0,CAPRINO,Toggenburg,IATF,P4+EB,20.2,CHUVOSA,0.7,0.02,1
3.5,0.68,109,2,109,9.2,OVINO,Santa Inês,IATF,CIDR+GnRH,27.1,CHUVOSA,0.91,0.0453,1
5.0,0.6672,152,1,12,5.5,BOVINO,Girolando,IATF,P4+EB,32.2,SECA,0.7,0.02,0
2.5,0.47,42,2,16,0.0,CAPRINO,Moxotó,IATF,P4+EB 7 dias,29.8,SECA,0.76,0.0266,0
3.0,0.5726,214,5,38,6.4,OVINO,Dorper,IA_CONVENCIONAL,IA_CONVENCIONAL,23.8,SECA,0.7,0.02,1
2.0,0.6672,131,3,15,6.2,BOVINO,Girolando,IATF,GnRH+PGF2α,29.6,CHUVOSA,0.7,0.02,1
3.0,0.6672,168,0,59,9.6,BOVINO,Tabapuã,IATF,Sem protocolo,28.0,CHUVOSA,0.7,0.02,1
3.5,0.59,52,1,51,10.5,CAPRINO,Saanen,IA_CONVENCIONAL,IA_CONVENCIONAL,21.9,SECA,0.9,0.0291,1
5.0,0.5726,234,1,22,4.7,OVINO,Morada Nova,IA_CONVENCIONAL,IA_CONVENCIONAL,39.1,CHUVOSA,0.7,0.02,1
5.0,0.6672,166,5,13,7.5,BOVINO,Canchim,IATF,Ovsynch,27.9,CHUVOSA,0.7,0.02,1
4.0,0.6259,157,0,92,4.1,CAPRINO,Boer,IA_CONVENCIONAL,IA_CONVENCIONAL,37.8,SECA,0.7,0.02,0
3.0,0.82,115,1,91,9.3,OVINO,Santa Inês,IA_CONVENCIONAL,IA_CONVENCIONAL,19.8,SECA,0.78,0.0275,1
3.5,0.63,76,4,164,9.0,OVINO,Somalis Brasileira,IATF,Crestar,25.0,SECA,0.72,0.06,1
4.0,0.71,90,1,99,7.4,CAPRINO,Anglo-nubiano,IA_CONVENCIONAL,IA_CONVENCIONAL,24.4,SECA,0.82,0.0219,1
2.5,0.5,68,3,67,6.3,BOVINO,Brahman,IATF,CIDR+GnRH,28.5,CHUVOSA,0.84,0.234,0
4.0,0.74,73,3,134,9.5,OVINO,Dorper,IATF,CIDR+GnRH,26.9,SECA,0.85,0.0466,1
4.0,0.6672,168,0,55,4.3,BOVINO,Brahman,IA_CONVENCIONAL,IA_CONVENCIONAL,22.0,CHUVOSA,0.7,0.02,1
3.0,0.6672,168,0,101,6.9,BOVINO,Gir,IATF,Sem protocolo,32.7,CHUVOSA,0.7,0.02,1
4.0,0.65,92,2,66,8.3,OVINO,Suffolk,IATF,Crestar,29.9,SECA,0.81,0.0251,1
3.0,0.63,56,1,103,10.6,CAPRINO,Boer,IATF,P4+EB 7 dias,28.8,CHUVOSA,0.54,0.0097,1
1.0,0.6672,110,1,24,8.2,BOVINO,Girolando,IA_CONVENCIONAL,IA_CONVENCIONAL,31.0,SECA,0.7,0.02,0
5.0,0.57,68,0,147,6.4,CAPRINO,Moxotó,IA_CONVENCIONAL,IA_CONVENCIONAL,24.1,CHUVOSA,0.71,0.06,0
3.0,0.6672,168,0,17,6.7,BOVINO,Brahman,IA_CONVENCIONAL,IA_CONVENCIONAL,32.5,SECA,0.7,0.02,0
4.0,0.6672,168,0,89,5.9,BOVINO,Girolando,IA_CONVENCIONAL,IA_CONVENCIONAL,23.1,CHUVOSA,0.7,0.02,1
5.0,0.6672,168,0,55,7.8,BOVINO,Canchim,IATF,Cosynch,20.2,SECA,0.7,0.02,1
2.0,0.5726,169,0,84,5.7,OVINO,Santa Inês,IATF,P4+BE+PGF,31.9,SECA,0.7,0.02,1
5.0,0.6672,296,1,106,7.5,BOVINO,Canchim,IA_CONVENCIONAL,IA_CONVENCIONAL,23.2,SECA,0.7,0.02,0
4.0,0.6259,157,0,34,3.1,CAPRINO,Repartida,IA_CONVENCIONAL,IA_CONVENCIONAL,39.6,SECA,0.7,0.02,1
4.0,0.6672,168,0,70,6.1,BOVINO,Nelore,IA_CONVENCIONAL,IA_CONVENCIONAL,37.5,SECA,0.7,0.02,1
3.0,0.6672,168,0,55,4.9,BOVINO,Guzerá,IA_CONVENCIONAL,IA_CONVENCIONAL,30.9,CHUVOSA,0.7,0.02,1
4.0,0.6672,168,0,76,5.8,BOVINO,Canchim,IA_CONVENCIONAL,IA_CONVENCIONAL,28.2,CHUVOSA,0.7,0.02,1
4.0,0.5726,169,0,19,5.8,OVINO,Dorper,IATF,P4+BE+PGF,24.2,SECA,0.7,0.02,1
3.0,0.5726,38,1,70,6.3,OVINO,Morada Nova,IA_CONVENCIONAL,IA_CONVENCIONAL,35.1,CHUVOSA,0.7,0.02,0
4.0,0.6672,168,0,103,7.1,BOVINO,Nelore,IA_CONVENCIONAL,IA_CONVENCIONAL,26.3,SECA,0.7,0.02,1
2.5,0.39,45,0,4,7.3,CAPRINO,Saanen,IA_CONVENCIONAL,IA_CONVENCIONAL,28.3,CHUVOSA,0.9,0.06,0
3.5,0.82,78,2,96,5.7,OVINO,Somalis Brasileira,IATF,Crestar,33.9,SECA,0.67,0.0018,1
4.0,0.6672,165,2,116,5.9,BOVINO,Girolando,IA_CONVENCIONAL,IA_CONVENCIONAL,29.7,SECA,0.7,0.02,0
4.0,0.6672,168,0,115,8.9,BOVINO,Tabapuã,IATF,Cosynch,36.4,SECA,0.7,0.02,1
5.0,0.6672,168,0,66,5.6,BOVINO,Girolando,IATF,Ovsynch,30.6,SECA,0.7,0.02,1
3.5,0.74,82,3,20,10.0,CAPRINO,Moxotó,IATF,CIDR+GnRH,29.7,CHUVOSA,0.71,0.0063,1
3.0,0.22,40,1,22,6.1,CAPRINO,Anglo-nubiano,IATF,Crestar,26.1,CHUVOSA,0.7,0.0034,0
3.5,0.58,67,2,54,7.4,OVINO,Suffolk,IATF,Crestar,24.7,CHUVOSA,0.85,0.0519,1
4.0,0.6672,168,0,18,8.9,BOVINO,Nelore,IATF,Ovsynch,33.0,CHUVOSA,0.7,0.02,1
3.0,0.5726,169,0,88,4.8,OVINO,Dorper,IA_CONVENCIONAL,IA_CONVENCIONAL,20.4,CHUVOSA,0.7,0.02,1
4.0,0.6672,131,3,9,5.2,BOVINO,Tabapuã,IA_CONVENCIONAL,IA_CONVENCIONAL,31.0,CHUVOSA,0.7,0.02,1
3.0,0.6672,168,0,68,5.6,BOVINO,Nelore,IATF,P4+BE+PGF,24.1,CHUVOSA,0.7,0.02,0
4.0,0.75,64,5,114,8.7,BOVINO,Gir,IATF,Crestar,32.1,SECA,0.76,0.0082,1
2.0,0.38,50,1,104,0.9,CAPRINO,Boer,IATF,CIDR+GnRH,25.9,SECA,0.61,0.0188,0
3.0,0.67,71,3,31,6.7,OVINO,Suffolk,IA_CONVENCIONAL,IA_CONVENCIONAL,31.6,CHUVOSA,0.68,0.0077,1
3.0,0.79,64,3,134,7.6,OVINO,Somalis Brasileira,IATF,CIDR+GnRH,27.6,SECA,0.67,0.0222,1
3.0,0.6672,168,0,22,7.1,BOVINO,Girolando,IA_CONVENCIONAL,IA_CONVENCIONAL,35.6,SECA,0.7,0.02,0
4.0,0.6672,131,5,36,4.8,BOVINO,Nelore,IA_CONVENCIONAL,IA_CONVENCIONAL,38.3,CHUVOSA,0.7,0.02,1
2.5,0.2,56,8,79,5.6,CAPRINO,Saanen,IATF,OvSynch,33.2,CHUVOSA,0.66,0.0101,0
3.5,0.65,72,3,144,10.8,BOVINO,Gir,IATF,CIDR+GnRH,28.1,SECA,0.49,0.06,1
3.5,0.76,69,3,106,7.2,BOVINO,Simmental,IATF,OvSynch,26.9,SECA,0.49,0.0493,1
3.0,0.74,57,0,39,11.0,OVINO,Suffolk,IATF,Crestar,24.8,CHUVOSA,0.8,0.0397,1
4.5,0.31,33,0,127,2.8,BOVINO,Nelore,IATF,Crestar,22.6,CHUVOSA,0.28,0.0497,0
3.0,0.5726,103,1,46,8.0,OVINO,Somalis,IA_CONVENCIONAL,IA_CONVENCIONAL,35.3,SECA,0.7,0.02,1
3.5,0.69,52,2,124,9.3,CAPRINO,Boer,IATF,P4+EB 7 dias,25.5,SECA,0.88,0.0362,1
3.0,0.6672,168,0,49,8.8,BOVINO,Nelore,IATF,P4+BE+PGF,24.6,SECA,0.7,0.02,0
3.5,0.52,91,0,53,7.3,CAPRINO,Moxotó,IATF,OvSynch,27.5,SECA,0.83,0.0157,1
3.0,0.6672,175,1,26,5.4,BOVINO,Sindi,IA_CONVENCIONAL,IA_CONVENCIONAL,20.6,CHUVOSA,0.7,0.02,0
4.0,0.6672,261,2,82,5.9,BOVINO,Sindi,IATF,GnRH+PGF2α,35.7,CHUVOSA,0.7,0.02,1
4.0,0.6259,157,0,95,10.3,CAPRINO,Canindé,IATF,P4+BE+PGF,34.8,CHUVOSA,0.7,0.02,1
3.5,0.56,86,2,152,7.7,OVINO,Morada Nova,IATF,CIDR+GnRH,22.3,CHUVOSA,0.68,0.06,1
2.0,0.6672,168,0,73,7.0,BOVINO,Canchim,IA_CONVENCIONAL,IA_CONVENCIONAL,19.2,SECA,0.7,0.02,1
4.0,0.5726,169,0,111,6.8,OVINO,Morada Nova,IA_CONVENCIONAL,IA_CONVENCIONAL,39.6,CHUVOSA,0.7,0.02,1
4.0,0.8,58,1,118,8.3,OVINO,Suffolk,IA_CONVENCIONAL,IA_CONVENCIONAL,27.5,CHUVOSA,0.73,0.0114,1
3.0,0.11,31,0,170,3.4,OVINO,Dorper,IA_CONVENCIONAL,IA_CONVENCIONAL,34.2,SECA,0.73,0.0886,0
3.0,0.6672,168,0,50,5.4,BOVINO,Nelore,IA_CONVENCIONAL,IA_CONVENCIONAL,30.8,SECA,0.7,0.02,1
2.0,0.41,44,8,174,4.1,BOVINO,Nelore,IATF,OvSynch,27.2,SECA,0.86,0.0102,0
2.0,0.6259,187,2,47,3.8,CAPRINO,Canindé,IA_CONVENCIONAL,IA_CONVENCIONAL,18.9,SECA,0.7,0.02,1
4.0,0.6259,157,0,120,3.9,CAPRINO,Anglo Nubiana,IATF,Ovsynch,20.2,SECA,0.7,0.02,1
4.0,0.5726,42,2,71,3.7,OVINO,Texel,IA_CONVENCIONAL,IA_CONVENCIONAL,36.1,SECA,0.7,0.02,1
3.0,0.6672,168,0,9,3.8,BOVINO,Girolando,IATF,P4+BE+PGF,31.1,SECA,0.7,0.02,1
3.5,0.94,103,1,98,8.9,BOVINO,Brahman,IATF,OvSynch,26.6,SECA,0.95,0.0118,1
2.0,0.5726,169,0,14,7.3,OVINO,Morada Nova,IA_CONVENCIONAL,IA_CONVENCIONAL,32.1,SECA,0.7,0.02,0
3.5,0.69,79,2,128,6.3,BOVINO,Brahman,IATF,P4+EB 7 dias,22.1,CHUVOSA,0.8,0.0538,1
4.0,0.6672,67,1,78,7.3,BOVINO,Girolando,IATF,Resynch,21.1,CHUVOSA,0.7,0.02,1
4.0,0.64,113,2,82,7.4,BOVINO,Guzerá,IATF,Crestar,25.6,CHUVOSA,0.46,0.0334,1
4.0,0.6672,95,2,46,6.8,BOVINO,Tabapuã,IA_CONVENCIONAL,IA_CONVENCIONAL,34.5,SECA,0.7,0.02,1
2.0,0.47,40,3,72,5.6,CAPRINO,Boer,IATF,P4+EB 7 dias,33.4,SECA,0.66,0.06,0
5.0,0.6672,246,1,14,5.2,BOVINO,Gir,IATF,Sem protocolo,38.2,CHUVOSA,0.7,0.02,0
3.0,0.6259,157,0,59,6.7,CAPRINO,Canindé,IA_CONVENCIONAL,IA_CONVENCIONAL,33.2,SECA,0.7,0.02,1
3.0,0.89,89,0,43,5.9,CAPRINO,Saanen,IA_CONVENCIONAL,IA_CONVENCIONAL,27.0,SECA,0.95,0.0377,1
2.0,0.6672,168,0,49,5.8,BOVINO,Sindi,IA_CONVENCIONAL,IA_CONVENCIONAL,24.9,SECA,0.7,0.02,1
4.0,0.89,70,5,62,9.4,BOVINO,Simmental,IATF,OvSynch,27.7,CHUVOSA,0.6,0.06,1
3.0,0.6259,223,1,22,6.6,CAPRINO,Moxotó,IATF,Cosynch,39.8,CHUVOSA,0.7,0.02,1
3.5,0.69,80,0,18,5.2,CAPRINO,Boer,IATF,P4+EB 7 dias,29.9,SECA,0.82,0.06,1
4.0,0.81,90,1,78,6.9,BOVINO,Angus,IA_CONVENCIONAL,IA_CONVENCIONAL,26.5,SECA,0.79,0.0348,1
3.0,0.6,88,2,54,9.7,BOVINO,Guzerá,IA_CONVENCIONAL,IA_CONVENCIONAL,28.1,CHUVOSA,0.78,0.0003,1
4.0,0.5726,169,0,83,6.7,OVINO,Bergamácia,IA_CONVENCIONAL,IA_CONVENCIONAL,22.9,SECA,0.7,0.02,1
2.5,0.28,62,5,126,2.2,OVINO,Morada Nova,IA_CONVENCIONAL,IA_CONVENCIONAL,37.0,CHUVOSA,0.25,0.1375,0
2.0,0.5726,169,0,119,5.7,OVINO,Santa Inês,IA_CONVENCIONAL,IA_CONVENCIONAL,36.6,SECA,0.7,0.02,1
3.0,0.35,52,0,141,3.0,OVINO,Morada Nova,IATF,P4+EB 7 dias,27.3,SECA,0.15,0.0104,0
4.5,0.81,85,1,94,9.0,CAPRINO,Boer,IATF,P4+EB 7 dias,27.7,SECA,0.9,0.024,1
4.0,0.66,59,3,75,11.5,OVINO,Dorper,IA_CONVENCIONAL,IA_CONVENCIONAL,27.1,CHUVOSA,0.37,0.0164,1
2.0,0.53,15,0,107,5.1,BOVINO,Simmental,IATF,P4+EB 7 dias,20.7,CHUVOSA,0.99,0.1241,0
3.0,0.5726,169,0,16,6.0,OVINO,Morada Nova,IATF,GnRH+PGF2α,25.5,SECA,0.7,0.02,1
3.5,0.84,105,3,70,7.2,CAPRINO,Anglo-nubiano,IA_CONVENCIONAL,IA_CONVENCIONAL,29.9,SECA,0.79,0.0122,1
2.0,0.45,37,0,67,4.3,CAPRINO,Moxotó,IA_CONVENCIONAL,IA_CONVENCIONAL,32.8,CHUVOSA,0.86,0.0253,0
3.0,0.75,92,3,152,10.0,BOVINO,Gir,IATF,Crestar,26.1,CHUVOSA,0.78,0.06,1
3.0,0.75,99,2,19,7.4,OVINO,Morada Nova,IATF,Crestar,24.1,CHUVOSA,0.79,0.013,1
3.0,0.5726,169,0,92,5.4,OVINO,Texel,IA_CONVENCIONAL,IA_CONVENCIONAL,31.0,SECA,0.7,0.02,0
4.0,0.62,101,3,36,7.4,CAPRINO,Anglo-nubiano,IATF,Crestar,20.5,SECA,0.64,0.06,1
4.0,0.6259,157,0,116,6.4,CAPRINO,Anglo Nubiana,IATF,Cosynch,19.6,CHUVOSA,0.7,0.02,0
3.5,0.8,51,4,141,6.1,BOVINO,Simmental,IATF,P4+EB 7 dias,26.6,SECA,0.9,0.002,1
3.5,0.27,27,0,21,3.4,BOVINO,Gir,IA_CONVENCIONAL,IA_CONVENCIONAL,31.2,SECA,0.16,0.0137,0
4.0,0.6672,168,0,27,6.9,BOVINO,Gir,IA_CONVENCIONAL,IA_CONVENCIONAL,23.8,CHUVOSA,0.7,0.02,0
3.0,0.5726,147,3,94,7.3,OVINO,Morada Nova,IA_CONVENCIONAL,IA_CONVENCIONAL,35.9,SECA,0.7,0.02,1
2.0,0.14,30,2,113,5.2,OVINO,Dorper,IATF,OvSynch,32.1,SECA,0.62,0.06,0
3.0,0.6672,186,1,59,7.0,BOVINO,Brahman,IATF,Sem protocolo,37.6,CHUVOSA,0.7,0.02,1
2.0,0.5,37,0,130,4.8,CAPRINO,Saanen,IATF,P4+EB 7 dias,28.7,CHUVOSA,0.31,0.0318,0
3.5,0.99,105,2,176,9.5,CAPRINO,Moxotó,IATF,Crestar,23.6,CHUVOSA,0.71,0.0116,1
4.0,0.6672,168,0,16,5.8,BOVINO,Girolando,IATF,Resynch,24.8,CHUVOSA,0.7,0.02,1
2.0,0.6672,271,2,103,7.0,BOVINO,Canchim,IATF,Sem protocolo,22.6,SECA,0.7,0.02,0
5.0,0.5726,38,1,38,4.1,OVINO,Dorper,IATF,P4+BE+PGF,30.2,CHUVOSA,0.7,0.02,0
3.5,0.47,45,4,177,6.8,BOVINO,Guzerá,IATF,Crestar,20.4,SECA,0.7,0.0099,1
2.0,0.3,31,7,134,4.3,OVINO,Dorper,IATF,OvSynch,26.7,SECA,0.5,0.0338,0
4.0,0.6672,78,1,64,6.3,BOVINO,Gir,IATF,Sem protocolo,32.5,CHUVOSA,0.7,0.02,1
2.0,0.6672,168,0,89,7.5,BOVINO,Sindi,IA_CONVENCIONAL,IA_CONVENCIONAL,20.4,CHUVOSA,0.7,0.02,0
4.0,0.6259,157,0,91,5.0,CAPRINO,Boer,IA_CONVENCIONAL,IA_CONVENCIONAL,20.8,SECA,0.7,0.02,1
3.0,0.6672,252,1,40,7.4,BOVINO,Sindi,IA_CONVENCIONAL,IA_CONVENCIONAL,27.3,SECA,0.7,0.02,1
2.0,0.6259,157,0,61,7.3,CAPRINO,Anglo Nubiana,IATF,P4+EB,22.3,CHUVOSA,0.7,0.02,0
2.5,0.44,50,2,3,3.5,BOVINO,Tabapuã,IA_CONVENCIONAL,IA_CONVENCIONAL,29.0,CHUVOSA,0.68,0.018,0
4.0,0.6259,81,2,80,6.5,CAPRINO,Canindé,IA_CONVENCIONAL,IA_CONVENCIONAL,28.8,CHUVOSA,0.7,0.02,1
1.0,0.5726,83,1,68,7.5,OVINO,Santa Inês,IATF,GnRH+PGF2α,34.5,SECA,0.7,0.02,0
2.0,0.18,34,2,15,2.7,OVINO,Dorper,IA_CONVENCIONAL,IA_CONVENCIONAL,29.3,CHUVOSA,0.51,0.0582,0
3.0,0.5726,47,1,46,7.7,OVINO,Texel,IA_CONVENCIONAL,IA_CONVENCIONAL,24.8,SECA,0.7,0.02,1
3.0,0.65,64,3,88,5.3,CAPRINO,Anglo-nubiano,IATF,Crestar,24.9,SECA,0.63,0.0241,1
2.0,0.6259,246,1,46,7.0,CAPRINO,Toggenburg,IATF,Sem protocolo,27.7,CHUVOSA,0.7,0.02,1
3.0,0.6259,157,0,25,3.6,CAPRINO,Canindé,IA_CONVENCIONAL,IA_CONVENCIONAL,36.4,SECA,0.7,0.02,0
4.0,0.78,80,4,162,9.8,OVINO,Suffolk,IA_CONVENCIONAL,IA_CONVENCIONAL,35.0,SECA,0.75,0.0377,1
4.0,0.6672,142,4,42,5.2,BOVINO,Canchim,IATF,Ovsynch,33.6,CHUVOSA,0.7,0.02,1
2.0,0.44,58,0,164,5.6,CAPRINO,Boer,IATF,P4+EB 7 dias,35.5,SECA,0.84,0.06,0
2.0,0.6672,203,2,45,3.8,BOVINO,Brahman,IATF,P4+BE+PGF,28.1,CHUVOSA,0.7,0.02,1
4.5,0.97,71,1,142,7.5,OVINO,Morada Nova,IATF,CIDR+GnRH,27.0,SECA,0.92,0.06,1
3.5,0.91,88,4,56,6.8,BOVINO,Gir,IATF,Crestar,25.1,CHUVOSA,0.76,0.0247,1
1.0,0.6672,252,3,101,10.1,BOVINO,Sindi,IA_CONVENCIONAL,IA_CONVENCIONAL,25.2,CHUVOSA,0.7,0.02,0
4.0,0.63,109,2,140,7.5,CAPRINO,Boer,IA_CONVENCIONAL,IA_CONVENCIONAL,28.9,SECA,0.26,0.0132,1
3.0,0.6259,184,5,69,6.3,CAPRINO,Saanen,IA_CONVENCIONAL,IA_CONVENCIONAL,39.3,CHUVOSA,0.7,0.02,0
3.0,0.5726,102,4,21,8.4,OVINO,Texel,IATF,P4+EB,21.0,SECA,0.7,0.02,1
4.0,0.76,68,2,126,5.9,CAPRINO,Moxotó,IATF,P4+EB 7 dias,28.2,SECA,0.49,0.0329,1
4.0,0.65,99,2,103,4.6,BOVINO,Brahman,IATF,Crestar,22.9,CHUVOSA,0.64,0.047,1
4.5,0.66,28,7,173,0.6,OVINO,Somalis Brasileira,IA_CONVENCIONAL,IA_CONVENCIONAL,23.1,CHUVOSA,0.73,0.06,0
4.0,0.5726,169,0,13,5.7,OVINO,Morada Nova,IA_CONVENCIONAL,IA_CONVENCIONAL,39.3,CHUVOSA,0.7,0.02,0
3.5,0.91,66,5,151,6.4,BOVINO,Guzerá,IATF,P4+EB 7 dias,26.1,SECA,0.7,0.0162,1
3.5,0.55,70,2,70,10.6,BOVINO,Simmental,IATF,CIDR+GnRH,28.9,CHUVOSA,0.81,0.0152,1
3.5,0.47,60,0,112,3.9,CAPRINO,Moxotó,IATF,CIDR+GnRH,37.5,SECA,0.57,0.0468,0
3.0,0.5726,169,0,55,2.6,OVINO,Dorper,IATF,P4+EB,34.7,CHUVOSA,0.7,0.02,1
4.5,0.54,34,1,45,5.1,CAPRINO,Anglo-nubiano,IATF,OvSynch,31.8,CHUVOSA,0.63,0.002,0
4.0,0.69,57,6,47,11.7,CAPRINO,Saanen,IA_CONVENCIONAL,IA_CONVENCIONAL,21.8,CHUVOSA,0.79,0.06,1
4.0,0.5726,89,1,46,7.9,OVINO,Bergamácia,IA_CONVENCIONAL,IA_CONVENCIONAL,34.1,CHUVOSA,0.7,0.02,1
3.0,0.6672,173,3,33,8.0,BOVINO,Nelore,IA_CONVENCIONAL,IA_CONVENCIONAL,33.8,SECA,0.7,0.02,1
2.0,0.5726,103,1,26,5.8,OVINO,Santa Inês,IA_CONVENCIONAL,IA_CONVENCIONAL,28.5,CHUVOSA,0.7,0.02,1
4.0,0.83,87,2,29,7.3,OVINO,Santa Inês,IATF,OvSynch,26.1,SECA,0.96,0.06,1
3.0,0.6672,204,1,74,5.3,BOVINO,Nelore,IA_CONVENCIONAL,IA_CONVENCIONAL,33.0,SECA,0.7,0.02,0
2.0,0.26,56,5,25,7.0,BOVINO,Gir,IATF,P4+EB 7 dias,37.3,SECA,0.48,0.0769,0
3.0,0.6259,157,0,53,4.2,CAPRINO,Saanen,IA_CONVENCIONAL,IA_CONVENCIONAL,38.3,SECA,0.7,0.02,0
4.0,0.6672,168,0,21,5.9,BOVINO,Guzerá,IA_CONVENCIONAL,IA_CONVENCIONAL,37.4,CHUVOSA,0.7,0.02,0
5.0,0.34,45,7,70,0.2,BOVINO,Brahman,IATF,P4+EB 7 dias,29.6,SECA,0.57,0.0105,0
5.0,0.46,23,5,135,4.4,CAPRINO,Anglo-nubiano,IA_CONVENCIONAL,IA_CONVENCIONAL,29.3,CHUVOSA,0.55,0.0031,0
4.0,0.87,97,6,103,8.2,BOVINO,Tabapuã,IATF,P4+EB 7 dias,22.4,SECA,0.73,0.0018,1
4.0,0.6259,55,3,25,5.4,CAPRINO,Moxotó,IA_CONVENCIONAL,IA_CONVENCIONAL,30.4,SECA,0.7,0.02,1
4.0,0.6672,280,3,106,8.2,BOVINO,Canchim,IA_CONVENCIONAL,IA_CONVENCIONAL,23.1,CHUVOSA,0.7,0.02,1
4.0,0.63,83,3,127,4.5,CAPRINO,Anglo-nubiano,IA_CONVENCIONAL,IA_CONVENCIONAL,29.2,CHUVOSA,0.97,0.0353,1
2.0,0.13,25,0,104,7.5,CAPRINO,Moxotó,IATF,CIDR+GnRH,23.6,CHUVOSA,0.43,0.0179,0
2.0,0.39,29,8,62,0.0,CAPRINO,Anglo-nubiano,IA_CONVENCIONAL,IA_CONVENCIONAL,34.0,CHUVOSA,0.92,0.06,0
3.5,0.6,81,0,24,6.8,OVINO,Morada Nova,IATF,P4+EB 7 dias,32.9,SECA,0.75,0.043,1
